date,type,description,amount,date_ocr_fixed,page,source_url
2026-07-17,purchase,"MIAMI DADE CNTY FL AVIATION REV RFDG SER A B/E PTC 5.00 % Due Oct 1, 2031","$1,000,001 - $5,000,000",True,2,https://extapps2.oge.gov/201/Presiden.nsf/PAS+Index/E590116FC9631E9885258E7A002DE209/$FILE/Donald-J-Trump-09.8.2026-278T.pdf
2026-07-22,purchase,"ST LOUIS CNTY MO SCH DIST 101 AFFTON 2017 A B/E MDDP 5.00 % Due Mar 1, 2036","$1,000,001 - $5,000,000",False,2,https://extapps2.oge.gov/201/Presiden.nsf/PAS+Index/E590116FC9631E9885258E7A002DE209/$FILE/Donald-J-Trump-09.8.2026-278T.pdf
2026-07-07,purchase,MIAMI DADE CNTY FL AVIATION REV RFDG SER A B/E PTC 5.00 % Due Oct 1. 2032,"$1,000,001 - $5,000,000",False,2,https://extapps2.oge.gov/201/Presiden.nsf/PAS+Index/E590116FC9631E9885258E7A002DE209/$FILE/Donald-J-Trump-09.8.2026-278T.pdf
2026-07-08,purchase,"MAIN STR NAT GAS INC GA GAS SPLY REV SER A B/E 4.00 % Due Jul 1, 2052","$1,000,001 - $5,000,000",True,2,https://extapps2.oge.gov/201/Presiden.nsf/PAS+Index/E590116FC9631E9885258E7A002DE209/$FILE/Donald-J-Trump-09.8.2026-278T.pdf
2026-07-16,purchase,"HARRIS CNTY TX MUD 82 AGM B/E 5.75 % Due Oct 1, 2027","$500,001 - $1,000,000",False,2,https://extapps2.oge.gov/201/Presiden.nsf/PAS+Index/E590116FC9631E9885258E7A002DE209/$FILE/Donald-J-Trump-09.8.2026-278T.pdf
2026-07-16,purchase,"NORTON CNTY KS UNI SCH DIST 211 SCH BLDG 2015 AGI B/E B/Q 2.75 % Due Seo 1, 2027","$500,001 - $1,000,000",False,2,https://extapps2.oge.gov/201/Presiden.nsf/PAS+Index/E590116FC9631E9885258E7A002DE209/$FILE/Donald-J-Trump-09.8.2026-278T.pdf
2026-07-09,purchase,"NEW MEXICO ST HOSP EQUIP LN COUNCIL REV SYS PRESBYTERIAN HCA B/E 5.00 % Due Auo 1, 2027","$250,001 - $500,000",False,2,https://extapps2.oge.gov/201/Presiden.nsf/PAS+Index/E590116FC9631E9885258E7A002DE209/$FILE/Donald-J-Trump-09.8.2026-278T.pdf
2026-07-17,purchase,"CLARK CNTY NV SCH DIST BLDG SER B B/E 5.00 % Due Jun 15, 2027","$250,001 - $500,000",False,2,https://extapps2.oge.gov/201/Presiden.nsf/PAS+Index/E590116FC9631E9885258E7A002DE209/$FILE/Donald-J-Trump-09.8.2026-278T.pdf
2026-07-09,purchase,"RANDALL TOWN WI PROM NT SER A B/E B/Q 5.00 % Due Mav 1, 2027","$250,001 - $500,000",False,2,https://extapps2.oge.gov/201/Presiden.nsf/PAS+Index/E590116FC9631E9885258E7A002DE209/$FILE/Donald-J-Trump-09.8.2026-278T.pdf
2026-07-16,purchase,"BROWN CNTY IN SCHS 2023 B/E B/Q CR ENH 5.00 % Due Jul 15, 2027","$250,001 - $500,000",False,2,https://extapps2.oge.gov/201/Presiden.nsf/PAS+Index/E590116FC9631E9885258E7A002DE209/$FILE/Donald-J-Trump-09.8.2026-278T.pdf
2026-07-17,purchase,"WE-ST VIRGINIA ST HSG DEVMLTIFAM HSG REV BECKLEY PRESVTN LLC B/E PTC5.00 % DueAua 1, 2027","$250,001 - $500,000",False,2,https://extapps2.oge.gov/201/Presiden.nsf/PAS+Index/E590116FC9631E9885258E7A002DE209/$FILE/Donald-J-Trump-09.8.2026-278T.pdf
2026-07-17,purchase,"FLAGLER - CNTY-FL SCH CT ' F ~ P ARTN RFDG COPS 2024 REV B/E CR ENH 5.00 % Due Aua 1, 2027","$250,001 - $500,000",False,2,https://extapps2.oge.gov/201/Presiden.nsf/PAS+Index/E590116FC9631E9885258E7A002DE209/$FILE/Donald-J-Trump-09.8.2026-278T.pdf
2026-07-09,purchase,"S RKVIL:.LE MS WTR & svm'REV COMB SYS 2026 B/E CR ENH 5.00 % Due Mar 1, 2027","$100,001 - $250,000",False,2,https://extapps2.oge.gov/201/Presiden.nsf/PAS+Index/E590116FC9631E9885258E7A002DE209/$FILE/Donald-J-Trump-09.8.2026-278T.pdf
2026-07-16,purchase,"DECATUR GA HSG AUTH MLTIFAM HSG REV PHILIPS TWR PJ B/E PTC 3.25 % Due Seo 1, 2028","$100,001 - $250,000",False,2,https://extapps2.oge.gov/201/Presiden.nsf/PAS+Index/E590116FC9631E9885258E7A002DE209/$FILE/Donald-J-Trump-09.8.2026-278T.pdf
2026-07-17,purchase,"LIMESTONE CNTY AL WTR & SWR AUTH WTR REV BAM B/E 5.00 % Due Dec 1, 2045","$100,001 - $250,000",False,2,https://extapps2.oge.gov/201/Presiden.nsf/PAS+Index/E590116FC9631E9885258E7A002DE209/$FILE/Donald-J-Trump-09.8.2026-278T.pdf
2026-07-09,purchase,"WESTERN WI TECH CLLG DIST PROM NT SER C B/E PTC 2.00 % Due Apr 1, 2027","$100,001 - $250,000",False,2,https://extapps2.oge.gov/201/Presiden.nsf/PAS+Index/E590116FC9631E9885258E7A002DE209/$FILE/Donald-J-Trump-09.8.2026-278T.pdf
2026-07-16,purchase,"SOUTH CAROLINA ST HSG FIN & DEV AUTH MTG REV 2022A B/E 5.00 % Due Jan 1, 2027","$100,001 - $250,000",False,2,https://extapps2.oge.gov/201/Presiden.nsf/PAS+Index/E590116FC9631E9885258E7A002DE209/$FILE/Donald-J-Trump-09.8.2026-278T.pdf
2026-07-16,purchase,"COLORADO HLTH FACS AUTH REV RFDG EVANGELICAL LUTHERAN PJ B/E PTC 5.00 % Due Jun 1, 2042","$100,001 - $250,000",False,2,https://extapps2.oge.gov/201/Presiden.nsf/PAS+Index/E590116FC9631E9885258E7A002DE209/$FILE/Donald-J-Trump-09.8.2026-278T.pdf
2026-07-16,purchase,"FRANKFORT IN HIGH SCH ELEM BLDG CORP RFDG 1ST MTG REV B/E ST INTRCPT 5.00 % Due Jan 15, 2027","$100,001 - $250,000",False,2,https://extapps2.oge.gov/201/Presiden.nsf/PAS+Index/E590116FC9631E9885258E7A002DE209/$FILE/Donald-J-Trump-09.8.2026-278T.pdf
2026-07-09,purchase,"LONGMONT CO ENTRPRS WSTWTR REV B/E OID@/98.815 3.46% 3.375 % Due Nov 1, 2034","$100,001 - $250,000",False,2,https://extapps2.oge.gov/201/Presiden.nsf/PAS+Index/E590116FC9631E9885258E7A002DE209/$FILE/Donald-J-Trump-09.8.2026-278T.pdf
2026-07-17,purchase,"NEW YORK CITY TR REV CULTURAL RES RFDG MUSEUM MODERN ART 1 E B/E PTC 4.00 % Due Anr 1, 2030","$100,001 - $250,000",False,2,https://extapps2.oge.gov/201/Presiden.nsf/PAS+Index/E590116FC9631E9885258E7A002DE209/$FILE/Donald-J-Trump-09.8.2026-278T.pdf
2026-07-17,purchase,"ALABAMA FEDL AID HWY FIN AUTH SPL OBLIG REV SER A B/E PTC 5.00 % Due Seo 1, 2035","$100,001 - $250,000",False,2,https://extapps2.oge.gov/201/Presiden.nsf/PAS+Index/E590116FC9631E9885258E7A002DE209/$FILE/Donald-J-Trump-09.8.2026-278T.pdf
2026-07-17,purchase,"CUMBERLAND VALLEY PA SCH DIST SERB AGM B/E 5.00 % Due Nov 15, 2026","$100,001 - $250,000",False,2,https://extapps2.oge.gov/201/Presiden.nsf/PAS+Index/E590116FC9631E9885258E7A002DE209/$FILE/Donald-J-Trump-09.8.2026-278T.pdf
2026-07-01,purchase,"MEMPHIS TN GENL IMPT RFDG B/E 4.00 % Due May 1, 2035","$100,001 - $250,000",False,2,https://extapps2.oge.gov/201/Presiden.nsf/PAS+Index/E590116FC9631E9885258E7A002DE209/$FILE/Donald-J-Trump-09.8.2026-278T.pdf
2026-07-16,purchase,"SPRINGTOWN TX INDPT SCH DIST BLDG 2025 B/E PSF GTD 5.00 % Due Feb 15, 2027","$100,001 - $250,000",False,2,https://extapps2.oge.gov/201/Presiden.nsf/PAS+Index/E590116FC9631E9885258E7A002DE209/$FILE/Donald-J-Trump-09.8.2026-278T.pdf
2026-07-17,purchase,"CARVER CNTY MN CMNTY DEV AGY GOVTI. RFDG WINDSTONE 2021A B/E B/Q 3.00 % Due Feb 1, 2027","$100,001 - $250,000",False,2,https://extapps2.oge.gov/201/Presiden.nsf/PAS+Index/E590116FC9631E9885258E7A002DE209/$FILE/Donald-J-Trump-09.8.2026-278T.pdf
2026-07-09,purchase,"FOSSIL RIDGE MET DIST 3 CO IMPT 2025 DB BAM B/E 5.00 % Due Dec 1, 2026","$100,001 - $250,000",False,2,https://extapps2.oge.gov/201/Presiden.nsf/PAS+Index/E590116FC9631E9885258E7A002DE209/$FILE/Donald-J-Trump-09.8.2026-278T.pdf
2026-07-09,purchase,"MAIN STR NAT GAS INC GA GAS SPLY REV SERC B/E GTD CITIGROUP INC4.00 % Due Dec 1, 2026","$100,001 - $250,000",False,2,https://extapps2.oge.gov/201/Presiden.nsf/PAS+Index/E590116FC9631E9885258E7A002DE209/$FILE/Donald-J-Trump-09.8.2026-278T.pdf
2026-07-17,purchase,"MICHIGAN FIN AUTH REV RFDG CLEAN WTR RVLVNG FD SERB B/E PTC 5.00 % Due Oct 1, 2027","$100,001 - $250,000",False,2,https://extapps2.oge.gov/201/Presiden.nsf/PAS+Index/E590116FC9631E9885258E7A002DE209/$FILE/Donald-J-Trump-09.8.2026-278T.pdf
2026-07-17,purchase,"FREEDOM WI PROM NT B/E B/Q 5.00 % Due Aor 1, 2027","$100,001 - $250,000",False,2,https://extapps2.oge.gov/201/Presiden.nsf/PAS+Index/E590116FC9631E9885258E7A002DE209/$FILE/Donald-J-Trump-09.8.2026-278T.pdf
2026-07-17,purchase,"CODINGTON CNTY S D 2025 SO B/E 5.00 % Due Dec 1, 2026","$50,001 - $100,000",False,2,https://extapps2.oge.gov/201/Presiden.nsf/PAS+Index/E590116FC9631E9885258E7A002DE209/$FILE/Donald-J-Trump-09.8.2026-278T.pdf
2026-07-09,purchase,"CLINTON IA CAP LN NT SER A AGM B/E B/Q 4.00 % Due Jun 1, 2027","$50,001 - $100,000",False,2,https://extapps2.oge.gov/201/Presiden.nsf/PAS+Index/E590116FC9631E9885258E7A002DE209/$FILE/Donald-J-Trump-09.8.2026-278T.pdf
2026-07-17,purchase,"BOERNE TX INDPT SCH DIST RFDG B/E PSF GTD 5.00 % Due Feb 1, 2027","$50,001 - $100,000",False,2,https://extapps2.oge.gov/201/Presiden.nsf/PAS+Index/E590116FC9631E9885258E7A002DE209/$FILE/Donald-J-Trump-09.8.2026-278T.pdf
2026-07-17,purchase,"PITTSBURGH & ALLEGHENY CNTY PA SPORTS & EXHIB AUTH REV AGM B/E 5.00 % Due Feb 1, 2027","$50,001 - $100,000",False,3,https://extapps2.oge.gov/201/Presiden.nsf/PAS+Index/E590116FC9631E9885258E7A002DE209/$FILE/Donald-J-Trump-09.8.2026-278T.pdf
2026-07-09,purchase,"PEARLAND TX CTF OBLIG SER C DB B/E 5.00 % Due Sep 1, 2026","$50,001 - $100,000",False,3,https://extapps2.oge.gov/201/Presiden.nsf/PAS+Index/E590116FC9631E9885258E7A002DE209/$FILE/Donald-J-Trump-09.8.2026-278T.pdf
2026-07-09,purchase,"ALACHUA CNTY FL HLTH FAC REV RFDG SHANDS TEACHING HOSP & CLINICS B1 B/E 5.00 % Due Dec 1, 2026","$50,001 - $100,000",False,3,https://extapps2.oge.gov/201/Presiden.nsf/PAS+Index/E590116FC9631E9885258E7A002DE209/$FILE/Donald-J-Trump-09.8.2026-278T.pdf
2026-07-09,purchase,"BURKE CNTY GA DEV AUTH POLLTN CTL REV GA PWR CO PLANT VOGTLE PJ B/E 3.375 % Due Nov 1, 2048","$50,001 - $100,000",False,3,https://extapps2.oge.gov/201/Presiden.nsf/PAS+Index/E590116FC9631E9885258E7A002DE209/$FILE/Donald-J-Trump-09.8.2026-278T.pdf
2026-07-17,purchase,"NORTH TAMA CNTY IA CMNTY SCH DIST 2024 BAM B/E B/Q CR ENH 5.00 % Due Jun 1, 2027","$50,001 - $100,000",False,3,https://extapps2.oge.gov/201/Presiden.nsf/PAS+Index/E590116FC9631E9885258E7A002DE209/$FILE/Donald-J-Trump-09.8.2026-278T.pdf
2026-07-16,purchase,"BREVARD CNTY FL HSG FIN AUTH MLTIFAM HSG REV EMERALD PLACE APTS B/E 3.30 % Due Feb 1, 2028","$50,001 - $100,000",False,3,https://extapps2.oge.gov/201/Presiden.nsf/PAS+Index/E590116FC9631E9885258E7A002DE209/$FILE/Donald-J-Trump-09.8.2026-278T.pdf
2026-07-09,purchase,"ARIZONA IDA NATL CHTR SCH REVLVG SR EQUITABLE SCH FD SER A B/E 5.00 % Due Nov 1, 2026","$50,001 - $100,000",False,3,https://extapps2.oge.gov/201/Presiden.nsf/PAS+Index/E590116FC9631E9885258E7A002DE209/$FILE/Donald-J-Trump-09.8.2026-278T.pdf
2026-07-17,purchase,"GAINESVILLE & HALL CNTY GA HOSP REV ANTIC CTF NRTHEST HLTH SERB B/E 5.00 % Due Feb 15, 2027","$50,001 - $100,000",False,3,https://extapps2.oge.gov/201/Presiden.nsf/PAS+Index/E590116FC9631E9885258E7A002DE209/$FILE/Donald-J-Trump-09.8.2026-278T.pdf
2026-07-07,purchase,"BERKS CNTY PA SER A B/E 4.00 % Due Nov 15, 2029","$50,001 - $100,000",False,3,https://extapps2.oge.gov/201/Presiden.nsf/PAS+Index/E590116FC9631E9885258E7A002DE209/$FILE/Donald-J-Trump-09.8.2026-278T.pdf
2026-07-16,purchase,"EAST ALCINE MGMT DIST TX SALES TAX REV RFDG AGM B/E PTC 4.00 % Due Feb 15, 2027","$50,001 - $100,000",False,3,https://extapps2.oge.gov/201/Presiden.nsf/PAS+Index/E590116FC9631E9885258E7A002DE209/$FILE/Donald-J-Trump-09.8.2026-278T.pdf
2026-07-17,purchase,"MINNEAPOLIS & ST PAUL MN HSG & REDEV AUTH HLTH CARE REV RFDG SER A B/E 5.00 % Due Nov 15, 2026","$15,001 - $50,000",False,3,https://extapps2.oge.gov/201/Presiden.nsf/PAS+Index/E590116FC9631E9885258E7A002DE209/$FILE/Donald-J-Trump-09.8.2026-278T.pdf
2026-07-17,purchase,"CYPRESS FAIRBANKS TX INDPT SCH DIST BLDG PSF GTD SER A B/E 5.00 % Due Feb 15, 2027","$15,001 - $50,000",False,3,https://extapps2.oge.gov/201/Presiden.nsf/PAS+Index/E590116FC9631E9885258E7A002DE209/$FILE/Donald-J-Trump-09.8.2026-278T.pdf
2026-07-10,purchase,SPACE EXPLORATION TECHNOLOGIES CORP CL A,"$15,001 - $50,000",False,3,https://extapps2.oge.gov/201/Presiden.nsf/PAS+Index/E590116FC9631E9885258E7A002DE209/$FILE/Donald-J-Trump-09.8.2026-278T.pdf
2026-07-17,purchase,AUTOMATIC DATA PROCESSING INC,"$15,001 - $50,000",False,3,https://extapps2.oge.gov/201/Presiden.nsf/PAS+Index/E590116FC9631E9885258E7A002DE209/$FILE/Donald-J-Trump-09.8.2026-278T.pdf
2026-07-17,purchase,INTUITIVE SURGICAL INC,"$15,001 - $50,000",False,3,https://extapps2.oge.gov/201/Presiden.nsf/PAS+Index/E590116FC9631E9885258E7A002DE209/$FILE/Donald-J-Trump-09.8.2026-278T.pdf
2026-07-17,purchase,COMCAST CORP CL A,"$15,001 - $50,000",False,3,https://extapps2.oge.gov/201/Presiden.nsf/PAS+Index/E590116FC9631E9885258E7A002DE209/$FILE/Donald-J-Trump-09.8.2026-278T.pdf
2026-07-17,purchase,PALANTIR TECHNOLOGIES INC CL A,"$15,001 - $50,000",False,3,https://extapps2.oge.gov/201/Presiden.nsf/PAS+Index/E590116FC9631E9885258E7A002DE209/$FILE/Donald-J-Trump-09.8.2026-278T.pdf
2026-07-17,purchase,INSMED INC PAR $.01,"$15,001 - $50,000",False,3,https://extapps2.oge.gov/201/Presiden.nsf/PAS+Index/E590116FC9631E9885258E7A002DE209/$FILE/Donald-J-Trump-09.8.2026-278T.pdf
2026-07-17,purchase,ALNYLAM PHARMACEUTICALS INC,"$1,001 - $15,000",False,3,https://extapps2.oge.gov/201/Presiden.nsf/PAS+Index/E590116FC9631E9885258E7A002DE209/$FILE/Donald-J-Trump-09.8.2026-278T.pdf
2026-07-17,purchase,COMCAST CORP CL A,"$1,001 - $15,000",False,3,https://extapps2.oge.gov/201/Presiden.nsf/PAS+Index/E590116FC9631E9885258E7A002DE209/$FILE/Donald-J-Trump-09.8.2026-278T.pdf
2026-07-17,purchase,ENTEGRIS INC,"$1,001 - $15,000",False,3,https://extapps2.oge.gov/201/Presiden.nsf/PAS+Index/E590116FC9631E9885258E7A002DE209/$FILE/Donald-J-Trump-09.8.2026-278T.pdf
2026-07-17,purchase,NETFLIXINC,"$1,001 - $15,000",False,3,https://extapps2.oge.gov/201/Presiden.nsf/PAS+Index/E590116FC9631E9885258E7A002DE209/$FILE/Donald-J-Trump-09.8.2026-278T.pdf
2026-07-17,purchase,COPARTINC,"$1,001 - $15,000",False,3,https://extapps2.oge.gov/201/Presiden.nsf/PAS+Index/E590116FC9631E9885258E7A002DE209/$FILE/Donald-J-Trump-09.8.2026-278T.pdf
2026-07-17,purchase,APPLOVIN CORP CL A,"$1,001 - $15,000",False,3,https://extapps2.oge.gov/201/Presiden.nsf/PAS+Index/E590116FC9631E9885258E7A002DE209/$FILE/Donald-J-Trump-09.8.2026-278T.pdf
2026-07-17,purchase,CROWDSTRIKE HOLDINGS INC CL A,"$1,001 - $15,000",False,3,https://extapps2.oge.gov/201/Presiden.nsf/PAS+Index/E590116FC9631E9885258E7A002DE209/$FILE/Donald-J-Trump-09.8.2026-278T.pdf
2026-07-17,purchase,COGNIZANT TECHNOLOGY SOLUTIONS CORP CL A,"$1,001 - $15,000",False,3,https://extapps2.oge.gov/201/Presiden.nsf/PAS+Index/E590116FC9631E9885258E7A002DE209/$FILE/Donald-J-Trump-09.8.2026-278T.pdf
2026-07-17,purchase,ARES MANAGEMENT CORP CL A,"$1,001 - $15,000",False,3,https://extapps2.oge.gov/201/Presiden.nsf/PAS+Index/E590116FC9631E9885258E7A002DE209/$FILE/Donald-J-Trump-09.8.2026-278T.pdf
2026-07-17,purchase,APPLIED MATERIALS INC,"$1,001 - $15,000",False,3,https://extapps2.oge.gov/201/Presiden.nsf/PAS+Index/E590116FC9631E9885258E7A002DE209/$FILE/Donald-J-Trump-09.8.2026-278T.pdf
2026-07-17,purchase,TRUIST FINANCIAL CORP,"$1,001 - $15,000",False,3,https://extapps2.oge.gov/201/Presiden.nsf/PAS+Index/E590116FC9631E9885258E7A002DE209/$FILE/Donald-J-Trump-09.8.2026-278T.pdf
2026-07-17,purchase,PHILIP MORRIS INTL INC,"$1,001 - $15,000",False,3,https://extapps2.oge.gov/201/Presiden.nsf/PAS+Index/E590116FC9631E9885258E7A002DE209/$FILE/Donald-J-Trump-09.8.2026-278T.pdf
2026-07-17,purchase,ACCENTURE PLC IRELAND CL A,"$1,001 - $15,000",False,3,https://extapps2.oge.gov/201/Presiden.nsf/PAS+Index/E590116FC9631E9885258E7A002DE209/$FILE/Donald-J-Trump-09.8.2026-278T.pdf
2026-07-17,purchase,REGENERON PHARMACEUTICALS INC,"$1,001 - $15,000",False,3,https://extapps2.oge.gov/201/Presiden.nsf/PAS+Index/E590116FC9631E9885258E7A002DE209/$FILE/Donald-J-Trump-09.8.2026-278T.pdf
2026-07-17,purchase,KEURIG DR PEPPER INC,"$1,001 - $15,000",False,3,https://extapps2.oge.gov/201/Presiden.nsf/PAS+Index/E590116FC9631E9885258E7A002DE209/$FILE/Donald-J-Trump-09.8.2026-278T.pdf
2026-07-17,purchase,NATERA INC,"$1,001 - $15,000",False,4,https://extapps2.oge.gov/201/Presiden.nsf/PAS+Index/E590116FC9631E9885258E7A002DE209/$FILE/Donald-J-Trump-09.8.2026-278T.pdf
2026-07-17,purchase,DEXCOMINC,"$1,001 - $15,000",False,4,https://extapps2.oge.gov/201/Presiden.nsf/PAS+Index/E590116FC9631E9885258E7A002DE209/$FILE/Donald-J-Trump-09.8.2026-278T.pdf
2026-07-17,purchase,MCCORMICK & CO INC NON VOTING,"$1,001 - $15,000",False,4,https://extapps2.oge.gov/201/Presiden.nsf/PAS+Index/E590116FC9631E9885258E7A002DE209/$FILE/Donald-J-Trump-09.8.2026-278T.pdf
2026-07-17,purchase,MONGODB INC CL A,"$1,001 - $15,000",False,4,https://extapps2.oge.gov/201/Presiden.nsf/PAS+Index/E590116FC9631E9885258E7A002DE209/$FILE/Donald-J-Trump-09.8.2026-278T.pdf
2026-07-17,purchase,GENERAL MILLS INC,"$1,001 - $15,000",False,4,https://extapps2.oge.gov/201/Presiden.nsf/PAS+Index/E590116FC9631E9885258E7A002DE209/$FILE/Donald-J-Trump-09.8.2026-278T.pdf
2026-07-17,purchase,OATADOG INC CL A,"$1,001 - $15,000",False,4,https://extapps2.oge.gov/201/Presiden.nsf/PAS+Index/E590116FC9631E9885258E7A002DE209/$FILE/Donald-J-Trump-09.8.2026-278T.pdf
2026-07-17,purchase,CONSTELLATION BRANDS INC CL A,"$1,001 - $15,000",False,4,https://extapps2.oge.gov/201/Presiden.nsf/PAS+Index/E590116FC9631E9885258E7A002DE209/$FILE/Donald-J-Trump-09.8.2026-278T.pdf
2026-07-17,purchase,CEREBRAS SYSTEMS INC CL A,"$1,001 - $15,000",False,4,https://extapps2.oge.gov/201/Presiden.nsf/PAS+Index/E590116FC9631E9885258E7A002DE209/$FILE/Donald-J-Trump-09.8.2026-278T.pdf
2026-07-17,purchase,FIDELITY NATIONAL INFORMATION SERVICES INC,"$1,001 - $15,000",False,4,https://extapps2.oge.gov/201/Presiden.nsf/PAS+Index/E590116FC9631E9885258E7A002DE209/$FILE/Donald-J-Trump-09.8.2026-278T.pdf
2026-07-17,purchase,REVOLUTION MEDICINES INC,"$1,001 - $15,000",False,4,https://extapps2.oge.gov/201/Presiden.nsf/PAS+Index/E590116FC9631E9885258E7A002DE209/$FILE/Donald-J-Trump-09.8.2026-278T.pdf
2026-07-17,purchase,n AT&T INC,"$1,001 - $15,000",False,4,https://extapps2.oge.gov/201/Presiden.nsf/PAS+Index/E590116FC9631E9885258E7A002DE209/$FILE/Donald-J-Trump-09.8.2026-278T.pdf
2026-07-17,purchase,AMAZON.COM INC,"$1,001 - $15,000",False,4,https://extapps2.oge.gov/201/Presiden.nsf/PAS+Index/E590116FC9631E9885258E7A002DE209/$FILE/Donald-J-Trump-09.8.2026-278T.pdf
2026-07-17,purchase,AST SPACEMOBILE INC CL A,"$1,001 - $15,000",False,4,https://extapps2.oge.gov/201/Presiden.nsf/PAS+Index/E590116FC9631E9885258E7A002DE209/$FILE/Donald-J-Trump-09.8.2026-278T.pdf
2026-07-17,purchase,ALPHABET INC CL A,"$1,001 - $15,000",False,4,https://extapps2.oge.gov/201/Presiden.nsf/PAS+Index/E590116FC9631E9885258E7A002DE209/$FILE/Donald-J-Trump-09.8.2026-278T.pdf
2026-07-17,purchase,TPGINCCLA,"$1,001 - $15,000",False,4,https://extapps2.oge.gov/201/Presiden.nsf/PAS+Index/E590116FC9631E9885258E7A002DE209/$FILE/Donald-J-Trump-09.8.2026-278T.pdf
2026-07-17,purchase,AUTODESK INC,"$1,001 - $15,000",False,4,https://extapps2.oge.gov/201/Presiden.nsf/PAS+Index/E590116FC9631E9885258E7A002DE209/$FILE/Donald-J-Trump-09.8.2026-278T.pdf
2026-07-17,purchase,FOX CORP CL A,"$1,001 - $15,000",False,4,https://extapps2.oge.gov/201/Presiden.nsf/PAS+Index/E590116FC9631E9885258E7A002DE209/$FILE/Donald-J-Trump-09.8.2026-278T.pdf
2026-07-23,sale,MOLINA HEALTHCARE INC,"$1,001 - $15,000",False,4,https://extapps2.oge.gov/201/Presiden.nsf/PAS+Index/E590116FC9631E9885258E7A002DE209/$FILE/Donald-J-Trump-09.8.2026-278T.pdf
2026-07-23,sale,BRIGHTSPRING HEALTH SERVICES INC,"$1,001 - $15,000",False,4,https://extapps2.oge.gov/201/Presiden.nsf/PAS+Index/E590116FC9631E9885258E7A002DE209/$FILE/Donald-J-Trump-09.8.2026-278T.pdf
2026-07-23,sale,VIAVI SOLUTIONS INC,"$1,001 - $15,000",False,4,https://extapps2.oge.gov/201/Presiden.nsf/PAS+Index/E590116FC9631E9885258E7A002DE209/$FILE/Donald-J-Trump-09.8.2026-278T.pdf
2026-07-17,sale,HERSHEY COMPANY,"$1,001 - $15,000",False,4,https://extapps2.oge.gov/201/Presiden.nsf/PAS+Index/E590116FC9631E9885258E7A002DE209/$FILE/Donald-J-Trump-09.8.2026-278T.pdf
2026-07-23,sale,SANMINA CORP,"$1,001 - $15,000",False,4,https://extapps2.oge.gov/201/Presiden.nsf/PAS+Index/E590116FC9631E9885258E7A002DE209/$FILE/Donald-J-Trump-09.8.2026-278T.pdf
2026-07-23,sale,SEMTECH CORP,"$1,001 - $15,000",False,4,https://extapps2.oge.gov/201/Presiden.nsf/PAS+Index/E590116FC9631E9885258E7A002DE209/$FILE/Donald-J-Trump-09.8.2026-278T.pdf
2026-07-17,sale,CADENCE DESIGN SYSTEMS INC,"$1,001 - $15,000",False,4,https://extapps2.oge.gov/201/Presiden.nsf/PAS+Index/E590116FC9631E9885258E7A002DE209/$FILE/Donald-J-Trump-09.8.2026-278T.pdf
2026-07-17,sale,DEVON ENERGY CORP,"$1,001 - $15,000",False,4,https://extapps2.oge.gov/201/Presiden.nsf/PAS+Index/E590116FC9631E9885258E7A002DE209/$FILE/Donald-J-Trump-09.8.2026-278T.pdf
2026-07-17,sale,GE HEALTHCARE TECHNOLOGIES INC,"$1,001 - $15,000",False,4,https://extapps2.oge.gov/201/Presiden.nsf/PAS+Index/E590116FC9631E9885258E7A002DE209/$FILE/Donald-J-Trump-09.8.2026-278T.pdf
2026-07-17,sale,WORKDAY INC CL A,"$1,001 - $15,000",False,4,https://extapps2.oge.gov/201/Presiden.nsf/PAS+Index/E590116FC9631E9885258E7A002DE209/$FILE/Donald-J-Trump-09.8.2026-278T.pdf
2026-07-17,sale,TRACTOR SUPPLY CO,"$1,001 - $15,000",False,4,https://extapps2.oge.gov/201/Presiden.nsf/PAS+Index/E590116FC9631E9885258E7A002DE209/$FILE/Donald-J-Trump-09.8.2026-278T.pdf
2026-07-17,sale,EXXONMOBIL HOLDINGS CORP,"$1,001 - $15,000",False,4,https://extapps2.oge.gov/201/Presiden.nsf/PAS+Index/E590116FC9631E9885258E7A002DE209/$FILE/Donald-J-Trump-09.8.2026-278T.pdf
2026-07-17,sale,BROADCOM INC,"$1,001 - $15,000",False,4,https://extapps2.oge.gov/201/Presiden.nsf/PAS+Index/E590116FC9631E9885258E7A002DE209/$FILE/Donald-J-Trump-09.8.2026-278T.pdf
2026-07-17,sale,ALPHABET INC CL C,"$1,001 - $15,000",False,4,https://extapps2.oge.gov/201/Presiden.nsf/PAS+Index/E590116FC9631E9885258E7A002DE209/$FILE/Donald-J-Trump-09.8.2026-278T.pdf
2026-07-17,sale,PTCINC,"$1,001 - $15,000",False,4,https://extapps2.oge.gov/201/Presiden.nsf/PAS+Index/E590116FC9631E9885258E7A002DE209/$FILE/Donald-J-Trump-09.8.2026-278T.pdf
2026-07-17,sale,IDEXX LABORATORIES INC,"$1,001 - $15,000",False,4,https://extapps2.oge.gov/201/Presiden.nsf/PAS+Index/E590116FC9631E9885258E7A002DE209/$FILE/Donald-J-Trump-09.8.2026-278T.pdf
2026-07-17,sale,ULTA BEAUTY INC,"$1,001 - $15,000",False,5,https://extapps2.oge.gov/201/Presiden.nsf/PAS+Index/E590116FC9631E9885258E7A002DE209/$FILE/Donald-J-Trump-09.8.2026-278T.pdf
2026-07-17,sale,BLUE OWL CAPITAL INC CL A,"$1,001 - $15,000",False,5,https://extapps2.oge.gov/201/Presiden.nsf/PAS+Index/E590116FC9631E9885258E7A002DE209/$FILE/Donald-J-Trump-09.8.2026-278T.pdf
2026-07-17,sale,UNITEDHEALTH GROUP INC,"$1,001 - $15,000",False,5,https://extapps2.oge.gov/201/Presiden.nsf/PAS+Index/E590116FC9631E9885258E7A002DE209/$FILE/Donald-J-Trump-09.8.2026-278T.pdf
2026-07-17,sale,MONOLITHIC POWER SYSTEM INC,"$1,001 - $15,000",False,5,https://extapps2.oge.gov/201/Presiden.nsf/PAS+Index/E590116FC9631E9885258E7A002DE209/$FILE/Donald-J-Trump-09.8.2026-278T.pdf
2026-07-17,sale,VERIZON COMMUNICATIONS INC,"$1,001 - $15,000",False,5,https://extapps2.oge.gov/201/Presiden.nsf/PAS+Index/E590116FC9631E9885258E7A002DE209/$FILE/Donald-J-Trump-09.8.2026-278T.pdf
2026-07-17,sale,LUMENTUM HOLDINGS INC,"$1,001 - $15,000",False,5,https://extapps2.oge.gov/201/Presiden.nsf/PAS+Index/E590116FC9631E9885258E7A002DE209/$FILE/Donald-J-Trump-09.8.2026-278T.pdf
2026-07-17,sale,SLBLTD,"$1,001 - $15,000",False,5,https://extapps2.oge.gov/201/Presiden.nsf/PAS+Index/E590116FC9631E9885258E7A002DE209/$FILE/Donald-J-Trump-09.8.2026-278T.pdf
2026-07-17,sale,WILLIAMS COS INC DEL,"$1,001 - $15,000",False,5,https://extapps2.oge.gov/201/Presiden.nsf/PAS+Index/E590116FC9631E9885258E7A002DE209/$FILE/Donald-J-Trump-09.8.2026-278T.pdf
2026-07-17,sale,TERADYNEINC,"$1,001 - $15,000",False,5,https://extapps2.oge.gov/201/Presiden.nsf/PAS+Index/E590116FC9631E9885258E7A002DE209/$FILE/Donald-J-Trump-09.8.2026-278T.pdf
2026-07-17,sale,SYNOPSYS INC,"$1,001 - $15,000",False,5,https://extapps2.oge.gov/201/Presiden.nsf/PAS+Index/E590116FC9631E9885258E7A002DE209/$FILE/Donald-J-Trump-09.8.2026-278T.pdf
2026-07-17,sale,MEDTRONIC PLC,"$1,001 - $15,000",False,5,https://extapps2.oge.gov/201/Presiden.nsf/PAS+Index/E590116FC9631E9885258E7A002DE209/$FILE/Donald-J-Trump-09.8.2026-278T.pdf
2026-07-17,sale,META PLATFORMS INC CL A,"$1,001 - $15,000",False,5,https://extapps2.oge.gov/201/Presiden.nsf/PAS+Index/E590116FC9631E9885258E7A002DE209/$FILE/Donald-J-Trump-09.8.2026-278T.pdf
2026-07-17,sale,0 REILLY AUTOMOTIVE INC,"$1,001 - $15,000",False,5,https://extapps2.oge.gov/201/Presiden.nsf/PAS+Index/E590116FC9631E9885258E7A002DE209/$FILE/Donald-J-Trump-09.8.2026-278T.pdf
2026-07-17,sale,SPACE EXPLORATION TECHNOLOGIES CORP CL A,"$1,001 - $15,000",False,5,https://extapps2.oge.gov/201/Presiden.nsf/PAS+Index/E590116FC9631E9885258E7A002DE209/$FILE/Donald-J-Trump-09.8.2026-278T.pdf
2026-07-17,sale,WALMARTINC,"$1,001 - $15,000",False,5,https://extapps2.oge.gov/201/Presiden.nsf/PAS+Index/E590116FC9631E9885258E7A002DE209/$FILE/Donald-J-Trump-09.8.2026-278T.pdf
2026-07-17,sale,BOOKING HOLDINGS INC,"$1,001 - $15,000",False,5,https://extapps2.oge.gov/201/Presiden.nsf/PAS+Index/E590116FC9631E9885258E7A002DE209/$FILE/Donald-J-Trump-09.8.2026-278T.pdf
2026-07-17,sale,NXP SEMICONDUCTORS N V,"$1,001 - $15,000",False,5,https://extapps2.oge.gov/201/Presiden.nsf/PAS+Index/E590116FC9631E9885258E7A002DE209/$FILE/Donald-J-Trump-09.8.2026-278T.pdf
2026-07-17,sale,DOORDASH INC CL A,"$1,001 - $15,000",False,5,https://extapps2.oge.gov/201/Presiden.nsf/PAS+Index/E590116FC9631E9885258E7A002DE209/$FILE/Donald-J-Trump-09.8.2026-278T.pdf
2026-07-17,sale,COREWEAVE INC CL A,"$1,001 - $15,000",False,5,https://extapps2.oge.gov/201/Presiden.nsf/PAS+Index/E590116FC9631E9885258E7A002DE209/$FILE/Donald-J-Trump-09.8.2026-278T.pdf
2026-07-17,sale,MICROSOFT CORP,"$1,001 - $15,000",False,5,https://extapps2.oge.gov/201/Presiden.nsf/PAS+Index/E590116FC9631E9885258E7A002DE209/$FILE/Donald-J-Trump-09.8.2026-278T.pdf
2026-07-17,sale,PEPSICO INC,"$1,001 - $15,000",False,5,https://extapps2.oge.gov/201/Presiden.nsf/PAS+Index/E590116FC9631E9885258E7A002DE209/$FILE/Donald-J-Trump-09.8.2026-278T.pdf
2026-07-17,sale,TEXAS INSTRUMENTS INC,"$1,001 - $15,000",False,5,https://extapps2.oge.gov/201/Presiden.nsf/PAS+Index/E590116FC9631E9885258E7A002DE209/$FILE/Donald-J-Trump-09.8.2026-278T.pdf
2026-07-17,sale,NVIDIA CORP,"$1,001 - $15,000",False,5,https://extapps2.oge.gov/201/Presiden.nsf/PAS+Index/E590116FC9631E9885258E7A002DE209/$FILE/Donald-J-Trump-09.8.2026-278T.pdf
2026-07-17,sale,TESLA INC,"$15,001 - $50,000",False,5,https://extapps2.oge.gov/201/Presiden.nsf/PAS+Index/E590116FC9631E9885258E7A002DE209/$FILE/Donald-J-Trump-09.8.2026-278T.pdf
2026-07-17,sale,ADOBE INC,"$15,001 - $50,000",False,5,https://extapps2.oge.gov/201/Presiden.nsf/PAS+Index/E590116FC9631E9885258E7A002DE209/$FILE/Donald-J-Trump-09.8.2026-278T.pdf
2026-07-17,sale,EOG RESOURCES INC,"$15,001 - $50,000",False,5,https://extapps2.oge.gov/201/Presiden.nsf/PAS+Index/E590116FC9631E9885258E7A002DE209/$FILE/Donald-J-Trump-09.8.2026-278T.pdf
2026-07-17,sale,QUALCOMM INC,"$15,001 - $50,000",False,5,https://extapps2.oge.gov/201/Presiden.nsf/PAS+Index/E590116FC9631E9885258E7A002DE209/$FILE/Donald-J-Trump-09.8.2026-278T.pdf
2026-07-17,sale,INTUIT INC,"$15,001 - $50,000",False,5,https://extapps2.oge.gov/201/Presiden.nsf/PAS+Index/E590116FC9631E9885258E7A002DE209/$FILE/Donald-J-Trump-09.8.2026-278T.pdf
2026-07-17,purchase,lshares Tr Russell 1000 Etf,"$1,000,001 - $5,000,000",False,5,https://extapps2.oge.gov/201/Presiden.nsf/PAS+Index/E590116FC9631E9885258E7A002DE209/$FILE/Donald-J-Trump-09.8.2026-278T.pdf
2026-07-01,purchase,Broadcom Inc,"$1,001 - $15,000",False,5,https://extapps2.oge.gov/201/Presiden.nsf/PAS+Index/E590116FC9631E9885258E7A002DE209/$FILE/Donald-J-Trump-09.8.2026-278T.pdf
2026-07-06,sale,Mobilitv Global Inc,"$1,001 - $15,000",False,5,https://extapps2.oge.gov/201/Presiden.nsf/PAS+Index/E590116FC9631E9885258E7A002DE209/$FILE/Donald-J-Trump-09.8.2026-278T.pdf
2026-07-17,sale,Ge Healthcare TechnolOQies Inc,"$1,001 - $15,000",False,5,https://extapps2.oge.gov/201/Presiden.nsf/PAS+Index/E590116FC9631E9885258E7A002DE209/$FILE/Donald-J-Trump-09.8.2026-278T.pdf
2026-07-17,sale,EQtCorp,"$1,001 - $15,000",False,6,https://extapps2.oge.gov/201/Presiden.nsf/PAS+Index/E590116FC9631E9885258E7A002DE209/$FILE/Donald-J-Trump-09.8.2026-278T.pdf
2026-07-17,sale,Zoetislnc,"$1,001 - $15,000",False,6,https://extapps2.oge.gov/201/Presiden.nsf/PAS+Index/E590116FC9631E9885258E7A002DE209/$FILE/Donald-J-Trump-09.8.2026-278T.pdf
2026-07-17,sale,Abbott Labs,"$1,001 - $15,000",False,6,https://extapps2.oge.gov/201/Presiden.nsf/PAS+Index/E590116FC9631E9885258E7A002DE209/$FILE/Donald-J-Trump-09.8.2026-278T.pdf
2026-07-17,sale,"V,straCt>m","$1,001 - $15,000",False,6,https://extapps2.oge.gov/201/Presiden.nsf/PAS+Index/E590116FC9631E9885258E7A002DE209/$FILE/Donald-J-Trump-09.8.2026-278T.pdf
2026-07-01,sale,Honevwell Ae=ace Inc,"$1,001 - $15,000",False,6,https://extapps2.oge.gov/201/Presiden.nsf/PAS+Index/E590116FC9631E9885258E7A002DE209/$FILE/Donald-J-Trump-09.8.2026-278T.pdf
2026-07-17,sale,IKtoaerCo,"$1,001 - $15,000",False,6,https://extapps2.oge.gov/201/Presiden.nsf/PAS+Index/E590116FC9631E9885258E7A002DE209/$FILE/Donald-J-Trump-09.8.2026-278T.pdf
2026-07-17,sale,D R Horton Inc,"$1,001 - $15,000",False,6,https://extapps2.oge.gov/201/Presiden.nsf/PAS+Index/E590116FC9631E9885258E7A002DE209/$FILE/Donald-J-Trump-09.8.2026-278T.pdf
2026-07-17,sale,Procter & Gamble Co,"$15,001 - $50,000",False,6,https://extapps2.oge.gov/201/Presiden.nsf/PAS+Index/E590116FC9631E9885258E7A002DE209/$FILE/Donald-J-Trump-09.8.2026-278T.pdf
2026-07-17,sale,Qnitv Electronics Inc,"$15,001 - $50,000",False,6,https://extapps2.oge.gov/201/Presiden.nsf/PAS+Index/E590116FC9631E9885258E7A002DE209/$FILE/Donald-J-Trump-09.8.2026-278T.pdf
2026-07-17,sale,Costco Whsl Coro,"$15,001 - $50,000",False,6,https://extapps2.oge.gov/201/Presiden.nsf/PAS+Index/E590116FC9631E9885258E7A002DE209/$FILE/Donald-J-Trump-09.8.2026-278T.pdf
2026-07-17,sale,Comcast Corp,"$15,001 - $50,000",False,6,https://extapps2.oge.gov/201/Presiden.nsf/PAS+Index/E590116FC9631E9885258E7A002DE209/$FILE/Donald-J-Trump-09.8.2026-278T.pdf
2026-07-17,sale,Accenture Pie Ireland,"$15,001 - $50,000",False,6,https://extapps2.oge.gov/201/Presiden.nsf/PAS+Index/E590116FC9631E9885258E7A002DE209/$FILE/Donald-J-Trump-09.8.2026-278T.pdf
2026-07-17,sale,Disney Walt Co,"$15,001 - $50,000",False,6,https://extapps2.oge.gov/201/Presiden.nsf/PAS+Index/E590116FC9631E9885258E7A002DE209/$FILE/Donald-J-Trump-09.8.2026-278T.pdf
2026-07-17,sale,Cbre Grouo Inc,"$15,001 - $50,000",False,6,https://extapps2.oge.gov/201/Presiden.nsf/PAS+Index/E590116FC9631E9885258E7A002DE209/$FILE/Donald-J-Trump-09.8.2026-278T.pdf
2026-07-17,sale,Uber Techn<>k><lies Inc,"$15,001 - $50,000",False,6,https://extapps2.oge.gov/201/Presiden.nsf/PAS+Index/E590116FC9631E9885258E7A002DE209/$FILE/Donald-J-Trump-09.8.2026-278T.pdf
2026-07-17,sale,BoelnaCo,"$15,001 - $50,000",False,6,https://extapps2.oge.gov/201/Presiden.nsf/PAS+Index/E590116FC9631E9885258E7A002DE209/$FILE/Donald-J-Trump-09.8.2026-278T.pdf
2026-07-17,sale,Te Connectivitv Pie,"$15,001 - $50,000",False,6,https://extapps2.oge.gov/201/Presiden.nsf/PAS+Index/E590116FC9631E9885258E7A002DE209/$FILE/Donald-J-Trump-09.8.2026-278T.pdf
2026-07-17,sale,Lowes Cos Inc,"$15,001 - $50,000",False,6,https://extapps2.oge.gov/201/Presiden.nsf/PAS+Index/E590116FC9631E9885258E7A002DE209/$FILE/Donald-J-Trump-09.8.2026-278T.pdf
2026-07-17,sale,Cme Grouo Inc,"$15,001 - $50,000",False,6,https://extapps2.oge.gov/201/Presiden.nsf/PAS+Index/E590116FC9631E9885258E7A002DE209/$FILE/Donald-J-Trump-09.8.2026-278T.pdf
2026-07-17,sale,At&tlnc,"$15,001 - $50,000",False,6,https://extapps2.oge.gov/201/Presiden.nsf/PAS+Index/E590116FC9631E9885258E7A002DE209/$FILE/Donald-J-Trump-09.8.2026-278T.pdf
2026-07-17,sale,Servicenow Inc,"$15,001 - $50,000",False,6,https://extapps2.oge.gov/201/Presiden.nsf/PAS+Index/E590116FC9631E9885258E7A002DE209/$FILE/Donald-J-Trump-09.8.2026-278T.pdf
2026-07-17,sale,Pepsico Inc,"$15,001 - $50,000",False,6,https://extapps2.oge.gov/201/Presiden.nsf/PAS+Index/E590116FC9631E9885258E7A002DE209/$FILE/Donald-J-Trump-09.8.2026-278T.pdf
2026-07-17,sale,Salesforce Inc,"$15,001 - $50,000",False,6,https://extapps2.oge.gov/201/Presiden.nsf/PAS+Index/E590116FC9631E9885258E7A002DE209/$FILE/Donald-J-Trump-09.8.2026-278T.pdf
2026-07-17,sale,Mcdonalds Ct>m,"$15,001 - $50,000",False,6,https://extapps2.oge.gov/201/Presiden.nsf/PAS+Index/E590116FC9631E9885258E7A002DE209/$FILE/Donald-J-Trump-09.8.2026-278T.pdf
2026-07-17,sale,L3harris Technoloales Inc,"$15,001 - $50,000",False,6,https://extapps2.oge.gov/201/Presiden.nsf/PAS+Index/E590116FC9631E9885258E7A002DE209/$FILE/Donald-J-Trump-09.8.2026-278T.pdf
2026-07-17,sale,CrhPlc,"$15,001 - $50,000",False,6,https://extapps2.oge.gov/201/Presiden.nsf/PAS+Index/E590116FC9631E9885258E7A002DE209/$FILE/Donald-J-Trump-09.8.2026-278T.pdf
2026-07-17,sale,Oracle Corp,"$15,001 - $50,000",False,6,https://extapps2.oge.gov/201/Presiden.nsf/PAS+Index/E590116FC9631E9885258E7A002DE209/$FILE/Donald-J-Trump-09.8.2026-278T.pdf
2026-07-17,sale,International Business Machs Coro,"$15,001 - $50,000",False,6,https://extapps2.oge.gov/201/Presiden.nsf/PAS+Index/E590116FC9631E9885258E7A002DE209/$FILE/Donald-J-Trump-09.8.2026-278T.pdf
2026-07-17,sale,Boston Scientific Coro,"$15,001 - $50,000",False,6,https://extapps2.oge.gov/201/Presiden.nsf/PAS+Index/E590116FC9631E9885258E7A002DE209/$FILE/Donald-J-Trump-09.8.2026-278T.pdf
2026-07-17,sale,Palantir Technolnnies Inc,"$15,001 - $50,000",False,6,https://extapps2.oge.gov/201/Presiden.nsf/PAS+Index/E590116FC9631E9885258E7A002DE209/$FILE/Donald-J-Trump-09.8.2026-278T.pdf
2026-07-17,sale,Netflix Inc,"$50,001 - $100,000",False,6,https://extapps2.oge.gov/201/Presiden.nsf/PAS+Index/E590116FC9631E9885258E7A002DE209/$FILE/Donald-J-Trump-09.8.2026-278T.pdf
2026-07-17,sale,Alphabet Inc,"$50,001 - $100,000",False,6,https://extapps2.oge.gov/201/Presiden.nsf/PAS+Index/E590116FC9631E9885258E7A002DE209/$FILE/Donald-J-Trump-09.8.2026-278T.pdf
2026-07-17,sale,Alphabet Inc,"$100,001 - $250,000",False,7,https://extapps2.oge.gov/201/Presiden.nsf/PAS+Index/E590116FC9631E9885258E7A002DE209/$FILE/Donald-J-Trump-09.8.2026-278T.pdf
2026-07-17,sale,Meta Platforms Inc,"$100,001 - $250,000",False,7,https://extapps2.oge.gov/201/Presiden.nsf/PAS+Index/E590116FC9631E9885258E7A002DE209/$FILE/Donald-J-Trump-09.8.2026-278T.pdf
2026-07-17,sale,Amazon Com Inc,"$250,001 - $500,000",False,7,https://extapps2.oge.gov/201/Presiden.nsf/PAS+Index/E590116FC9631E9885258E7A002DE209/$FILE/Donald-J-Trump-09.8.2026-278T.pdf
2026-07-17,sale,Microsoft Coro,"$250,001 - $500,000",False,7,https://extapps2.oge.gov/201/Presiden.nsf/PAS+Index/E590116FC9631E9885258E7A002DE209/$FILE/Donald-J-Trump-09.8.2026-278T.pdf
2026-07-17,sale,Nvidia Coll>,"$500,001 - $1,000,000",False,7,https://extapps2.oge.gov/201/Presiden.nsf/PAS+Index/E590116FC9631E9885258E7A002DE209/$FILE/Donald-J-Trump-09.8.2026-278T.pdf
2026-07-08,purchase,STATE STREET SPDR BLOOMBERG INTERNATIONAL TREASURY BONO ETF,"$1,000,001 - $5,000,000",False,7,https://extapps2.oge.gov/201/Presiden.nsf/PAS+Index/E590116FC9631E9885258E7A002DE209/$FILE/Donald-J-Trump-09.8.2026-278T.pdf
2026-07-08,purchase,FIDELITY MSCI COMMUNICATION SERVICES INDEX ETF IP,"$1,000,001 - $5,000,000",False,7,https://extapps2.oge.gov/201/Presiden.nsf/PAS+Index/E590116FC9631E9885258E7A002DE209/$FILE/Donald-J-Trump-09.8.2026-278T.pdf
2026-07-08,purchase,VANGUARD SHORT-TERM BONO INDEX FUND ETF SHARES,"$1,000,001 - $5,000,000",False,7,https://extapps2.oge.gov/201/Presiden.nsf/PAS+Index/E590116FC9631E9885258E7A002DE209/$FILE/Donald-J-Trump-09.8.2026-278T.pdf
2026-07-08,sale,!SHARES U.S. TREASURY BOND ETF,"$1,000,001 - $5,000,000",False,7,https://extapps2.oge.gov/201/Presiden.nsf/PAS+Index/E590116FC9631E9885258E7A002DE209/$FILE/Donald-J-Trump-09.8.2026-278T.pdf
2026-07-08,sale,STATE STREET COMMUNICATION SERVICES SELECT SECTOR SPDR ETF,"$1,000,001 - $5,000,000",False,7,https://extapps2.oge.gov/201/Presiden.nsf/PAS+Index/E590116FC9631E9885258E7A002DE209/$FILE/Donald-J-Trump-09.8.2026-278T.pdf
2026-07-08,sale,!SHARES INTERNATIONAL TREASURY BOND ETF,"$1,000,001 - $5,000,000",False,7,https://extapps2.oge.gov/201/Presiden.nsf/PAS+Index/E590116FC9631E9885258E7A002DE209/$FILE/Donald-J-Trump-09.8.2026-278T.pdf
2026-07-08,purchase,1n VANGUARD DIVIDEND APPRECIATION INDEX FUND ETF SHARES,"$1,000,001 - $5,000,000",False,7,https://extapps2.oge.gov/201/Presiden.nsf/PAS+Index/E590116FC9631E9885258E7A002DE209/$FILE/Donald-J-Trump-09.8.2026-278T.pdf
2026-07-31,purchase,HOME DEPOT INC,"$250,001 - $500,000",False,7,https://extapps2.oge.gov/201/Presiden.nsf/PAS+Index/E590116FC9631E9885258E7A002DE209/$FILE/Donald-J-Trump-09.8.2026-278T.pdf
2026-07-31,purchase,TEXASINSTRSINC,"$250,001 - $500,000",False,7,https://extapps2.oge.gov/201/Presiden.nsf/PAS+Index/E590116FC9631E9885258E7A002DE209/$FILE/Donald-J-Trump-09.8.2026-278T.pdf
2026-07-31,purchase,BROADCOM INC,"$250,001 - $500,000",False,7,https://extapps2.oge.gov/201/Presiden.nsf/PAS+Index/E590116FC9631E9885258E7A002DE209/$FILE/Donald-J-Trump-09.8.2026-278T.pdf
2026-07-16,purchase,S&P GLOBAL INC,"$250,001 - $500,000",False,7,https://extapps2.oge.gov/201/Presiden.nsf/PAS+Index/E590116FC9631E9885258E7A002DE209/$FILE/Donald-J-Trump-09.8.2026-278T.pdf
2026-07-16,purchase,CME GROUP INC CLASS A,"$250,001 - $500,000",False,7,https://extapps2.oge.gov/201/Presiden.nsf/PAS+Index/E590116FC9631E9885258E7A002DE209/$FILE/Donald-J-Trump-09.8.2026-278T.pdf
2026-07-31,purchase,PROCTER & GAMBLE CO,"$250,001 - $500,000",False,7,https://extapps2.oge.gov/201/Presiden.nsf/PAS+Index/E590116FC9631E9885258E7A002DE209/$FILE/Donald-J-Trump-09.8.2026-278T.pdf
2026-07-31,purchase,EXXONMOBIL HLDGS CORP,"$250,001 - $500,000",False,7,https://extapps2.oge.gov/201/Presiden.nsf/PAS+Index/E590116FC9631E9885258E7A002DE209/$FILE/Donald-J-Trump-09.8.2026-278T.pdf
2026-07-31,purchase,FIDELITY NATL INFORMATIO,"$250,001 - $500,000",False,7,https://extapps2.oge.gov/201/Presiden.nsf/PAS+Index/E590116FC9631E9885258E7A002DE209/$FILE/Donald-J-Trump-09.8.2026-278T.pdf
2026-07-22,purchase,NIKE INC CLASS CLASS B,"$250,001 - $500,000",False,7,https://extapps2.oge.gov/201/Presiden.nsf/PAS+Index/E590116FC9631E9885258E7A002DE209/$FILE/Donald-J-Trump-09.8.2026-278T.pdf
2026-07-31,purchase,PHILIP MORRIS INTL INC,"$250,001 - $500,000",False,7,https://extapps2.oge.gov/201/Presiden.nsf/PAS+Index/E590116FC9631E9885258E7A002DE209/$FILE/Donald-J-Trump-09.8.2026-278T.pdf
2026-07-31,purchase,CISCO SYS INC,"$250,001 - $500,000",False,7,https://extapps2.oge.gov/201/Presiden.nsf/PAS+Index/E590116FC9631E9885258E7A002DE209/$FILE/Donald-J-Trump-09.8.2026-278T.pdf
2026-07-31,purchase,VERIZON COMMUNICATIONS,"$250,001 - $500,000",False,7,https://extapps2.oge.gov/201/Presiden.nsf/PAS+Index/E590116FC9631E9885258E7A002DE209/$FILE/Donald-J-Trump-09.8.2026-278T.pdf
2026-07-31,purchase,ABBOTT LABS,"$100,001 - $250,000",False,7,https://extapps2.oge.gov/201/Presiden.nsf/PAS+Index/E590116FC9631E9885258E7A002DE209/$FILE/Donald-J-Trump-09.8.2026-278T.pdf
2026-07-22,purchase,WATSCO INC CLASS A,"$100,001 - $250,000",False,7,https://extapps2.oge.gov/201/Presiden.nsf/PAS+Index/E590116FC9631E9885258E7A002DE209/$FILE/Donald-J-Trump-09.8.2026-278T.pdf
2026-07-31,purchase,BECTON DICKINSON & CO,"$100,001 - $250,000",False,7,https://extapps2.oge.gov/201/Presiden.nsf/PAS+Index/E590116FC9631E9885258E7A002DE209/$FILE/Donald-J-Trump-09.8.2026-278T.pdf
2026-07-31,purchase,DUKE ENERGY CORP NEW,"$100,001 - $250,000",False,7,https://extapps2.oge.gov/201/Presiden.nsf/PAS+Index/E590116FC9631E9885258E7A002DE209/$FILE/Donald-J-Trump-09.8.2026-278T.pdf
2026-07-31,purchase,FASTENAL CO,"$100,001 - $250,000",False,7,https://extapps2.oge.gov/201/Presiden.nsf/PAS+Index/E590116FC9631E9885258E7A002DE209/$FILE/Donald-J-Trump-09.8.2026-278T.pdf
2026-07-31,purchase,PFIZER INC,"$100,001 - $250,000",False,7,https://extapps2.oge.gov/201/Presiden.nsf/PAS+Index/E590116FC9631E9885258E7A002DE209/$FILE/Donald-J-Trump-09.8.2026-278T.pdf
2026-07-31,purchase,AVALONBAY CMNTYS INC REIT,"$100,001 - $250,000",False,7,https://extapps2.oge.gov/201/Presiden.nsf/PAS+Index/E590116FC9631E9885258E7A002DE209/$FILE/Donald-J-Trump-09.8.2026-278T.pdf
2026-07-31,purchase,ALTRIA GROUP INC,"$100,001 - $250,000",False,7,https://extapps2.oge.gov/201/Presiden.nsf/PAS+Index/E590116FC9631E9885258E7A002DE209/$FILE/Donald-J-Trump-09.8.2026-278T.pdf
2026-07-31,purchase,UNITEDHEALTH GROUP INC,"$100,001 - $250,000",False,7,https://extapps2.oge.gov/201/Presiden.nsf/PAS+Index/E590116FC9631E9885258E7A002DE209/$FILE/Donald-J-Trump-09.8.2026-278T.pdf
2026-07-31,purchase,IBM CORP,"$100,001 - $250,000",False,8,https://extapps2.oge.gov/201/Presiden.nsf/PAS+Index/E590116FC9631E9885258E7A002DE209/$FILE/Donald-J-Trump-09.8.2026-278T.pdf
2026-07-31,purchase,WEC ENERGY GROUP INC,"$100,001 - $250,000",False,8,https://extapps2.oge.gov/201/Presiden.nsf/PAS+Index/E590116FC9631E9885258E7A002DE209/$FILE/Donald-J-Trump-09.8.2026-278T.pdf
2026-07-31,purchase,OMNICOM GROUP INC,"$100,001 - $250,000",False,8,https://extapps2.oge.gov/201/Presiden.nsf/PAS+Index/E590116FC9631E9885258E7A002DE209/$FILE/Donald-J-Trump-09.8.2026-278T.pdf
2026-07-31,purchase,WALMARTINC,"$100,001 - $250,000",False,8,https://extapps2.oge.gov/201/Presiden.nsf/PAS+Index/E590116FC9631E9885258E7A002DE209/$FILE/Donald-J-Trump-09.8.2026-278T.pdf
2026-07-31,purchase,PARKER-HANNIFIN CORP,"$100,001 - $250,000",False,8,https://extapps2.oge.gov/201/Presiden.nsf/PAS+Index/E590116FC9631E9885258E7A002DE209/$FILE/Donald-J-Trump-09.8.2026-278T.pdf
2026-07-31,purchase,WATSCO INC CLASS A 1p,"$100,001 - $250,000",False,8,https://extapps2.oge.gov/201/Presiden.nsf/PAS+Index/E590116FC9631E9885258E7A002DE209/$FILE/Donald-J-Trump-09.8.2026-278T.pdf
2026-07-31,purchase,JOHNSON & JOHNSON,"$100,001 - $250,000",False,8,https://extapps2.oge.gov/201/Presiden.nsf/PAS+Index/E590116FC9631E9885258E7A002DE209/$FILE/Donald-J-Trump-09.8.2026-278T.pdf
2026-07-31,purchase,META PLATFORMS INC CLASS A,"$100,001 - $250,000",False,8,https://extapps2.oge.gov/201/Presiden.nsf/PAS+Index/E590116FC9631E9885258E7A002DE209/$FILE/Donald-J-Trump-09.8.2026-278T.pdf
2026-07-31,purchase,NIKE INC CLASS CLASS B,"$100,001 - $250,000",False,8,https://extapps2.oge.gov/201/Presiden.nsf/PAS+Index/E590116FC9631E9885258E7A002DE209/$FILE/Donald-J-Trump-09.8.2026-278T.pdf
2026-07-31,purchase,VISA INC CLASS A,"$100,001 - $250,000",False,8,https://extapps2.oge.gov/201/Presiden.nsf/PAS+Index/E590116FC9631E9885258E7A002DE209/$FILE/Donald-J-Trump-09.8.2026-278T.pdf
2026-07-31,purchase,TRUIST FINL CORP,"$100,001 - $250,000",False,8,https://extapps2.oge.gov/201/Presiden.nsf/PAS+Index/E590116FC9631E9885258E7A002DE209/$FILE/Donald-J-Trump-09.8.2026-278T.pdf
2026-07-31,purchase,REPUBLIC SVCS INC,"$50,001 - $100,000",False,8,https://extapps2.oge.gov/201/Presiden.nsf/PAS+Index/E590116FC9631E9885258E7A002DE209/$FILE/Donald-J-Trump-09.8.2026-278T.pdf
2026-07-31,purchase,CATERPILLAR INC,"$50,001 - $100,000",False,8,https://extapps2.oge.gov/201/Presiden.nsf/PAS+Index/E590116FC9631E9885258E7A002DE209/$FILE/Donald-J-Trump-09.8.2026-278T.pdf
2026-07-31,purchase,PUBLIC STORAGE REIT,"$50,001 - $100,000",False,8,https://extapps2.oge.gov/201/Presiden.nsf/PAS+Index/E590116FC9631E9885258E7A002DE209/$FILE/Donald-J-Trump-09.8.2026-278T.pdf
2026-07-31,purchase,S&P GLOBAL INC,"$50,001 - $100,000",False,8,https://extapps2.oge.gov/201/Presiden.nsf/PAS+Index/E590116FC9631E9885258E7A002DE209/$FILE/Donald-J-Trump-09.8.2026-278T.pdf
2026-07-31,purchase,ACCENTURE PLC IRELAND F CLASS CLASS A,"$50,001 - $100,000",False,8,https://extapps2.oge.gov/201/Presiden.nsf/PAS+Index/E590116FC9631E9885258E7A002DE209/$FILE/Donald-J-Trump-09.8.2026-278T.pdf
2026-07-31,purchase,AMERICAN EXPRESS CO,"$50,001 - $100,000",False,8,https://extapps2.oge.gov/201/Presiden.nsf/PAS+Index/E590116FC9631E9885258E7A002DE209/$FILE/Donald-J-Trump-09.8.2026-278T.pdf
2026-07-31,purchase,ABBVIEINC,"$50,001 - $100,000",False,8,https://extapps2.oge.gov/201/Presiden.nsf/PAS+Index/E590116FC9631E9885258E7A002DE209/$FILE/Donald-J-Trump-09.8.2026-278T.pdf
2026-07-31,purchase,PNC FINL SERVICES,"$50,001 - $100,000",False,8,https://extapps2.oge.gov/201/Presiden.nsf/PAS+Index/E590116FC9631E9885258E7A002DE209/$FILE/Donald-J-Trump-09.8.2026-278T.pdf
2026-07-31,purchase,MOTOROLA SOLUTIONS INC,"$50,001 - $100,000",False,8,https://extapps2.oge.gov/201/Presiden.nsf/PAS+Index/E590116FC9631E9885258E7A002DE209/$FILE/Donald-J-Trump-09.8.2026-278T.pdf
2026-07-31,purchase,EVERSOURCEENERGY,"$15,001 - $50,000",False,8,https://extapps2.oge.gov/201/Presiden.nsf/PAS+Index/E590116FC9631E9885258E7A002DE209/$FILE/Donald-J-Trump-09.8.2026-278T.pdf
2026-07-31,purchase,LINDE PLC F,"$15,001 - $50,000",False,8,https://extapps2.oge.gov/201/Presiden.nsf/PAS+Index/E590116FC9631E9885258E7A002DE209/$FILE/Donald-J-Trump-09.8.2026-278T.pdf
2026-07-31,purchase,ECOLAB INC,"$15,001 - $50,000",False,8,https://extapps2.oge.gov/201/Presiden.nsf/PAS+Index/E590116FC9631E9885258E7A002DE209/$FILE/Donald-J-Trump-09.8.2026-278T.pdf
2026-07-31,purchase,JPMORGAN CHASE & CO 1o,"$15,001 - $50,000",False,8,https://extapps2.oge.gov/201/Presiden.nsf/PAS+Index/E590116FC9631E9885258E7A002DE209/$FILE/Donald-J-Trump-09.8.2026-278T.pdf
2026-07-31,purchase,CME GROUP INC CLASS A,"$15,001 - $50,000",False,8,https://extapps2.oge.gov/201/Presiden.nsf/PAS+Index/E590116FC9631E9885258E7A002DE209/$FILE/Donald-J-Trump-09.8.2026-278T.pdf
2026-07-31,sale,KINDER MORGAN INC DEL,"$1,001 - $15,000",False,8,https://extapps2.oge.gov/201/Presiden.nsf/PAS+Index/E590116FC9631E9885258E7A002DE209/$FILE/Donald-J-Trump-09.8.2026-278T.pdf
2026-07-31,sale,STARBUCKS CORP,"$1,001 - $15,000",False,8,https://extapps2.oge.gov/201/Presiden.nsf/PAS+Index/E590116FC9631E9885258E7A002DE209/$FILE/Donald-J-Trump-09.8.2026-278T.pdf
2026-07-31,sale,NEXTERA ENERGY INC,"$15,001 - $50,000",False,8,https://extapps2.oge.gov/201/Presiden.nsf/PAS+Index/E590116FC9631E9885258E7A002DE209/$FILE/Donald-J-Trump-09.8.2026-278T.pdf
2026-07-31,sale,CONOCOPHILLIPS,"$15,001 - $50,000",False,8,https://extapps2.oge.gov/201/Presiden.nsf/PAS+Index/E590116FC9631E9885258E7A002DE209/$FILE/Donald-J-Trump-09.8.2026-278T.pdf
2026-07-31,sale,CHEVRON CORP NEW,"$15,001 - $50,000",False,8,https://extapps2.oge.gov/201/Presiden.nsf/PAS+Index/E590116FC9631E9885258E7A002DE209/$FILE/Donald-J-Trump-09.8.2026-278T.pdf
2026-07-31,sale,BOOKING HLDGS INC,"$15,001 - $50,000",False,8,https://extapps2.oge.gov/201/Presiden.nsf/PAS+Index/E590116FC9631E9885258E7A002DE209/$FILE/Donald-J-Trump-09.8.2026-278T.pdf
2026-07-31,sale,BOOKING HLDGS INC,"$50,001 - $100,000",False,9,https://extapps2.oge.gov/201/Presiden.nsf/PAS+Index/E590116FC9631E9885258E7A002DE209/$FILE/Donald-J-Trump-09.8.2026-278T.pdf
2026-07-31,sale,CITIZENS FINL GROCJP INC,"$50,001 - $100,000",False,9,https://extapps2.oge.gov/201/Presiden.nsf/PAS+Index/E590116FC9631E9885258E7A002DE209/$FILE/Donald-J-Trump-09.8.2026-278T.pdf
2026-07-31,sale,RTXCORP,"$100,001 - $250,000",False,9,https://extapps2.oge.gov/201/Presiden.nsf/PAS+Index/E590116FC9631E9885258E7A002DE209/$FILE/Donald-J-Trump-09.8.2026-278T.pdf
2026-07-31,sale,THE COCA-COLA CO,"$100,001 - $250,000",False,9,https://extapps2.oge.gov/201/Presiden.nsf/PAS+Index/E590116FC9631E9885258E7A002DE209/$FILE/Donald-J-Trump-09.8.2026-278T.pdf
2026-07-31,sale,ROCKWELL AUTOMATION INC,"$100,001 - $250,000",False,9,https://extapps2.oge.gov/201/Presiden.nsf/PAS+Index/E590116FC9631E9885258E7A002DE209/$FILE/Donald-J-Trump-09.8.2026-278T.pdf
2026-07-31,sale,CVS HEALTH CORP,"$100,001 - $250,000",False,9,https://extapps2.oge.gov/201/Presiden.nsf/PAS+Index/E590116FC9631E9885258E7A002DE209/$FILE/Donald-J-Trump-09.8.2026-278T.pdf
2026-07-16,sale,CINCINNATI FINL CORP,"$100,001 - $250,000",False,9,https://extapps2.oge.gov/201/Presiden.nsf/PAS+Index/E590116FC9631E9885258E7A002DE209/$FILE/Donald-J-Trump-09.8.2026-278T.pdf
2026-07-08,sale,ZOETIS INC CLASS A,"$250,001 - $500,000",False,9,https://extapps2.oge.gov/201/Presiden.nsf/PAS+Index/E590116FC9631E9885258E7A002DE209/$FILE/Donald-J-Trump-09.8.2026-278T.pdf
2026-07-31,sale,MERCK & CO. INC,"$250,001 - $500,000",False,9,https://extapps2.oge.gov/201/Presiden.nsf/PAS+Index/E590116FC9631E9885258E7A002DE209/$FILE/Donald-J-Trump-09.8.2026-278T.pdf
2026-07-16,sale,VISA INC CLASS A,"$250,001 - $500,000",False,9,https://extapps2.oge.gov/201/Presiden.nsf/PAS+Index/E590116FC9631E9885258E7A002DE209/$FILE/Donald-J-Trump-09.8.2026-278T.pdf
2026-07-08,sale,GALLAGHER ARTHUR J & CO,"$250,001 - $500,000",False,9,https://extapps2.oge.gov/201/Presiden.nsf/PAS+Index/E590116FC9631E9885258E7A002DE209/$FILE/Donald-J-Trump-09.8.2026-278T.pdf
2026-07-08,sale,CONSTELLATION BRANDS INC CLASS A,"$250,001 - $500,000",False,9,https://extapps2.oge.gov/201/Presiden.nsf/PAS+Index/E590116FC9631E9885258E7A002DE209/$FILE/Donald-J-Trump-09.8.2026-278T.pdf
2026-07-16,sale,GENUINE PARTS CO,"$500,001 - $1,000,000",False,9,https://extapps2.oge.gov/201/Presiden.nsf/PAS+Index/E590116FC9631E9885258E7A002DE209/$FILE/Donald-J-Trump-09.8.2026-278T.pdf
2026-07-08,sale,MICROSOFT CORP,"$1,000,001 - $5,000,000",False,9,https://extapps2.oge.gov/201/Presiden.nsf/PAS+Index/E590116FC9631E9885258E7A002DE209/$FILE/Donald-J-Trump-09.8.2026-278T.pdf
2026-07-08,sale,MCDONALDS CORP,"$1,000,001 - $5,000,000",False,9,https://extapps2.oge.gov/201/Presiden.nsf/PAS+Index/E590116FC9631E9885258E7A002DE209/$FILE/Donald-J-Trump-09.8.2026-278T.pdf
2026-07-08,purchase,CONAGRA BRANDS INC,"$100,001 - $250,000",False,9,https://extapps2.oge.gov/201/Presiden.nsf/PAS+Index/E590116FC9631E9885258E7A002DE209/$FILE/Donald-J-Trump-09.8.2026-278T.pdf
2026-07-22,purchase,CONSTRUCTION PARTNERS IN CLASS A,"$50,001 - $100,000",False,9,https://extapps2.oge.gov/201/Presiden.nsf/PAS+Index/E590116FC9631E9885258E7A002DE209/$FILE/Donald-J-Trump-09.8.2026-278T.pdf
2026-07-17,purchase,MOBILITY GLOBAL INC,"$50,001 - $100,000",False,9,https://extapps2.oge.gov/201/Presiden.nsf/PAS+Index/E590116FC9631E9885258E7A002DE209/$FILE/Donald-J-Trump-09.8.2026-278T.pdf
2026-07-08,purchase,BADGER METER INC,"$50,001 - $100,000",False,9,https://extapps2.oge.gov/201/Presiden.nsf/PAS+Index/E590116FC9631E9885258E7A002DE209/$FILE/Donald-J-Trump-09.8.2026-278T.pdf
2026-07-08,purchase,NTNL HEALTH INVS INC REI REIT,"$50,001 - $100,000",False,9,https://extapps2.oge.gov/201/Presiden.nsf/PAS+Index/E590116FC9631E9885258E7A002DE209/$FILE/Donald-J-Trump-09.8.2026-278T.pdf
2026-07-17,purchase,KARMAN HLDGS INC,"$50,001 - $100,000",False,9,https://extapps2.oge.gov/201/Presiden.nsf/PAS+Index/E590116FC9631E9885258E7A002DE209/$FILE/Donald-J-Trump-09.8.2026-278T.pdf
2026-07-08,purchase,ESSENTIAL PPTYS RLT Y TR REIT,"$50,001 - $100,000",False,9,https://extapps2.oge.gov/201/Presiden.nsf/PAS+Index/E590116FC9631E9885258E7A002DE209/$FILE/Donald-J-Trump-09.8.2026-278T.pdf
2026-07-08,purchase,BRINKER INTL INC 1,"$50,001 - $100,000",False,9,https://extapps2.oge.gov/201/Presiden.nsf/PAS+Index/E590116FC9631E9885258E7A002DE209/$FILE/Donald-J-Trump-09.8.2026-278T.pdf
2026-07-17,purchase,CENTRUS ENERGY CORP CLASS A,"$15,001 - $50,000",False,9,https://extapps2.oge.gov/201/Presiden.nsf/PAS+Index/E590116FC9631E9885258E7A002DE209/$FILE/Donald-J-Trump-09.8.2026-278T.pdf
2026-07-08,purchase,LCI INDS,"$15,001 - $50,000",False,9,https://extapps2.oge.gov/201/Presiden.nsf/PAS+Index/E590116FC9631E9885258E7A002DE209/$FILE/Donald-J-Trump-09.8.2026-278T.pdf
2026-07-08,purchase,LAZARD INC,"$15,001 - $50,000",False,9,https://extapps2.oge.gov/201/Presiden.nsf/PAS+Index/E590116FC9631E9885258E7A002DE209/$FILE/Donald-J-Trump-09.8.2026-278T.pdf
2026-07-08,purchase,BRIGHT HORIZONS FAMILY S,"$15,001 - $50,000",False,9,https://extapps2.oge.gov/201/Presiden.nsf/PAS+Index/E590116FC9631E9885258E7A002DE209/$FILE/Donald-J-Trump-09.8.2026-278T.pdf
2026-07-08,purchase,GOODYEAR TIRE & RUBR CO,"$15,001 - $50,000",False,9,https://extapps2.oge.gov/201/Presiden.nsf/PAS+Index/E590116FC9631E9885258E7A002DE209/$FILE/Donald-J-Trump-09.8.2026-278T.pdf
2026-07-08,purchase,MARKETAXESS HLDGS INC,"$15,001 - $50,000",False,9,https://extapps2.oge.gov/201/Presiden.nsf/PAS+Index/E590116FC9631E9885258E7A002DE209/$FILE/Donald-J-Trump-09.8.2026-278T.pdf
2026-07-08,purchase,LKQ CORP,"$15,001 - $50,000",False,9,https://extapps2.oge.gov/201/Presiden.nsf/PAS+Index/E590116FC9631E9885258E7A002DE209/$FILE/Donald-J-Trump-09.8.2026-278T.pdf
2026-07-17,purchase,MIDERA FOOD PROCESSING,"$15,001 - $50,000",False,10,https://extapps2.oge.gov/201/Presiden.nsf/PAS+Index/E590116FC9631E9885258E7A002DE209/$FILE/Donald-J-Trump-09.8.2026-278T.pdf
2026-07-08,purchase,SHAKE SHACK INC CLASS A,"$15,001 - $50,000",False,10,https://extapps2.oge.gov/201/Presiden.nsf/PAS+Index/E590116FC9631E9885258E7A002DE209/$FILE/Donald-J-Trump-09.8.2026-278T.pdf
2026-07-08,purchase,FRESHPET INC,"$15,001 - $50,000",False,10,https://extapps2.oge.gov/201/Presiden.nsf/PAS+Index/E590116FC9631E9885258E7A002DE209/$FILE/Donald-J-Trump-09.8.2026-278T.pdf
2026-07-22,purchase,BLACKSTONE MTG TR INC REIT,"$15,001 - $50,000",False,10,https://extapps2.oge.gov/201/Presiden.nsf/PAS+Index/E590116FC9631E9885258E7A002DE209/$FILE/Donald-J-Trump-09.8.2026-278T.pdf
2026-07-17,purchase,SOLARIS ENERGY INFRSTR CLASS A,"$15,001 - $50,000",False,10,https://extapps2.oge.gov/201/Presiden.nsf/PAS+Index/E590116FC9631E9885258E7A002DE209/$FILE/Donald-J-Trump-09.8.2026-278T.pdf
2026-07-08,purchase,PRIMORIS SVCS CORP,"$15,001 - $50,000",False,10,https://extapps2.oge.gov/201/Presiden.nsf/PAS+Index/E590116FC9631E9885258E7A002DE209/$FILE/Donald-J-Trump-09.8.2026-278T.pdf
2026-07-08,purchase,ATMUS FILTRATION TECHNOL,"$15,001 - $50,000",False,10,https://extapps2.oge.gov/201/Presiden.nsf/PAS+Index/E590116FC9631E9885258E7A002DE209/$FILE/Donald-J-Trump-09.8.2026-278T.pdf
2026-07-08,purchase,GULFPORT ENERGY CORP EQU CLASS EQUITY,"$15,001 - $50,000",True,10,https://extapps2.oge.gov/201/Presiden.nsf/PAS+Index/E590116FC9631E9885258E7A002DE209/$FILE/Donald-J-Trump-09.8.2026-278T.pdf
2026-07-08,purchase,WAYSTAR HLDG CORP,"$15,001 - $50,000",True,10,https://extapps2.oge.gov/201/Presiden.nsf/PAS+Index/E590116FC9631E9885258E7A002DE209/$FILE/Donald-J-Trump-09.8.2026-278T.pdf
2026-07-08,purchase,DIEBOLD NIXDORF INC,"$15,001 - $50,000",False,10,https://extapps2.oge.gov/201/Presiden.nsf/PAS+Index/E590116FC9631E9885258E7A002DE209/$FILE/Donald-J-Trump-09.8.2026-278T.pdf
2026-07-08,purchase,KEMPER CORP DEL,"$15,001 - $50,000",False,10,https://extapps2.oge.gov/201/Presiden.nsf/PAS+Index/E590116FC9631E9885258E7A002DE209/$FILE/Donald-J-Trump-09.8.2026-278T.pdf
2026-07-08,purchase,VlASATINC,"$15,001 - $50,000",False,10,https://extapps2.oge.gov/201/Presiden.nsf/PAS+Index/E590116FC9631E9885258E7A002DE209/$FILE/Donald-J-Trump-09.8.2026-278T.pdf
2026-07-08,purchase,GROUP 1 AUTOMOTIVE INC,"$15,001 - $50,000",False,10,https://extapps2.oge.gov/201/Presiden.nsf/PAS+Index/E590116FC9631E9885258E7A002DE209/$FILE/Donald-J-Trump-09.8.2026-278T.pdf
2026-07-08,purchase,PENGUIN SOLUTIONS INC DE,"$15,001 - $50,000",False,10,https://extapps2.oge.gov/201/Presiden.nsf/PAS+Index/E590116FC9631E9885258E7A002DE209/$FILE/Donald-J-Trump-09.8.2026-278T.pdf
2026-07-22,purchase,FULLERHBCO,"$15,001 - $50,000",False,10,https://extapps2.oge.gov/201/Presiden.nsf/PAS+Index/E590116FC9631E9885258E7A002DE209/$FILE/Donald-J-Trump-09.8.2026-278T.pdf
2026-07-08,purchase,DXC TECHNOLOGY CO,"$15,001 - $50,000",False,10,https://extapps2.oge.gov/201/Presiden.nsf/PAS+Index/E590116FC9631E9885258E7A002DE209/$FILE/Donald-J-Trump-09.8.2026-278T.pdf
2026-07-08,purchase,AGILYSYS INC,"$15,001 - $50,000",False,10,https://extapps2.oge.gov/201/Presiden.nsf/PAS+Index/E590116FC9631E9885258E7A002DE209/$FILE/Donald-J-Trump-09.8.2026-278T.pdf
2026-07-08,purchase,POOL CORP,"$15,001 - $50,000",False,10,https://extapps2.oge.gov/201/Presiden.nsf/PAS+Index/E590116FC9631E9885258E7A002DE209/$FILE/Donald-J-Trump-09.8.2026-278T.pdf
2026-07-17,purchase,PERRIGO CO PLC F,"$15,001 - $50,000",False,10,https://extapps2.oge.gov/201/Presiden.nsf/PAS+Index/E590116FC9631E9885258E7A002DE209/$FILE/Donald-J-Trump-09.8.2026-278T.pdf
2026-07-08,purchase,MGE ENERGY INC,"$15,001 - $50,000",False,10,https://extapps2.oge.gov/201/Presiden.nsf/PAS+Index/E590116FC9631E9885258E7A002DE209/$FILE/Donald-J-Trump-09.8.2026-278T.pdf
2026-07-08,purchase,CREDIT ACCEP CORP MICH,"$15,001 - $50,000",False,10,https://extapps2.oge.gov/201/Presiden.nsf/PAS+Index/E590116FC9631E9885258E7A002DE209/$FILE/Donald-J-Trump-09.8.2026-278T.pdf
2026-07-08,purchase,ARBOR RLTY TR INC REIT,"$15,001 - $50,000",False,10,https://extapps2.oge.gov/201/Presiden.nsf/PAS+Index/E590116FC9631E9885258E7A002DE209/$FILE/Donald-J-Trump-09.8.2026-278T.pdf
2026-07-08,purchase,0-1 GLASS INC,"$15,001 - $50,000",False,10,https://extapps2.oge.gov/201/Presiden.nsf/PAS+Index/E590116FC9631E9885258E7A002DE209/$FILE/Donald-J-Trump-09.8.2026-278T.pdf
2026-07-22,purchase,ALPHA & OMEGA SEMICOND F,"$15,001 - $50,000",False,10,https://extapps2.oge.gov/201/Presiden.nsf/PAS+Index/E590116FC9631E9885258E7A002DE209/$FILE/Donald-J-Trump-09.8.2026-278T.pdf
2026-07-08,purchase,HNI CORP,"$15,001 - $50,000",False,10,https://extapps2.oge.gov/201/Presiden.nsf/PAS+Index/E590116FC9631E9885258E7A002DE209/$FILE/Donald-J-Trump-09.8.2026-278T.pdf
2026-07-08,purchase,GOOSEHEAD INS INC CLASS A,"$15,001 - $50,000",False,10,https://extapps2.oge.gov/201/Presiden.nsf/PAS+Index/E590116FC9631E9885258E7A002DE209/$FILE/Donald-J-Trump-09.8.2026-278T.pdf
2026-07-22,purchase,VSECORP,"$15,001 - $50,000",False,10,https://extapps2.oge.gov/201/Presiden.nsf/PAS+Index/E590116FC9631E9885258E7A002DE209/$FILE/Donald-J-Trump-09.8.2026-278T.pdf
2026-07-22,purchase,CORE NAT RES INC,"$15,001 - $50,000",False,10,https://extapps2.oge.gov/201/Presiden.nsf/PAS+Index/E590116FC9631E9885258E7A002DE209/$FILE/Donald-J-Trump-09.8.2026-278T.pdf
2026-07-08,purchase,INSPIRE MED SYS INC,"$15,001 - $50,000",True,10,https://extapps2.oge.gov/201/Presiden.nsf/PAS+Index/E590116FC9631E9885258E7A002DE209/$FILE/Donald-J-Trump-09.8.2026-278T.pdf
2026-07-22,purchase,LAKELAND FINL CORP,"$15,001 - $50,000",False,10,https://extapps2.oge.gov/201/Presiden.nsf/PAS+Index/E590116FC9631E9885258E7A002DE209/$FILE/Donald-J-Trump-09.8.2026-278T.pdf
2026-07-22,purchase,MILLROSE PPTYS INC CLASS A,"$15,001 - $50,000",False,10,https://extapps2.oge.gov/201/Presiden.nsf/PAS+Index/E590116FC9631E9885258E7A002DE209/$FILE/Donald-J-Trump-09.8.2026-278T.pdf
2026-07-22,purchase,SOLARIS ENERGY INFRSTR CLASS A,"$15,001 - $50,000",False,10,https://extapps2.oge.gov/201/Presiden.nsf/PAS+Index/E590116FC9631E9885258E7A002DE209/$FILE/Donald-J-Trump-09.8.2026-278T.pdf
2026-07-22,purchase,GULFPORT ENERGY CORP EQU CLASS EQUITY,"$15,001 - $50,000",False,10,https://extapps2.oge.gov/201/Presiden.nsf/PAS+Index/E590116FC9631E9885258E7A002DE209/$FILE/Donald-J-Trump-09.8.2026-278T.pdf
2026-07-22,purchase,PRIMORIS SVCS CORP,"$15,001 - $50,000",False,11,https://extapps2.oge.gov/201/Presiden.nsf/PAS+Index/E590116FC9631E9885258E7A002DE209/$FILE/Donald-J-Trump-09.8.2026-278T.pdf
2026-07-17,purchase,TANDEM DIABETES CARE INC,"$15,001 - $50,000",False,11,https://extapps2.oge.gov/201/Presiden.nsf/PAS+Index/E590116FC9631E9885258E7A002DE209/$FILE/Donald-J-Trump-09.8.2026-278T.pdf
2026-07-08,purchase,FIRST ADVANTAGE CORP NEW,"$15,001 - $50,000",False,11,https://extapps2.oge.gov/201/Presiden.nsf/PAS+Index/E590116FC9631E9885258E7A002DE209/$FILE/Donald-J-Trump-09.8.2026-278T.pdf
2026-07-17,purchase,VIRTUS INVT PARTNERS INC,"$15,001 - $50,000",False,11,https://extapps2.oge.gov/201/Presiden.nsf/PAS+Index/E590116FC9631E9885258E7A002DE209/$FILE/Donald-J-Trump-09.8.2026-278T.pdf
2026-07-08,purchase,MOHAWK INDS INC,"$15,001 - $50,000",False,11,https://extapps2.oge.gov/201/Presiden.nsf/PAS+Index/E590116FC9631E9885258E7A002DE209/$FILE/Donald-J-Trump-09.8.2026-278T.pdf
2026-07-08,purchase,SYLVAMO CORP,"$15,001 - $50,000",False,11,https://extapps2.oge.gov/201/Presiden.nsf/PAS+Index/E590116FC9631E9885258E7A002DE209/$FILE/Donald-J-Trump-09.8.2026-278T.pdf
2026-07-08,purchase,SIMPLY GOOD FOODS CO,"$15,001 - $50,000",False,11,https://extapps2.oge.gov/201/Presiden.nsf/PAS+Index/E590116FC9631E9885258E7A002DE209/$FILE/Donald-J-Trump-09.8.2026-278T.pdf
2026-07-08,purchase,MASTERBRAND INC,"$15,001 - $50,000",False,11,https://extapps2.oge.gov/201/Presiden.nsf/PAS+Index/E590116FC9631E9885258E7A002DE209/$FILE/Donald-J-Trump-09.8.2026-278T.pdf
2026-07-08,purchase,U S PHYSICAL THERAPY,"$15,001 - $50,000",False,11,https://extapps2.oge.gov/201/Presiden.nsf/PAS+Index/E590116FC9631E9885258E7A002DE209/$FILE/Donald-J-Trump-09.8.2026-278T.pdf
2026-07-08,purchase,EVERTEC INC F,"$15,001 - $50,000",False,11,https://extapps2.oge.gov/201/Presiden.nsf/PAS+Index/E590116FC9631E9885258E7A002DE209/$FILE/Donald-J-Trump-09.8.2026-278T.pdf
2026-07-08,purchase,NETSTREIT CORP,"$15,001 - $50,000",False,11,https://extapps2.oge.gov/201/Presiden.nsf/PAS+Index/E590116FC9631E9885258E7A002DE209/$FILE/Donald-J-Trump-09.8.2026-278T.pdf
2026-07-08,purchase,VERRA MOBILITY CORP CLASS A,"$15,001 - $50,000",False,11,https://extapps2.oge.gov/201/Presiden.nsf/PAS+Index/E590116FC9631E9885258E7A002DE209/$FILE/Donald-J-Trump-09.8.2026-278T.pdf
2026-07-08,purchase,MERIT MED SYS INC,"$15,001 - $50,000",False,11,https://extapps2.oge.gov/201/Presiden.nsf/PAS+Index/E590116FC9631E9885258E7A002DE209/$FILE/Donald-J-Trump-09.8.2026-278T.pdf
2026-07-08,purchase,PALOMAR HLDGS INC,"$15,001 - $50,000",False,11,https://extapps2.oge.gov/201/Presiden.nsf/PAS+Index/E590116FC9631E9885258E7A002DE209/$FILE/Donald-J-Trump-09.8.2026-278T.pdf
2026-07-08,purchase,COMSTOCK RES INC,"$15,001 - $50,000",False,11,https://extapps2.oge.gov/201/Presiden.nsf/PAS+Index/E590116FC9631E9885258E7A002DE209/$FILE/Donald-J-Trump-09.8.2026-278T.pdf
2026-07-08,sale,ITRON INC EQUITY CLASS EQUITY,"$1,001 - $15,000",False,11,https://extapps2.oge.gov/201/Presiden.nsf/PAS+Index/E590116FC9631E9885258E7A002DE209/$FILE/Donald-J-Trump-09.8.2026-278T.pdf
2026-07-29,sale,ROGERS CORP,"$1,001 - $15,000",False,11,https://extapps2.oge.gov/201/Presiden.nsf/PAS+Index/E590116FC9631E9885258E7A002DE209/$FILE/Donald-J-Trump-09.8.2026-278T.pdf
2026-07-29,sale,CHESAPEAKE UTILS CORP,"$1,001 - $15,000",False,11,https://extapps2.oge.gov/201/Presiden.nsf/PAS+Index/E590116FC9631E9885258E7A002DE209/$FILE/Donald-J-Trump-09.8.2026-278T.pdf
2026-07-29,sale,NTNL BK HLDGS CORP A CLASS A,"$1,001 - $15,000",False,11,https://extapps2.oge.gov/201/Presiden.nsf/PAS+Index/E590116FC9631E9885258E7A002DE209/$FILE/Donald-J-Trump-09.8.2026-278T.pdf
2026-07-08,sale,SIX FLAGS ENTMT CORP CLASS EQUITY,"$1,001 - $15,000",False,11,https://extapps2.oge.gov/201/Presiden.nsf/PAS+Index/E590116FC9631E9885258E7A002DE209/$FILE/Donald-J-Trump-09.8.2026-278T.pdf
2026-07-08,sale,OSI SYS INC,"$1,001 - $15,000",False,11,https://extapps2.oge.gov/201/Presiden.nsf/PAS+Index/E590116FC9631E9885258E7A002DE209/$FILE/Donald-J-Trump-09.8.2026-278T.pdf
2026-07-29,sale,INTERFACE INC CLASS A,"$1,001 - $15,000",False,11,https://extapps2.oge.gov/201/Presiden.nsf/PAS+Index/E590116FC9631E9885258E7A002DE209/$FILE/Donald-J-Trump-09.8.2026-278T.pdf
2026-07-29,sale,JETBLUE AWYS CORP EQUITY CLASS EQUITY,"$1,001 - $15,000",False,11,https://extapps2.oge.gov/201/Presiden.nsf/PAS+Index/E590116FC9631E9885258E7A002DE209/$FILE/Donald-J-Trump-09.8.2026-278T.pdf
2026-07-29,sale,DAVE INC CLASS CLASS A,"$1,001 - $15,000",False,11,https://extapps2.oge.gov/201/Presiden.nsf/PAS+Index/E590116FC9631E9885258E7A002DE209/$FILE/Donald-J-Trump-09.8.2026-278T.pdf
2026-07-29,sale,RENASANT CORP,"$1,001 - $15,000",False,11,https://extapps2.oge.gov/201/Presiden.nsf/PAS+Index/E590116FC9631E9885258E7A002DE209/$FILE/Donald-J-Trump-09.8.2026-278T.pdf
2026-07-08,sale,CALIX INC,"$1,001 - $15,000",False,11,https://extapps2.oge.gov/201/Presiden.nsf/PAS+Index/E590116FC9631E9885258E7A002DE209/$FILE/Donald-J-Trump-09.8.2026-278T.pdf
2026-07-29,sale,LAMB WESTON HLDGS INC,"$1,001 - $15,000",False,11,https://extapps2.oge.gov/201/Presiden.nsf/PAS+Index/E590116FC9631E9885258E7A002DE209/$FILE/Donald-J-Trump-09.8.2026-278T.pdf
2026-07-29,sale,FRANKLIN ELEC INC,"$1,001 - $15,000",False,11,https://extapps2.oge.gov/201/Presiden.nsf/PAS+Index/E590116FC9631E9885258E7A002DE209/$FILE/Donald-J-Trump-09.8.2026-278T.pdf
2026-07-29,sale,PRIVIA HEALTH GROUP INC,"$1,001 - $15,000",False,11,https://extapps2.oge.gov/201/Presiden.nsf/PAS+Index/E590116FC9631E9885258E7A002DE209/$FILE/Donald-J-Trump-09.8.2026-278T.pdf
2026-07-08,sale,ARTISAN PARTNERS ASSET M CLASS A,"$1,001 - $15,000",False,11,https://extapps2.oge.gov/201/Presiden.nsf/PAS+Index/E590116FC9631E9885258E7A002DE209/$FILE/Donald-J-Trump-09.8.2026-278T.pdf
2026-07-29,sale,SHENANDOAH TELECOMMUNICA,"$1,001 - $15,000",False,11,https://extapps2.oge.gov/201/Presiden.nsf/PAS+Index/E590116FC9631E9885258E7A002DE209/$FILE/Donald-J-Trump-09.8.2026-278T.pdf
2026-07-29,sale,JBG SMITH PPTYS,"$1,001 - $15,000",False,11,https://extapps2.oge.gov/201/Presiden.nsf/PAS+Index/E590116FC9631E9885258E7A002DE209/$FILE/Donald-J-Trump-09.8.2026-278T.pdf
2026-07-08,sale,MONRO INC,"$1,001 - $15,000",False,11,https://extapps2.oge.gov/201/Presiden.nsf/PAS+Index/E590116FC9631E9885258E7A002DE209/$FILE/Donald-J-Trump-09.8.2026-278T.pdf
2026-07-29,sale,N-ABLEINC,"$1,001 - $15,000",False,12,https://extapps2.oge.gov/201/Presiden.nsf/PAS+Index/E590116FC9631E9885258E7A002DE209/$FILE/Donald-J-Trump-09.8.2026-278T.pdf
2026-07-29,sale,CAESARS ENTMT INC NEW,"$1,001 - $15,000",False,12,https://extapps2.oge.gov/201/Presiden.nsf/PAS+Index/E590116FC9631E9885258E7A002DE209/$FILE/Donald-J-Trump-09.8.2026-278T.pdf
2026-07-08,sale,LIQUIDIA CORP,"$1,001 - $15,000",False,12,https://extapps2.oge.gov/201/Presiden.nsf/PAS+Index/E590116FC9631E9885258E7A002DE209/$FILE/Donald-J-Trump-09.8.2026-278T.pdf
2026-07-29,sale,GOODYEAR TIRE & RUBR CO,"$1,001 - $15,000",False,12,https://extapps2.oge.gov/201/Presiden.nsf/PAS+Index/E590116FC9631E9885258E7A002DE209/$FILE/Donald-J-Trump-09.8.2026-278T.pdf
2026-07-29,sale,EZCORP INC CLASS A,"$1,001 - $15,000",False,12,https://extapps2.oge.gov/201/Presiden.nsf/PAS+Index/E590116FC9631E9885258E7A002DE209/$FILE/Donald-J-Trump-09.8.2026-278T.pdf
2026-07-29,sale,GEO GROUP INC NEW REIT,"$1,001 - $15,000",False,12,https://extapps2.oge.gov/201/Presiden.nsf/PAS+Index/E590116FC9631E9885258E7A002DE209/$FILE/Donald-J-Trump-09.8.2026-278T.pdf
2026-07-29,sale,ARTIVlON INC,"$1,001 - $15,000",False,12,https://extapps2.oge.gov/201/Presiden.nsf/PAS+Index/E590116FC9631E9885258E7A002DE209/$FILE/Donald-J-Trump-09.8.2026-278T.pdf
2026-07-29,sale,WENDYS CO CLASS A,"$1,001 - $15,000",False,12,https://extapps2.oge.gov/201/Presiden.nsf/PAS+Index/E590116FC9631E9885258E7A002DE209/$FILE/Donald-J-Trump-09.8.2026-278T.pdf
2026-07-29,sale,CHEMOURSCO,"$1,001 - $15,000",False,12,https://extapps2.oge.gov/201/Presiden.nsf/PAS+Index/E590116FC9631E9885258E7A002DE209/$FILE/Donald-J-Trump-09.8.2026-278T.pdf
2026-07-08,sale,ENERGIZER HLDGS INC NEW,"$1,001 - $15,000",False,12,https://extapps2.oge.gov/201/Presiden.nsf/PAS+Index/E590116FC9631E9885258E7A002DE209/$FILE/Donald-J-Trump-09.8.2026-278T.pdf
2026-07-08,sale,EASTMAN CHEM CO,"$1,001 - $15,000",False,12,https://extapps2.oge.gov/201/Presiden.nsf/PAS+Index/E590116FC9631E9885258E7A002DE209/$FILE/Donald-J-Trump-09.8.2026-278T.pdf
2026-07-08,sale,CORE LABORATORIES INC,"$1,001 - $15,000",False,12,https://extapps2.oge.gov/201/Presiden.nsf/PAS+Index/E590116FC9631E9885258E7A002DE209/$FILE/Donald-J-Trump-09.8.2026-278T.pdf
2026-07-29,sale,WESTERN UN CO,"$1,001 - $15,000",False,12,https://extapps2.oge.gov/201/Presiden.nsf/PAS+Index/E590116FC9631E9885258E7A002DE209/$FILE/Donald-J-Trump-09.8.2026-278T.pdf
2026-07-29,sale,ACUSHNET HLDGS CORP,"$1,001 - $15,000",False,12,https://extapps2.oge.gov/201/Presiden.nsf/PAS+Index/E590116FC9631E9885258E7A002DE209/$FILE/Donald-J-Trump-09.8.2026-278T.pdf
2026-07-29,sale,OUTFRONT MEDIA INC,"$1,001 - $15,000",False,12,https://extapps2.oge.gov/201/Presiden.nsf/PAS+Index/E590116FC9631E9885258E7A002DE209/$FILE/Donald-J-Trump-09.8.2026-278T.pdf
2026-07-29,sale,WISDOMTREE INC,"$1,001 - $15,000",False,12,https://extapps2.oge.gov/201/Presiden.nsf/PAS+Index/E590116FC9631E9885258E7A002DE209/$FILE/Donald-J-Trump-09.8.2026-278T.pdf
2026-07-29,sale,DORMAN PRODS INC,"$1,001 - $15,000",False,12,https://extapps2.oge.gov/201/Presiden.nsf/PAS+Index/E590116FC9631E9885258E7A002DE209/$FILE/Donald-J-Trump-09.8.2026-278T.pdf
2026-07-29,sale,HEALTHCARE SVCS GROUP IN,"$1,001 - $15,000",False,12,https://extapps2.oge.gov/201/Presiden.nsf/PAS+Index/E590116FC9631E9885258E7A002DE209/$FILE/Donald-J-Trump-09.8.2026-278T.pdf
2026-07-29,sale,FORMFACTOR INC,"$1,001 - $15,000",False,12,https://extapps2.oge.gov/201/Presiden.nsf/PAS+Index/E590116FC9631E9885258E7A002DE209/$FILE/Donald-J-Trump-09.8.2026-278T.pdf
2026-07-29,sale,ARMSTRONG WORLD INDS INC,"$1,001 - $15,000",False,12,https://extapps2.oge.gov/201/Presiden.nsf/PAS+Index/E590116FC9631E9885258E7A002DE209/$FILE/Donald-J-Trump-09.8.2026-278T.pdf
2026-07-08,sale,OXFORD INDS INC,"$1,001 - $15,000",False,12,https://extapps2.oge.gov/201/Presiden.nsf/PAS+Index/E590116FC9631E9885258E7A002DE209/$FILE/Donald-J-Trump-09.8.2026-278T.pdf
2026-07-08,sale,COLLEGIUM PHARMACEUTICAL,"$1,001 - $15,000",False,12,https://extapps2.oge.gov/201/Presiden.nsf/PAS+Index/E590116FC9631E9885258E7A002DE209/$FILE/Donald-J-Trump-09.8.2026-278T.pdf
2026-07-29,sale,SCHNEIDER NATL INC WIS CLASS B,"$1,001 - $15,000",False,12,https://extapps2.oge.gov/201/Presiden.nsf/PAS+Index/E590116FC9631E9885258E7A002DE209/$FILE/Donald-J-Trump-09.8.2026-278T.pdf
2026-07-08,sale,HERTZ GLOBAL HLDGS INC N,"$1,001 - $15,000",False,12,https://extapps2.oge.gov/201/Presiden.nsf/PAS+Index/E590116FC9631E9885258E7A002DE209/$FILE/Donald-J-Trump-09.8.2026-278T.pdf
2026-07-29,sale,QUIDELORTHO CORP,"$1,001 - $15,000",False,12,https://extapps2.oge.gov/201/Presiden.nsf/PAS+Index/E590116FC9631E9885258E7A002DE209/$FILE/Donald-J-Trump-09.8.2026-278T.pdf
2026-07-29,sale,PHILLIPS EDISON & CO INC,"$1,001 - $15,000",False,12,https://extapps2.oge.gov/201/Presiden.nsf/PAS+Index/E590116FC9631E9885258E7A002DE209/$FILE/Donald-J-Trump-09.8.2026-278T.pdf
2026-07-29,sale,CARGURUS INC CLASS A,"$1,001 - $15,000",False,12,https://extapps2.oge.gov/201/Presiden.nsf/PAS+Index/E590116FC9631E9885258E7A002DE209/$FILE/Donald-J-Trump-09.8.2026-278T.pdf
2026-07-29,sale,ARLO TECHNOLOGIES INC,"$1,001 - $15,000",False,12,https://extapps2.oge.gov/201/Presiden.nsf/PAS+Index/E590116FC9631E9885258E7A002DE209/$FILE/Donald-J-Trump-09.8.2026-278T.pdf
2026-07-08,sale,BLACKLINE INC,"$1,001 - $15,000",False,12,https://extapps2.oge.gov/201/Presiden.nsf/PAS+Index/E590116FC9631E9885258E7A002DE209/$FILE/Donald-J-Trump-09.8.2026-278T.pdf
2026-07-29,sale,CORVELCORP,"$1,001 - $15,000",False,12,https://extapps2.oge.gov/201/Presiden.nsf/PAS+Index/E590116FC9631E9885258E7A002DE209/$FILE/Donald-J-Trump-09.8.2026-278T.pdf
2026-07-29,sale,BUCKLE INC,"$1,001 - $15,000",False,12,https://extapps2.oge.gov/201/Presiden.nsf/PAS+Index/E590116FC9631E9885258E7A002DE209/$FILE/Donald-J-Trump-09.8.2026-278T.pdf
2026-07-29,sale,TANGER INC REIT,"$1,001 - $15,000",False,12,https://extapps2.oge.gov/201/Presiden.nsf/PAS+Index/E590116FC9631E9885258E7A002DE209/$FILE/Donald-J-Trump-09.8.2026-278T.pdf
2026-07-29,sale,FRESHPET INC,"$1,001 - $15,000",False,12,https://extapps2.oge.gov/201/Presiden.nsf/PAS+Index/E590116FC9631E9885258E7A002DE209/$FILE/Donald-J-Trump-09.8.2026-278T.pdf
2026-07-08,sale,WORTHINGTON ENTERPRI,"$1,001 - $15,000",True,13,https://extapps2.oge.gov/201/Presiden.nsf/PAS+Index/E590116FC9631E9885258E7A002DE209/$FILE/Donald-J-Trump-09.8.2026-278T.pdf
2026-07-29,sale,CONCENTRA GROUP HOLD EQU CL.ASS EQUITY,"$1,001 - $15,000",False,13,https://extapps2.oge.gov/201/Presiden.nsf/PAS+Index/E590116FC9631E9885258E7A002DE209/$FILE/Donald-J-Trump-09.8.2026-278T.pdf
2026-07-29,sale,ADMA BIOLOGICS INC,"$1,001 - $15,000",False,13,https://extapps2.oge.gov/201/Presiden.nsf/PAS+Index/E590116FC9631E9885258E7A002DE209/$FILE/Donald-J-Trump-09.8.2026-278T.pdf
2026-07-29,sale,VICI PPTYS INC REIT,"$1,001 - $15,000",False,13,https://extapps2.oge.gov/201/Presiden.nsf/PAS+Index/E590116FC9631E9885258E7A002DE209/$FILE/Donald-J-Trump-09.8.2026-278T.pdf
2026-07-29,sale,PRICESMART INC,"$1,001 - $15,000",False,13,https://extapps2.oge.gov/201/Presiden.nsf/PAS+Index/E590116FC9631E9885258E7A002DE209/$FILE/Donald-J-Trump-09.8.2026-278T.pdf
2026-07-29,sale,NMI HLDGS INC,"$1,001 - $15,000",False,13,https://extapps2.oge.gov/201/Presiden.nsf/PAS+Index/E590116FC9631E9885258E7A002DE209/$FILE/Donald-J-Trump-09.8.2026-278T.pdf
2026-07-29,sale,SUNSTONE HOTEL INVS INC REIT,"$1,001 - $15,000",False,13,https://extapps2.oge.gov/201/Presiden.nsf/PAS+Index/E590116FC9631E9885258E7A002DE209/$FILE/Donald-J-Trump-09.8.2026-278T.pdf
2026-07-29,sale,XENCORINC,"$1,001 - $15,000",False,13,https://extapps2.oge.gov/201/Presiden.nsf/PAS+Index/E590116FC9631E9885258E7A002DE209/$FILE/Donald-J-Trump-09.8.2026-278T.pdf
2026-07-29,sale,3n BRIGHT HORIZONS FAMILY S,"$1,001 - $15,000",False,13,https://extapps2.oge.gov/201/Presiden.nsf/PAS+Index/E590116FC9631E9885258E7A002DE209/$FILE/Donald-J-Trump-09.8.2026-278T.pdf
2026-07-29,sale,HOPE BANCORP INC,"$1,001 - $15,000",False,13,https://extapps2.oge.gov/201/Presiden.nsf/PAS+Index/E590116FC9631E9885258E7A002DE209/$FILE/Donald-J-Trump-09.8.2026-278T.pdf
2026-07-29,sale,SIGNET JEWELERS LIMITE F,"$1,001 - $15,000",False,13,https://extapps2.oge.gov/201/Presiden.nsf/PAS+Index/E590116FC9631E9885258E7A002DE209/$FILE/Donald-J-Trump-09.8.2026-278T.pdf
2026-07-29,sale,AMERISAFE INC,"$1,001 - $15,000",False,13,https://extapps2.oge.gov/201/Presiden.nsf/PAS+Index/E590116FC9631E9885258E7A002DE209/$FILE/Donald-J-Trump-09.8.2026-278T.pdf
2026-07-08,sale,LYFT INC CLASS CLASS A,"$1,001 - $15,000",False,13,https://extapps2.oge.gov/201/Presiden.nsf/PAS+Index/E590116FC9631E9885258E7A002DE209/$FILE/Donald-J-Trump-09.8.2026-278T.pdf
2026-07-29,sale,3TT ONESPAWORLD HLDGS LTD F,"$1,001 - $15,000",False,13,https://extapps2.oge.gov/201/Presiden.nsf/PAS+Index/E590116FC9631E9885258E7A002DE209/$FILE/Donald-J-Trump-09.8.2026-278T.pdf
2026-07-29,sale,INSPIRE MED SYS INC,"$1,001 - $15,000",False,13,https://extapps2.oge.gov/201/Presiden.nsf/PAS+Index/E590116FC9631E9885258E7A002DE209/$FILE/Donald-J-Trump-09.8.2026-278T.pdf
2026-07-29,sale,UNIFIRST CORP MASS,"$1,001 - $15,000",False,13,https://extapps2.oge.gov/201/Presiden.nsf/PAS+Index/E590116FC9631E9885258E7A002DE209/$FILE/Donald-J-Trump-09.8.2026-278T.pdf
2026-07-29,sale,RXOINC,"$1,001 - $15,000",False,13,https://extapps2.oge.gov/201/Presiden.nsf/PAS+Index/E590116FC9631E9885258E7A002DE209/$FILE/Donald-J-Trump-09.8.2026-278T.pdf
2026-07-29,sale,LEGGETT & PLATT INC,"$1,001 - $15,000",False,13,https://extapps2.oge.gov/201/Presiden.nsf/PAS+Index/E590116FC9631E9885258E7A002DE209/$FILE/Donald-J-Trump-09.8.2026-278T.pdf
2026-07-08,sale,AOTINCDEL,"$1,001 - $15,000",False,13,https://extapps2.oge.gov/201/Presiden.nsf/PAS+Index/E590116FC9631E9885258E7A002DE209/$FILE/Donald-J-Trump-09.8.2026-278T.pdf
2026-07-29,sale,STAAR SURGICAL CO,"$1,001 - $15,000",False,13,https://extapps2.oge.gov/201/Presiden.nsf/PAS+Index/E590116FC9631E9885258E7A002DE209/$FILE/Donald-J-Trump-09.8.2026-278T.pdf
2026-07-29,sale,CHEFS WHSE INC,"$1,001 - $15,000",False,13,https://extapps2.oge.gov/201/Presiden.nsf/PAS+Index/E590116FC9631E9885258E7A002DE209/$FILE/Donald-J-Trump-09.8.2026-278T.pdf
2026-07-29,sale,U S PHYSICAL THERAPY,"$1,001 - $15,000",False,13,https://extapps2.oge.gov/201/Presiden.nsf/PAS+Index/E590116FC9631E9885258E7A002DE209/$FILE/Donald-J-Trump-09.8.2026-278T.pdf
2026-07-08,sale,PAPA JOHNS INTL INC,"$1,001 - $15,000",True,13,https://extapps2.oge.gov/201/Presiden.nsf/PAS+Index/E590116FC9631E9885258E7A002DE209/$FILE/Donald-J-Trump-09.8.2026-278T.pdf
2026-07-29,sale,URBAN OUTFITTERS INC,"$1,001 - $15,000",False,13,https://extapps2.oge.gov/201/Presiden.nsf/PAS+Index/E590116FC9631E9885258E7A002DE209/$FILE/Donald-J-Trump-09.8.2026-278T.pdf
2026-07-29,sale,ADEIAINC,"$1,001 - $15,000",False,13,https://extapps2.oge.gov/201/Presiden.nsf/PAS+Index/E590116FC9631E9885258E7A002DE209/$FILE/Donald-J-Trump-09.8.2026-278T.pdf
2026-07-29,sale,ELLINGTON FINL INC REIT,"$1,001 - $15,000",False,13,https://extapps2.oge.gov/201/Presiden.nsf/PAS+Index/E590116FC9631E9885258E7A002DE209/$FILE/Donald-J-Trump-09.8.2026-278T.pdf
2026-07-29,sale,INSIGHT ENTERPRISES INC,"$1,001 - $15,000",False,13,https://extapps2.oge.gov/201/Presiden.nsf/PAS+Index/E590116FC9631E9885258E7A002DE209/$FILE/Donald-J-Trump-09.8.2026-278T.pdf
2026-07-29,sale,BENCHMARK ELECTRS INC,"$1,001 - $15,000",False,13,https://extapps2.oge.gov/201/Presiden.nsf/PAS+Index/E590116FC9631E9885258E7A002DE209/$FILE/Donald-J-Trump-09.8.2026-278T.pdf
2026-07-29,sale,SABRE CORP,"$1,001 - $15,000",False,13,https://extapps2.oge.gov/201/Presiden.nsf/PAS+Index/E590116FC9631E9885258E7A002DE209/$FILE/Donald-J-Trump-09.8.2026-278T.pdf
2026-07-29,sale,ANDERSONS INC,"$1,001 - $15,000",False,13,https://extapps2.oge.gov/201/Presiden.nsf/PAS+Index/E590116FC9631E9885258E7A002DE209/$FILE/Donald-J-Trump-09.8.2026-278T.pdf
2026-07-29,sale,KONTOOR BRANDS INC,"$1,001 - $15,000",False,14,https://extapps2.oge.gov/201/Presiden.nsf/PAS+Index/E590116FC9631E9885258E7A002DE209/$FILE/Donald-J-Trump-09.8.2026-278T.pdf
2026-07-29,sale,INSTEEL INDS INC,"$1,001 - $15,000",False,14,https://extapps2.oge.gov/201/Presiden.nsf/PAS+Index/E590116FC9631E9885258E7A002DE209/$FILE/Donald-J-Trump-09.8.2026-278T.pdf
2026-07-29,sale,TITAN INTL INC DEL,"$1,001 - $15,000",False,14,https://extapps2.oge.gov/201/Presiden.nsf/PAS+Index/E590116FC9631E9885258E7A002DE209/$FILE/Donald-J-Trump-09.8.2026-278T.pdf
2026-07-29,sale,SAFEHOLD INC REIT REIT,"$1,001 - $15,000",False,14,https://extapps2.oge.gov/201/Presiden.nsf/PAS+Index/E590116FC9631E9885258E7A002DE209/$FILE/Donald-J-Trump-09.8.2026-278T.pdf
2026-07-29,sale,OXFORD INDS INC,"$1,001 - $15,000",False,14,https://extapps2.oge.gov/201/Presiden.nsf/PAS+Index/E590116FC9631E9885258E7A002DE209/$FILE/Donald-J-Trump-09.8.2026-278T.pdf
2026-07-29,sale,PDF SOLUTIONS INC,"$1,001 - $15,000",False,14,https://extapps2.oge.gov/201/Presiden.nsf/PAS+Index/E590116FC9631E9885258E7A002DE209/$FILE/Donald-J-Trump-09.8.2026-278T.pdf
2026-07-29,sale,IMPINJINC,"$1,001 - $15,000",False,14,https://extapps2.oge.gov/201/Presiden.nsf/PAS+Index/E590116FC9631E9885258E7A002DE209/$FILE/Donald-J-Trump-09.8.2026-278T.pdf
2026-07-29,sale,LTC PPTYS INC REIT,"$1,001 - $15,000",False,14,https://extapps2.oge.gov/201/Presiden.nsf/PAS+Index/E590116FC9631E9885258E7A002DE209/$FILE/Donald-J-Trump-09.8.2026-278T.pdf
2026-07-29,sale,SOLAREDGE TECHNOLOGIES,"$1,001 - $15,000",False,14,https://extapps2.oge.gov/201/Presiden.nsf/PAS+Index/E590116FC9631E9885258E7A002DE209/$FILE/Donald-J-Trump-09.8.2026-278T.pdf
2026-07-29,sale,ARCUS BIOSCIENCES INC,"$1,001 - $15,000",False,14,https://extapps2.oge.gov/201/Presiden.nsf/PAS+Index/E590116FC9631E9885258E7A002DE209/$FILE/Donald-J-Trump-09.8.2026-278T.pdf
2026-07-29,sale,WORTHINGTON ENTERPRI,"$1,001 - $15,000",False,14,https://extapps2.oge.gov/201/Presiden.nsf/PAS+Index/E590116FC9631E9885258E7A002DE209/$FILE/Donald-J-Trump-09.8.2026-278T.pdf
2026-07-29,sale,CORCEPT THERAPEUTICS INC,"$1,001 - $15,000",False,14,https://extapps2.oge.gov/201/Presiden.nsf/PAS+Index/E590116FC9631E9885258E7A002DE209/$FILE/Donald-J-Trump-09.8.2026-278T.pdf
2026-07-29,sale,SANFILIPPO JOHN B & SON,"$1,001 - $15,000",False,14,https://extapps2.oge.gov/201/Presiden.nsf/PAS+Index/E590116FC9631E9885258E7A002DE209/$FILE/Donald-J-Trump-09.8.2026-278T.pdf
2026-07-29,sale,LIFE TIME GROUP HLDGS IN,"$1,001 - $15,000",False,14,https://extapps2.oge.gov/201/Presiden.nsf/PAS+Index/E590116FC9631E9885258E7A002DE209/$FILE/Donald-J-Trump-09.8.2026-278T.pdf
2026-07-08,sale,GRID DYNAMICS HLDGS INC CLASS A,"$1,001 - $15,000",False,14,https://extapps2.oge.gov/201/Presiden.nsf/PAS+Index/E590116FC9631E9885258E7A002DE209/$FILE/Donald-J-Trump-09.8.2026-278T.pdf
2026-07-29,sale,UFP TECHNOLOGIES INC,"$1,001 - $15,000",False,14,https://extapps2.oge.gov/201/Presiden.nsf/PAS+Index/E590116FC9631E9885258E7A002DE209/$FILE/Donald-J-Trump-09.8.2026-278T.pdf
2026-07-29,sale,AXCELIS TECHNOLOGIES INC,"$1,001 - $15,000",False,14,https://extapps2.oge.gov/201/Presiden.nsf/PAS+Index/E590116FC9631E9885258E7A002DE209/$FILE/Donald-J-Trump-09.8.2026-278T.pdf
2026-07-29,sale,MONARCH CASINO & RESORT,"$1,001 - $15,000",False,14,https://extapps2.oge.gov/201/Presiden.nsf/PAS+Index/E590116FC9631E9885258E7A002DE209/$FILE/Donald-J-Trump-09.8.2026-278T.pdf
2026-07-29,sale,PHOTRONICS INC,"$1,001 - $15,000",False,14,https://extapps2.oge.gov/201/Presiden.nsf/PAS+Index/E590116FC9631E9885258E7A002DE209/$FILE/Donald-J-Trump-09.8.2026-278T.pdf
2026-07-29,sale,MARINEMAX INC,"$1,001 - $15,000",False,14,https://extapps2.oge.gov/201/Presiden.nsf/PAS+Index/E590116FC9631E9885258E7A002DE209/$FILE/Donald-J-Trump-09.8.2026-278T.pdf
2026-07-29,sale,WAYSTAR HLDG CORP,"$1,001 - $15,000",False,14,https://extapps2.oge.gov/201/Presiden.nsf/PAS+Index/E590116FC9631E9885258E7A002DE209/$FILE/Donald-J-Trump-09.8.2026-278T.pdf
2026-07-08,sale,COGENT COMMUNICATIONS HL,"$1,001 - $15,000",False,14,https://extapps2.oge.gov/201/Presiden.nsf/PAS+Index/E590116FC9631E9885258E7A002DE209/$FILE/Donald-J-Trump-09.8.2026-278T.pdf
2026-07-29,sale,KEMPER CORP DEL,"$1,001 - $15,000",False,14,https://extapps2.oge.gov/201/Presiden.nsf/PAS+Index/E590116FC9631E9885258E7A002DE209/$FILE/Donald-J-Trump-09.8.2026-278T.pdf
2026-07-29,sale,EVERUS CONSTR GROUP INC,"$1,001 - $15,000",False,14,https://extapps2.oge.gov/201/Presiden.nsf/PAS+Index/E590116FC9631E9885258E7A002DE209/$FILE/Donald-J-Trump-09.8.2026-278T.pdf
2026-07-29,sale,OFG BANCORP F,"$1,001 - $15,000",False,14,https://extapps2.oge.gov/201/Presiden.nsf/PAS+Index/E590116FC9631E9885258E7A002DE209/$FILE/Donald-J-Trump-09.8.2026-278T.pdf
2026-07-08,sale,AMENTIJM HLDGS INC EQUITY,"$1,001 - $15,000",False,14,https://extapps2.oge.gov/201/Presiden.nsf/PAS+Index/E590116FC9631E9885258E7A002DE209/$FILE/Donald-J-Trump-09.8.2026-278T.pdf
2026-07-29,sale,HELIX ENERGY SOLUTIONS G,"$1,001 - $15,000",False,14,https://extapps2.oge.gov/201/Presiden.nsf/PAS+Index/E590116FC9631E9885258E7A002DE209/$FILE/Donald-J-Trump-09.8.2026-278T.pdf
2026-07-29,sale,PERRIGO CO PLC F,"$1,001 - $15,000",False,14,https://extapps2.oge.gov/201/Presiden.nsf/PAS+Index/E590116FC9631E9885258E7A002DE209/$FILE/Donald-J-Trump-09.8.2026-278T.pdf
2026-07-29,sale,HAWKINS INC,"$1,001 - $15,000",False,14,https://extapps2.oge.gov/201/Presiden.nsf/PAS+Index/E590116FC9631E9885258E7A002DE209/$FILE/Donald-J-Trump-09.8.2026-278T.pdf
2026-07-08,sale,POWELL INDS INC,"$1,001 - $15,000",False,14,https://extapps2.oge.gov/201/Presiden.nsf/PAS+Index/E590116FC9631E9885258E7A002DE209/$FILE/Donald-J-Trump-09.8.2026-278T.pdf
2026-07-29,sale,RESIDEO TECHNOLOGIES INC TRADES WITH DUE BILLS,"$1,001 - $15,000",False,14,https://extapps2.oge.gov/201/Presiden.nsf/PAS+Index/E590116FC9631E9885258E7A002DE209/$FILE/Donald-J-Trump-09.8.2026-278T.pdf
2026-07-29,sale,MONRO INC,"$1,001 - $15,000",False,14,https://extapps2.oge.gov/201/Presiden.nsf/PAS+Index/E590116FC9631E9885258E7A002DE209/$FILE/Donald-J-Trump-09.8.2026-278T.pdf
2026-07-29,sale,UNITI GROUP INC NEW,"$1,001 - $15,000",False,14,https://extapps2.oge.gov/201/Presiden.nsf/PAS+Index/E590116FC9631E9885258E7A002DE209/$FILE/Donald-J-Trump-09.8.2026-278T.pdf
2026-07-29,sale,CUSHMAN & WAKEFIELD F,"$1,001 - $15,000",False,15,https://extapps2.oge.gov/201/Presiden.nsf/PAS+Index/E590116FC9631E9885258E7A002DE209/$FILE/Donald-J-Trump-09.8.2026-278T.pdf
2026-07-08,sale,MEDICAL PPTYS TR INC REIT,"$1,001 - $15,000",False,15,https://extapps2.oge.gov/201/Presiden.nsf/PAS+Index/E590116FC9631E9885258E7A002DE209/$FILE/Donald-J-Trump-09.8.2026-278T.pdf
2026-07-29,sale,PRA GROUP INC,"$1,001 - $15,000",False,15,https://extapps2.oge.gov/201/Presiden.nsf/PAS+Index/E590116FC9631E9885258E7A002DE209/$FILE/Donald-J-Trump-09.8.2026-278T.pdf
2026-07-29,sale,UNDER ARMOUR INC CLASS C,"$1,001 - $15,000",False,15,https://extapps2.oge.gov/201/Presiden.nsf/PAS+Index/E590116FC9631E9885258E7A002DE209/$FILE/Donald-J-Trump-09.8.2026-278T.pdf
2026-07-29,sale,KADANTINC,"$1,001 - $15,000",False,15,https://extapps2.oge.gov/201/Presiden.nsf/PAS+Index/E590116FC9631E9885258E7A002DE209/$FILE/Donald-J-Trump-09.8.2026-278T.pdf
2026-07-29,sale,STRIDE INC,"$1,001 - $15,000",False,15,https://extapps2.oge.gov/201/Presiden.nsf/PAS+Index/E590116FC9631E9885258E7A002DE209/$FILE/Donald-J-Trump-09.8.2026-278T.pdf
2026-07-29,sale,SIMPLY GOOD FOODS CO,"$1,001 - $15,000",False,15,https://extapps2.oge.gov/201/Presiden.nsf/PAS+Index/E590116FC9631E9885258E7A002DE209/$FILE/Donald-J-Trump-09.8.2026-278T.pdf
2026-07-29,sale,PENGUIN SOLUTIONS INC DE,"$1,001 - $15,000",False,15,https://extapps2.oge.gov/201/Presiden.nsf/PAS+Index/E590116FC9631E9885258E7A002DE209/$FILE/Donald-J-Trump-09.8.2026-278T.pdf
2026-07-29,sale,SIMMONS FIRST NATL CORP CLASS A,"$1,001 - $15,000",False,15,https://extapps2.oge.gov/201/Presiden.nsf/PAS+Index/E590116FC9631E9885258E7A002DE209/$FILE/Donald-J-Trump-09.8.2026-278T.pdf
2026-07-08,sale,GOGOINC,"$1,001 - $15,000",False,15,https://extapps2.oge.gov/201/Presiden.nsf/PAS+Index/E590116FC9631E9885258E7A002DE209/$FILE/Donald-J-Trump-09.8.2026-278T.pdf
2026-07-08,sale,KADANTINC,"$1,001 - $15,000",False,15,https://extapps2.oge.gov/201/Presiden.nsf/PAS+Index/E590116FC9631E9885258E7A002DE209/$FILE/Donald-J-Trump-09.8.2026-278T.pdf
2026-07-29,sale,ALPHA METALLURGICAL RES,"$1,001 - $15,000",False,15,https://extapps2.oge.gov/201/Presiden.nsf/PAS+Index/E590116FC9631E9885258E7A002DE209/$FILE/Donald-J-Trump-09.8.2026-278T.pdf
2026-07-29,sale,GETTY RLTY CORP NEW REIT,"$1,001 - $15,000",False,15,https://extapps2.oge.gov/201/Presiden.nsf/PAS+Index/E590116FC9631E9885258E7A002DE209/$FILE/Donald-J-Trump-09.8.2026-278T.pdf
2026-07-08,sale,EVERFORTHINC,"$1,001 - $15,000",False,15,https://extapps2.oge.gov/201/Presiden.nsf/PAS+Index/E590116FC9631E9885258E7A002DE209/$FILE/Donald-J-Trump-09.8.2026-278T.pdf
2026-07-29,sale,0-J GLASS INC,"$1,001 - $15,000",False,15,https://extapps2.oge.gov/201/Presiden.nsf/PAS+Index/E590116FC9631E9885258E7A002DE209/$FILE/Donald-J-Trump-09.8.2026-278T.pdf
2026-07-29,sale,ICHOR HLDGS LTD F,"$1,001 - $15,000",False,15,https://extapps2.oge.gov/201/Presiden.nsf/PAS+Index/E590116FC9631E9885258E7A002DE209/$FILE/Donald-J-Trump-09.8.2026-278T.pdf
2026-07-08,sale,FORMFACTOR INC,"$1,001 - $15,000",False,15,https://extapps2.oge.gov/201/Presiden.nsf/PAS+Index/E590116FC9631E9885258E7A002DE209/$FILE/Donald-J-Trump-09.8.2026-278T.pdf
2026-07-29,sale,DNOWINC,"$1,001 - $15,000",False,15,https://extapps2.oge.gov/201/Presiden.nsf/PAS+Index/E590116FC9631E9885258E7A002DE209/$FILE/Donald-J-Trump-09.8.2026-278T.pdf
2026-07-29,sale,TG THERAPEUTICS INC,"$1,001 - $15,000",False,15,https://extapps2.oge.gov/201/Presiden.nsf/PAS+Index/E590116FC9631E9885258E7A002DE209/$FILE/Donald-J-Trump-09.8.2026-278T.pdf
2026-07-29,sale,ALPHA & OMEGA SEMICOND F,"$1,001 - $15,000",False,15,https://extapps2.oge.gov/201/Presiden.nsf/PAS+Index/E590116FC9631E9885258E7A002DE209/$FILE/Donald-J-Trump-09.8.2026-278T.pdf
2026-07-29,sale,MOELIS & CO CLASS A,"$15,001 - $50,000",False,15,https://extapps2.oge.gov/201/Presiden.nsf/PAS+Index/E590116FC9631E9885258E7A002DE209/$FILE/Donald-J-Trump-09.8.2026-278T.pdf
2026-07-29,sale,GRID DYNAMICS HLDGS INC CLASS A,"$15,001 - $50,000",False,15,https://extapps2.oge.gov/201/Presiden.nsf/PAS+Index/E590116FC9631E9885258E7A002DE209/$FILE/Donald-J-Trump-09.8.2026-278T.pdf
2026-07-29,sale,NORTHWEST NAT HLDG CO,"$15,001 - $50,000",False,15,https://extapps2.oge.gov/201/Presiden.nsf/PAS+Index/E590116FC9631E9885258E7A002DE209/$FILE/Donald-J-Trump-09.8.2026-278T.pdf
2026-07-29,sale,COMSTOCK RES INC,"$15,001 - $50,000",False,15,https://extapps2.oge.gov/201/Presiden.nsf/PAS+Index/E590116FC9631E9885258E7A002DE209/$FILE/Donald-J-Trump-09.8.2026-278T.pdf
2026-07-08,sale,MAXLINEAR INC CLASS A,"$15,001 - $50,000",False,15,https://extapps2.oge.gov/201/Presiden.nsf/PAS+Index/E590116FC9631E9885258E7A002DE209/$FILE/Donald-J-Trump-09.8.2026-278T.pdf
2026-07-08,sale,FRANKLIN BSP REALTY,"$15,001 - $50,000",False,15,https://extapps2.oge.gov/201/Presiden.nsf/PAS+Index/E590116FC9631E9885258E7A002DE209/$FILE/Donald-J-Trump-09.8.2026-278T.pdf
2026-07-08,sale,MUELLER WATER PRODUC CLASS SERIES A,"$15,001 - $50,000",False,15,https://extapps2.oge.gov/201/Presiden.nsf/PAS+Index/E590116FC9631E9885258E7A002DE209/$FILE/Donald-J-Trump-09.8.2026-278T.pdf
2026-07-29,sale,ENERGIZER HLDGS INC NEW,"$15,001 - $50,000",False,15,https://extapps2.oge.gov/201/Presiden.nsf/PAS+Index/E590116FC9631E9885258E7A002DE209/$FILE/Donald-J-Trump-09.8.2026-278T.pdf
2026-07-08,sale,CSW INDUSTRIALS INC,"$15,001 - $50,000",False,15,https://extapps2.oge.gov/201/Presiden.nsf/PAS+Index/E590116FC9631E9885258E7A002DE209/$FILE/Donald-J-Trump-09.8.2026-278T.pdf
2026-07-29,sale,ALLEGIANT TRAVEL CO,"$15,001 - $50,000",False,15,https://extapps2.oge.gov/201/Presiden.nsf/PAS+Index/E590116FC9631E9885258E7A002DE209/$FILE/Donald-J-Trump-09.8.2026-278T.pdf
2026-07-29,sale,MATTHEWS INTL CORP CLASS A,"$15,001 - $50,000",False,15,https://extapps2.oge.gov/201/Presiden.nsf/PAS+Index/E590116FC9631E9885258E7A002DE209/$FILE/Donald-J-Trump-09.8.2026-278T.pdf
2026-07-08,sale,VERSANT MEDIA GROUP INC CLASS CLASS A,"$15,001 - $50,000",False,15,https://extapps2.oge.gov/201/Presiden.nsf/PAS+Index/E590116FC9631E9885258E7A002DE209/$FILE/Donald-J-Trump-09.8.2026-278T.pdf
2026-07-29,sale,PAPA JOHNS INTL INC,"$15,001 - $50,000",False,15,https://extapps2.oge.gov/201/Presiden.nsf/PAS+Index/E590116FC9631E9885258E7A002DE209/$FILE/Donald-J-Trump-09.8.2026-278T.pdf
2026-07-08,sale,SPHERE ENTERTAINMENT A CLASS A,"$15,001 - $50,000",False,16,https://extapps2.oge.gov/201/Presiden.nsf/PAS+Index/E590116FC9631E9885258E7A002DE209/$FILE/Donald-J-Trump-09.8.2026-278T.pdf
2026-07-08,sale,TRANSMEDICS GROUP INC,"$15,001 - $50,000",False,16,https://extapps2.oge.gov/201/Presiden.nsf/PAS+Index/E590116FC9631E9885258E7A002DE209/$FILE/Donald-J-Trump-09.8.2026-278T.pdf
2026-07-29,sale,PALOMAR HLDGS INC,"$15,001 - $50,000",False,16,https://extapps2.oge.gov/201/Presiden.nsf/PAS+Index/E590116FC9631E9885258E7A002DE209/$FILE/Donald-J-Trump-09.8.2026-278T.pdf
2026-07-29,sale,MASTERBRANDINC,"$15,001 - $50,000",False,16,https://extapps2.oge.gov/201/Presiden.nsf/PAS+Index/E590116FC9631E9885258E7A002DE209/$FILE/Donald-J-Trump-09.8.2026-278T.pdf
2026-07-29,sale,ACADIA PHARMACEUTICALS,"$15,001 - $50,000",False,16,https://extapps2.oge.gov/201/Presiden.nsf/PAS+Index/E590116FC9631E9885258E7A002DE209/$FILE/Donald-J-Trump-09.8.2026-278T.pdf
2026-07-29,sale,FOUR CORNERS PPlY TR INC,"$15,001 - $50,000",False,16,https://extapps2.oge.gov/201/Presiden.nsf/PAS+Index/E590116FC9631E9885258E7A002DE209/$FILE/Donald-J-Trump-09.8.2026-278T.pdf
2026-07-29,sale,MAGNOLIA OIL & GAS CORP CLASS A,"$15,001 - $50,000",False,16,https://extapps2.oge.gov/201/Presiden.nsf/PAS+Index/E590116FC9631E9885258E7A002DE209/$FILE/Donald-J-Trump-09.8.2026-278T.pdf
2026-07-29,sale,HAWAIIAN ELEC INDS INC,"$15,001 - $50,000",False,16,https://extapps2.oge.gov/201/Presiden.nsf/PAS+Index/E590116FC9631E9885258E7A002DE209/$FILE/Donald-J-Trump-09.8.2026-278T.pdf
2026-07-08,sale,BEACON FINL CORP,"$15,001 - $50,000",False,16,https://extapps2.oge.gov/201/Presiden.nsf/PAS+Index/E590116FC9631E9885258E7A002DE209/$FILE/Donald-J-Trump-09.8.2026-278T.pdf
2026-07-29,sale,ULTRA CLEAN HLDGS INC,"$15,001 - $50,000",False,16,https://extapps2.oge.gov/201/Presiden.nsf/PAS+Index/E590116FC9631E9885258E7A002DE209/$FILE/Donald-J-Trump-09.8.2026-278T.pdf
2026-07-29,sale,RALLIANT CORP,"$15,001 - $50,000",False,16,https://extapps2.oge.gov/201/Presiden.nsf/PAS+Index/E590116FC9631E9885258E7A002DE209/$FILE/Donald-J-Trump-09.8.2026-278T.pdf
2026-07-29,sale,NETSTREIT CORP,"$15,001 - $50,000",False,16,https://extapps2.oge.gov/201/Presiden.nsf/PAS+Index/E590116FC9631E9885258E7A002DE209/$FILE/Donald-J-Trump-09.8.2026-278T.pdf
2026-07-29,sale,HAYWARD HLDGS INC,"$15,001 - $50,000",False,16,https://extapps2.oge.gov/201/Presiden.nsf/PAS+Index/E590116FC9631E9885258E7A002DE209/$FILE/Donald-J-Trump-09.8.2026-278T.pdf
2026-07-29,sale,MERCURY SYS INC,"$15,001 - $50,000",False,16,https://extapps2.oge.gov/201/Presiden.nsf/PAS+Index/E590116FC9631E9885258E7A002DE209/$FILE/Donald-J-Trump-09.8.2026-278T.pdf
2026-07-29,sale,MOBILllY GLOBAL INC,"$15,001 - $50,000",False,16,https://extapps2.oge.gov/201/Presiden.nsf/PAS+Index/E590116FC9631E9885258E7A002DE209/$FILE/Donald-J-Trump-09.8.2026-278T.pdf
2026-07-29,sale,TANDEM DIABETES CARE INC,"$15,001 - $50,000",False,16,https://extapps2.oge.gov/201/Presiden.nsf/PAS+Index/E590116FC9631E9885258E7A002DE209/$FILE/Donald-J-Trump-09.8.2026-278T.pdf
2026-07-29,sale,SYLVAMO CORP,"$15,001 - $50,000",False,16,https://extapps2.oge.gov/201/Presiden.nsf/PAS+Index/E590116FC9631E9885258E7A002DE209/$FILE/Donald-J-Trump-09.8.2026-278T.pdf
2026-07-29,sale,480 ESCO TECHNOLOGIES INC,"$15,001 - $50,000",False,16,https://extapps2.oge.gov/201/Presiden.nsf/PAS+Index/E590116FC9631E9885258E7A002DE209/$FILE/Donald-J-Trump-09.8.2026-278T.pdf
2026-07-29,sale,SERVISFIRST BANCSHARES,"$15,001 - $50,000",False,16,https://extapps2.oge.gov/201/Presiden.nsf/PAS+Index/E590116FC9631E9885258E7A002DE209/$FILE/Donald-J-Trump-09.8.2026-278T.pdf
2026-07-29,sale,ADVANCE AUTO PTS INC,"$15,001 - $50,000",False,16,https://extapps2.oge.gov/201/Presiden.nsf/PAS+Index/E590116FC9631E9885258E7A002DE209/$FILE/Donald-J-Trump-09.8.2026-278T.pdf
2026-07-29,sale,VIRTUS INVT PARTNERS INC,"$15,001 - $50,000",False,16,https://extapps2.oge.gov/201/Presiden.nsf/PAS+Index/E590116FC9631E9885258E7A002DE209/$FILE/Donald-J-Trump-09.8.2026-278T.pdf
2026-07-29,sale,SAREPTA THERAPEUTICS INC,"$15,001 - $50,000",False,16,https://extapps2.oge.gov/201/Presiden.nsf/PAS+Index/E590116FC9631E9885258E7A002DE209/$FILE/Donald-J-Trump-09.8.2026-278T.pdf
2026-07-29,sale,LAKELAND FINL CORP,"$15,001 - $50,000",False,16,https://extapps2.oge.gov/201/Presiden.nsf/PAS+Index/E590116FC9631E9885258E7A002DE209/$FILE/Donald-J-Trump-09.8.2026-278T.pdf
2026-07-29,sale,COLLEGIUM PHARMACEUTICAL,"$15,001 - $50,000",False,16,https://extapps2.oge.gov/201/Presiden.nsf/PAS+Index/E590116FC9631E9885258E7A002DE209/$FILE/Donald-J-Trump-09.8.2026-278T.pdf
2026-07-29,sale,POWER INTEGRATIONS INC,"$15,001 - $50,000",False,16,https://extapps2.oge.gov/201/Presiden.nsf/PAS+Index/E590116FC9631E9885258E7A002DE209/$FILE/Donald-J-Trump-09.8.2026-278T.pdf
2026-07-29,sale,MOHAWK INDS INC,"$15,001 - $50,000",False,16,https://extapps2.oge.gov/201/Presiden.nsf/PAS+Index/E590116FC9631E9885258E7A002DE209/$FILE/Donald-J-Trump-09.8.2026-278T.pdf
2026-07-29,sale,ARCBEST CORP,"$15,001 - $50,000",False,16,https://extapps2.oge.gov/201/Presiden.nsf/PAS+Index/E590116FC9631E9885258E7A002DE209/$FILE/Donald-J-Trump-09.8.2026-278T.pdf
2026-07-29,sale,CREDIT ACCEP CORP MICH,"$15,001 - $50,000",False,16,https://extapps2.oge.gov/201/Presiden.nsf/PAS+Index/E590116FC9631E9885258E7A002DE209/$FILE/Donald-J-Trump-09.8.2026-278T.pdf
2026-07-08,sale,HAWAIIAN ELEC INDS INC,"$15,001 - $50,000",False,16,https://extapps2.oge.gov/201/Presiden.nsf/PAS+Index/E590116FC9631E9885258E7A002DE209/$FILE/Donald-J-Trump-09.8.2026-278T.pdf
2026-07-29,sale,EASTMAN CHEM CO,"$15,001 - $50,000",False,16,https://extapps2.oge.gov/201/Presiden.nsf/PAS+Index/E590116FC9631E9885258E7A002DE209/$FILE/Donald-J-Trump-09.8.2026-278T.pdf
2026-07-29,sale,CATHAY GEN BANCORP,"$15,001 - $50,000",False,16,https://extapps2.oge.gov/201/Presiden.nsf/PAS+Index/E590116FC9631E9885258E7A002DE209/$FILE/Donald-J-Trump-09.8.2026-278T.pdf
2026-07-29,sale,ACADIA RLlY TR REIT,"$15,001 - $50,000",False,16,https://extapps2.oge.gov/201/Presiden.nsf/PAS+Index/E590116FC9631E9885258E7A002DE209/$FILE/Donald-J-Trump-09.8.2026-278T.pdf
2026-07-29,sale,ORGANON&CO,"$15,001 - $50,000",False,17,https://extapps2.oge.gov/201/Presiden.nsf/PAS+Index/E590116FC9631E9885258E7A002DE209/$FILE/Donald-J-Trump-09.8.2026-278T.pdf
2026-07-08,sale,ICHOR HLDGS LTD F,"$15,001 - $50,000",False,17,https://extapps2.oge.gov/201/Presiden.nsf/PAS+Index/E590116FC9631E9885258E7A002DE209/$FILE/Donald-J-Trump-09.8.2026-278T.pdf
2026-07-29,sale,VITA COCO CO INC,"$15,001 - $50,000",False,17,https://extapps2.oge.gov/201/Presiden.nsf/PAS+Index/E590116FC9631E9885258E7A002DE209/$FILE/Donald-J-Trump-09.8.2026-278T.pdf
2026-07-08,sale,UNIVERSAL CORP VA,"$15,001 - $50,000",False,17,https://extapps2.oge.gov/201/Presiden.nsf/PAS+Index/E590116FC9631E9885258E7A002DE209/$FILE/Donald-J-Trump-09.8.2026-278T.pdf
2026-07-29,sale,FIRST ADVANTAGE CORP NEW,"$15,001 - $50,000",False,17,https://extapps2.oge.gov/201/Presiden.nsf/PAS+Index/E590116FC9631E9885258E7A002DE209/$FILE/Donald-J-Trump-09.8.2026-278T.pdf
2026-07-29,sale,AGILYSYS INC,"$15,001 - $50,000",False,17,https://extapps2.oge.gov/201/Presiden.nsf/PAS+Index/E590116FC9631E9885258E7A002DE209/$FILE/Donald-J-Trump-09.8.2026-278T.pdf
2026-07-29,sale,ALIGNMENT HEALTHCARE INC,"$15,001 - $50,000",False,17,https://extapps2.oge.gov/201/Presiden.nsf/PAS+Index/E590116FC9631E9885258E7A002DE209/$FILE/Donald-J-Trump-09.8.2026-278T.pdf
2026-07-29,sale,DIGI INTL INC,"$15,001 - $50,000",False,17,https://extapps2.oge.gov/201/Presiden.nsf/PAS+Index/E590116FC9631E9885258E7A002DE209/$FILE/Donald-J-Trump-09.8.2026-278T.pdf
2026-07-29,sale,QUAKER HOUGHTON,"$15,001 - $50,000",False,17,https://extapps2.oge.gov/201/Presiden.nsf/PAS+Index/E590116FC9631E9885258E7A002DE209/$FILE/Donald-J-Trump-09.8.2026-278T.pdf
2026-07-29,sale,HNI CORP,"$15,001 - $50,000",False,17,https://extapps2.oge.gov/201/Presiden.nsf/PAS+Index/E590116FC9631E9885258E7A002DE209/$FILE/Donald-J-Trump-09.8.2026-278T.pdf
2026-07-29,sale,TWO HARBORS INVESTME,"$15,001 - $50,000",False,17,https://extapps2.oge.gov/201/Presiden.nsf/PAS+Index/E590116FC9631E9885258E7A002DE209/$FILE/Donald-J-Trump-09.8.2026-278T.pdf
2026-07-29,sale,SIX FLAGS ENTMT CORP CLASS EQUITY,"$15,001 - $50,000",False,17,https://extapps2.oge.gov/201/Presiden.nsf/PAS+Index/E590116FC9631E9885258E7A002DE209/$FILE/Donald-J-Trump-09.8.2026-278T.pdf
2026-07-29,sale,MGE ENERGY INC,"$15,001 - $50,000",False,17,https://extapps2.oge.gov/201/Presiden.nsf/PAS+Index/E590116FC9631E9885258E7A002DE209/$FILE/Donald-J-Trump-09.8.2026-278T.pdf
2026-07-29,sale,ADTINCDEL,"$15,001 - $50,000",False,17,https://extapps2.oge.gov/201/Presiden.nsf/PAS+Index/E590116FC9631E9885258E7A002DE209/$FILE/Donald-J-Trump-09.8.2026-278T.pdf
2026-07-29,sale,MILLROSE PPTYS INC CLASS A,"$15,001 - $50,000",False,17,https://extapps2.oge.gov/201/Presiden.nsf/PAS+Index/E590116FC9631E9885258E7A002DE209/$FILE/Donald-J-Trump-09.8.2026-278T.pdf
2026-07-29,sale,FRONTDOOR INC,"$15,001 - $50,000",False,17,https://extapps2.oge.gov/201/Presiden.nsf/PAS+Index/E590116FC9631E9885258E7A002DE209/$FILE/Donald-J-Trump-09.8.2026-278T.pdf
2026-07-29,sale,SONOSINC,"$15,001 - $50,000",False,17,https://extapps2.oge.gov/201/Presiden.nsf/PAS+Index/E590116FC9631E9885258E7A002DE209/$FILE/Donald-J-Trump-09.8.2026-278T.pdf
2026-07-29,sale,SONIC AUTOMOTIVE INC CLASS A,"$15,001 - $50,000",False,17,https://extapps2.oge.gov/201/Presiden.nsf/PAS+Index/E590116FC9631E9885258E7A002DE209/$FILE/Donald-J-Trump-09.8.2026-278T.pdf
2026-07-29,sale,PATHWARD FINL INC,"$15,001 - $50,000",False,17,https://extapps2.oge.gov/201/Presiden.nsf/PAS+Index/E590116FC9631E9885258E7A002DE209/$FILE/Donald-J-Trump-09.8.2026-278T.pdf
2026-07-29,sale,APOLLO COML REAL ESTATE REIT,"$15,001 - $50,000",False,17,https://extapps2.oge.gov/201/Presiden.nsf/PAS+Index/E590116FC9631E9885258E7A002DE209/$FILE/Donald-J-Trump-09.8.2026-278T.pdf
2026-07-29,sale,OMNICELL INC,"$15,001 - $50,000",False,17,https://extapps2.oge.gov/201/Presiden.nsf/PAS+Index/E590116FC9631E9885258E7A002DE209/$FILE/Donald-J-Trump-09.8.2026-278T.pdf
2026-07-29,sale,PITNEY BOWES INC,"$15,001 - $50,000",False,17,https://extapps2.oge.gov/201/Presiden.nsf/PAS+Index/E590116FC9631E9885258E7A002DE209/$FILE/Donald-J-Trump-09.8.2026-278T.pdf
2026-07-29,sale,CTSCORP,"$15,001 - $50,000",False,17,https://extapps2.oge.gov/201/Presiden.nsf/PAS+Index/E590116FC9631E9885258E7A002DE209/$FILE/Donald-J-Trump-09.8.2026-278T.pdf
2026-07-29,sale,WESBANCO INC,"$15,001 - $50,000",False,17,https://extapps2.oge.gov/201/Presiden.nsf/PAS+Index/E590116FC9631E9885258E7A002DE209/$FILE/Donald-J-Trump-09.8.2026-278T.pdf
2026-07-08,sale,CELANESE CORP DEL CLASS A,"$15,001 - $50,000",False,17,https://extapps2.oge.gov/201/Presiden.nsf/PAS+Index/E590116FC9631E9885258E7A002DE209/$FILE/Donald-J-Trump-09.8.2026-278T.pdf
2026-07-29,sale,JACKSON FINL INC CLASS A,"$15,001 - $50,000",False,17,https://extapps2.oge.gov/201/Presiden.nsf/PAS+Index/E590116FC9631E9885258E7A002DE209/$FILE/Donald-J-Trump-09.8.2026-278T.pdf
2026-07-29,sale,RADNETINC,"$15,001 - $50,000",False,17,https://extapps2.oge.gov/201/Presiden.nsf/PAS+Index/E590116FC9631E9885258E7A002DE209/$FILE/Donald-J-Trump-09.8.2026-278T.pdf
2026-07-29,sale,GREENBRIER COS INC,"$15,001 - $50,000",False,17,https://extapps2.oge.gov/201/Presiden.nsf/PAS+Index/E590116FC9631E9885258E7A002DE209/$FILE/Donald-J-Trump-09.8.2026-278T.pdf
2026-07-29,sale,ENOVA INTL INC,"$15,001 - $50,000",False,17,https://extapps2.oge.gov/201/Presiden.nsf/PAS+Index/E590116FC9631E9885258E7A002DE209/$FILE/Donald-J-Trump-09.8.2026-278T.pdf
2026-07-08,sale,CENTERSPACE REIT,"$15,001 - $50,000",False,17,https://extapps2.oge.gov/201/Presiden.nsf/PAS+Index/E590116FC9631E9885258E7A002DE209/$FILE/Donald-J-Trump-09.8.2026-278T.pdf
2026-07-29,sale,LIVERAMP HLDGS INC,"$15,001 - $50,000",False,17,https://extapps2.oge.gov/201/Presiden.nsf/PAS+Index/E590116FC9631E9885258E7A002DE209/$FILE/Donald-J-Trump-09.8.2026-278T.pdf
2026-07-29,sale,LUMEN TECHNOLOGIES INC,"$15,001 - $50,000",False,18,https://extapps2.oge.gov/201/Presiden.nsf/PAS+Index/E590116FC9631E9885258E7A002DE209/$FILE/Donald-J-Trump-09.8.2026-278T.pdf
2026-07-29,sale,PAYCOM SOFTWARE INC,"$15,001 - $50,000",False,18,https://extapps2.oge.gov/201/Presiden.nsf/PAS+Index/E590116FC9631E9885258E7A002DE209/$FILE/Donald-J-Trump-09.8.2026-278T.pdf
2026-07-29,sale,MATCH GROUP INC NEW,"$15,001 - $50,000",False,18,https://extapps2.oge.gov/201/Presiden.nsf/PAS+Index/E590116FC9631E9885258E7A002DE209/$FILE/Donald-J-Trump-09.8.2026-278T.pdf
2026-07-29,sale,FORTREA HLDGS INC,"$15,001 - $50,000",False,18,https://extapps2.oge.gov/201/Presiden.nsf/PAS+Index/E590116FC9631E9885258E7A002DE209/$FILE/Donald-J-Trump-09.8.2026-278T.pdf
2026-07-29,sale,F&G ANNUITIES & LIFE INC,"$15,001 - $50,000",False,18,https://extapps2.oge.gov/201/Presiden.nsf/PAS+Index/E590116FC9631E9885258E7A002DE209/$FILE/Donald-J-Trump-09.8.2026-278T.pdf
2026-07-29,sale,UNITED NAT FOODS INC,"$15,001 - $50,000",False,18,https://extapps2.oge.gov/201/Presiden.nsf/PAS+Index/E590116FC9631E9885258E7A002DE209/$FILE/Donald-J-Trump-09.8.2026-278T.pdf
2026-07-29,sale,CELANESE CORP DEL CLASS A,"$15,001 - $50,000",False,18,https://extapps2.oge.gov/201/Presiden.nsf/PAS+Index/E590116FC9631E9885258E7A002DE209/$FILE/Donald-J-Trump-09.8.2026-278T.pdf
2026-07-29,sale,UNIVERSAL TECHNICAL INST,"$15,001 - $50,000",False,18,https://extapps2.oge.gov/201/Presiden.nsf/PAS+Index/E590116FC9631E9885258E7A002DE209/$FILE/Donald-J-Trump-09.8.2026-278T.pdf
2026-07-29,sale,BRADY CORP CLASS A,"$15,001 - $50,000",False,18,https://extapps2.oge.gov/201/Presiden.nsf/PAS+Index/E590116FC9631E9885258E7A002DE209/$FILE/Donald-J-Trump-09.8.2026-278T.pdf
2026-07-29,sale,CENTERSPACE REIT,"$15,001 - $50,000",False,18,https://extapps2.oge.gov/201/Presiden.nsf/PAS+Index/E590116FC9631E9885258E7A002DE209/$FILE/Donald-J-Trump-09.8.2026-278T.pdf
2026-07-08,sale,NAVlENT CORP,"$15,001 - $50,000",False,18,https://extapps2.oge.gov/201/Presiden.nsf/PAS+Index/E590116FC9631E9885258E7A002DE209/$FILE/Donald-J-Trump-09.8.2026-278T.pdf
2026-07-29,sale,PROG HLDGS INC,"$15,001 - $50,000",False,18,https://extapps2.oge.gov/201/Presiden.nsf/PAS+Index/E590116FC9631E9885258E7A002DE209/$FILE/Donald-J-Trump-09.8.2026-278T.pdf
2026-07-29,sale,SUPERNUS PHARMACEUTICALS,"$15,001 - $50,000",False,18,https://extapps2.oge.gov/201/Presiden.nsf/PAS+Index/E590116FC9631E9885258E7A002DE209/$FILE/Donald-J-Trump-09.8.2026-278T.pdf
2026-07-29,sale,RUSH STREET INTERACT A CLASS A,"$15,001 - $50,000",False,18,https://extapps2.oge.gov/201/Presiden.nsf/PAS+Index/E590116FC9631E9885258E7A002DE209/$FILE/Donald-J-Trump-09.8.2026-278T.pdf
2026-07-29,sale,CALIFORNIA RES CORP,"$15,001 - $50,000",False,18,https://extapps2.oge.gov/201/Presiden.nsf/PAS+Index/E590116FC9631E9885258E7A002DE209/$FILE/Donald-J-Trump-09.8.2026-278T.pdf
2026-07-29,sale,ADAPT HEALTH CORP,"$15,001 - $50,000",False,18,https://extapps2.oge.gov/201/Presiden.nsf/PAS+Index/E590116FC9631E9885258E7A002DE209/$FILE/Donald-J-Trump-09.8.2026-278T.pdf
2026-07-29,sale,ACADEMY SPORTS & OUTDOOR,"$15,001 - $50,000",False,18,https://extapps2.oge.gov/201/Presiden.nsf/PAS+Index/E590116FC9631E9885258E7A002DE209/$FILE/Donald-J-Trump-09.8.2026-278T.pdf
2026-07-08,sale,MIRION TECHNOLOGIES INC CLASS A,"$15,001 - $50,000",False,18,https://extapps2.oge.gov/201/Presiden.nsf/PAS+Index/E590116FC9631E9885258E7A002DE209/$FILE/Donald-J-Trump-09.8.2026-278T.pdf
2026-07-29,sale,BANKUNITED INC,"$15,001 - $50,000",False,18,https://extapps2.oge.gov/201/Presiden.nsf/PAS+Index/E590116FC9631E9885258E7A002DE209/$FILE/Donald-J-Trump-09.8.2026-278T.pdf
2026-07-29,sale,INSTALLED BLDG PRODS INC,"$15,001 - $50,000",False,18,https://extapps2.oge.gov/201/Presiden.nsf/PAS+Index/E590116FC9631E9885258E7A002DE209/$FILE/Donald-J-Trump-09.8.2026-278T.pdf
2026-07-29,sale,OCEANEERING INTL INC,"$15,001 - $50,000",False,18,https://extapps2.oge.gov/201/Presiden.nsf/PAS+Index/E590116FC9631E9885258E7A002DE209/$FILE/Donald-J-Trump-09.8.2026-278T.pdf
2026-07-29,sale,BLACKSTONE MTG TR INC REIT,"$15,001 - $50,000",False,18,https://extapps2.oge.gov/201/Presiden.nsf/PAS+Index/E590116FC9631E9885258E7A002DE209/$FILE/Donald-J-Trump-09.8.2026-278T.pdf
2026-07-29,sale,SPHERE ENTERTAINMENT A CLASS A,"$15,001 - $50,000",False,18,https://extapps2.oge.gov/201/Presiden.nsf/PAS+Index/E590116FC9631E9885258E7A002DE209/$FILE/Donald-J-Trump-09.8.2026-278T.pdf
2026-07-29,sale,LIBERTY ENERGY INC A CLASS A,"$15,001 - $50,000",False,18,https://extapps2.oge.gov/201/Presiden.nsf/PAS+Index/E590116FC9631E9885258E7A002DE209/$FILE/Donald-J-Trump-09.8.2026-278T.pdf
2026-07-29,sale,CENTRUS ENERGY CORP CLASS A,"$15,001 - $50,000",False,18,https://extapps2.oge.gov/201/Presiden.nsf/PAS+Index/E590116FC9631E9885258E7A002DE209/$FILE/Donald-J-Trump-09.8.2026-278T.pdf
2026-07-29,sale,WERNER ENTERPRISES INC,"$15,001 - $50,000",False,18,https://extapps2.oge.gov/201/Presiden.nsf/PAS+Index/E590116FC9631E9885258E7A002DE209/$FILE/Donald-J-Trump-09.8.2026-278T.pdf
2026-07-29,sale,AMERICAN EAGLE OUTFITTER,"$15,001 - $50,000",False,18,https://extapps2.oge.gov/201/Presiden.nsf/PAS+Index/E590116FC9631E9885258E7A002DE209/$FILE/Donald-J-Trump-09.8.2026-278T.pdf
2026-07-29,sale,SAUL CTRS INC REIT,"$15,001 - $50,000",False,18,https://extapps2.oge.gov/201/Presiden.nsf/PAS+Index/E590116FC9631E9885258E7A002DE209/$FILE/Donald-J-Trump-09.8.2026-278T.pdf
2026-07-29,sale,REMITLY GLOBAL INC,"$15,001 - $50,000",False,18,https://extapps2.oge.gov/201/Presiden.nsf/PAS+Index/E590116FC9631E9885258E7A002DE209/$FILE/Donald-J-Trump-09.8.2026-278T.pdf
2026-07-29,sale,CARMAXINC,"$15,001 - $50,000",False,18,https://extapps2.oge.gov/201/Presiden.nsf/PAS+Index/E590116FC9631E9885258E7A002DE209/$FILE/Donald-J-Trump-09.8.2026-278T.pdf
2026-07-08,sale,ARMSTRONG WORLD INDS INC,"$15,001 - $50,000",False,18,https://extapps2.oge.gov/201/Presiden.nsf/PAS+Index/E590116FC9631E9885258E7A002DE209/$FILE/Donald-J-Trump-09.8.2026-278T.pdf
2026-07-29,sale,ABMINDSINC,"$15,001 - $50,000",False,18,https://extapps2.oge.gov/201/Presiden.nsf/PAS+Index/E590116FC9631E9885258E7A002DE209/$FILE/Donald-J-Trump-09.8.2026-278T.pdf
2026-07-29,sale,GENWORTH FINL INC CLASS A,"$15,001 - $50,000",False,19,https://extapps2.oge.gov/201/Presiden.nsf/PAS+Index/E590116FC9631E9885258E7A002DE209/$FILE/Donald-J-Trump-09.8.2026-278T.pdf
2026-07-29,sale,ELEMENT SOLUTIONS IN,"$15,001 - $50,000",False,19,https://extapps2.oge.gov/201/Presiden.nsf/PAS+Index/E590116FC9631E9885258E7A002DE209/$FILE/Donald-J-Trump-09.8.2026-278T.pdf
2026-07-29,sale,WARBY PARKER INC CLASS A,"$15,001 - $50,000",False,19,https://extapps2.oge.gov/201/Presiden.nsf/PAS+Index/E590116FC9631E9885258E7A002DE209/$FILE/Donald-J-Trump-09.8.2026-278T.pdf
2026-07-29,sale,PATTERSON-UT! ENERGY INC,"$15,001 - $50,000",False,19,https://extapps2.oge.gov/201/Presiden.nsf/PAS+Index/E590116FC9631E9885258E7A002DE209/$FILE/Donald-J-Trump-09.8.2026-278T.pdf
2026-07-29,sale,TELEPHONE & DATA SYS INC,"$15,001 - $50,000",False,19,https://extapps2.oge.gov/201/Presiden.nsf/PAS+Index/E590116FC9631E9885258E7A002DE209/$FILE/Donald-J-Trump-09.8.2026-278T.pdf
2026-07-29,sale,INNOVIVA INC,"$15,001 - $50,000",False,19,https://extapps2.oge.gov/201/Presiden.nsf/PAS+Index/E590116FC9631E9885258E7A002DE209/$FILE/Donald-J-Trump-09.8.2026-278T.pdf
2026-07-29,sale,KARMAN HLDGS INC,"$15,001 - $50,000",False,19,https://extapps2.oge.gov/201/Presiden.nsf/PAS+Index/E590116FC9631E9885258E7A002DE209/$FILE/Donald-J-Trump-09.8.2026-278T.pdf
2026-07-29,sale,WD40CO,"$15,001 - $50,000",False,19,https://extapps2.oge.gov/201/Presiden.nsf/PAS+Index/E590116FC9631E9885258E7A002DE209/$FILE/Donald-J-Trump-09.8.2026-278T.pdf
2026-07-08,sale,NORTHERN OIL & GAS INC,"$15,001 - $50,000",False,19,https://extapps2.oge.gov/201/Presiden.nsf/PAS+Index/E590116FC9631E9885258E7A002DE209/$FILE/Donald-J-Trump-09.8.2026-278T.pdf
2026-07-08,sale,BUCKLE INC,"$15,001 - $50,000",False,19,https://extapps2.oge.gov/201/Presiden.nsf/PAS+Index/E590116FC9631E9885258E7A002DE209/$FILE/Donald-J-Trump-09.8.2026-278T.pdf
2026-07-29,sale,VERACYTE INC,"$15,001 - $50,000",False,19,https://extapps2.oge.gov/201/Presiden.nsf/PAS+Index/E590116FC9631E9885258E7A002DE209/$FILE/Donald-J-Trump-09.8.2026-278T.pdf
2026-07-08,sale,ULTRA CLEAN HLDGS INC,"$15,001 - $50,000",False,19,https://extapps2.oge.gov/201/Presiden.nsf/PAS+Index/E590116FC9631E9885258E7A002DE209/$FILE/Donald-J-Trump-09.8.2026-278T.pdf
2026-07-29,sale,COVISTAINC,"$15,001 - $50,000",False,19,https://extapps2.oge.gov/201/Presiden.nsf/PAS+Index/E590116FC9631E9885258E7A002DE209/$FILE/Donald-J-Trump-09.8.2026-278T.pdf
2026-07-29,sale,EPLUSINC,"$15,001 - $50,000",False,19,https://extapps2.oge.gov/201/Presiden.nsf/PAS+Index/E590116FC9631E9885258E7A002DE209/$FILE/Donald-J-Trump-09.8.2026-278T.pdf
2026-07-08,sale,ARGANINC,"$15,001 - $50,000",False,19,https://extapps2.oge.gov/201/Presiden.nsf/PAS+Index/E590116FC9631E9885258E7A002DE209/$FILE/Donald-J-Trump-09.8.2026-278T.pdf
2026-07-29,sale,5n A10 NETWORKS INC,"$15,001 - $50,000",False,19,https://extapps2.oge.gov/201/Presiden.nsf/PAS+Index/E590116FC9631E9885258E7A002DE209/$FILE/Donald-J-Trump-09.8.2026-278T.pdf
2026-07-29,sale,GREEN BRICK PARTNERS INC,"$15,001 - $50,000",False,19,https://extapps2.oge.gov/201/Presiden.nsf/PAS+Index/E590116FC9631E9885258E7A002DE209/$FILE/Donald-J-Trump-09.8.2026-278T.pdf
2026-07-29,sale,SOLARI$ ENERGY INFRSTR CLASS A,"$15,001 - $50,000",False,19,https://extapps2.oge.gov/201/Presiden.nsf/PAS+Index/E590116FC9631E9885258E7A002DE209/$FILE/Donald-J-Trump-09.8.2026-278T.pdf
2026-07-29,sale,MUELLER WATER PRODUC CI.J\SS SERIES A,"$15,001 - $50,000",False,19,https://extapps2.oge.gov/201/Presiden.nsf/PAS+Index/E590116FC9631E9885258E7A002DE209/$FILE/Donald-J-Trump-09.8.2026-278T.pdf
2026-07-29,sale,HORACE MANN EDUCATORS CO,"$15,001 - $50,000",False,19,https://extapps2.oge.gov/201/Presiden.nsf/PAS+Index/E590116FC9631E9885258E7A002DE209/$FILE/Donald-J-Trump-09.8.2026-278T.pdf
2026-07-29,sale,PIPER SANDLER COS,"$15,001 - $50,000",False,19,https://extapps2.oge.gov/201/Presiden.nsf/PAS+Index/E590116FC9631E9885258E7A002DE209/$FILE/Donald-J-Trump-09.8.2026-278T.pdf
2026-07-29,sale,MARKETAXESS HLDGS INC,"$15,001 - $50,000",False,19,https://extapps2.oge.gov/201/Presiden.nsf/PAS+Index/E590116FC9631E9885258E7A002DE209/$FILE/Donald-J-Trump-09.8.2026-278T.pdf
2026-07-29,sale,BGC GROUP INC CI.J\SS A,"$15,001 - $50,000",False,19,https://extapps2.oge.gov/201/Presiden.nsf/PAS+Index/E590116FC9631E9885258E7A002DE209/$FILE/Donald-J-Trump-09.8.2026-278T.pdf
2026-07-29,sale,ATI.J\NTIC UN BANKSHARES C,"$15,001 - $50,000",False,19,https://extapps2.oge.gov/201/Presiden.nsf/PAS+Index/E590116FC9631E9885258E7A002DE209/$FILE/Donald-J-Trump-09.8.2026-278T.pdf
2026-07-29,sale,STEWART INFORMATION SVCS,"$15,001 - $50,000",False,19,https://extapps2.oge.gov/201/Presiden.nsf/PAS+Index/E590116FC9631E9885258E7A002DE209/$FILE/Donald-J-Trump-09.8.2026-278T.pdf
2026-07-29,sale,PROTAGONIST THERAPEUTICS,"$15,001 - $50,000",False,19,https://extapps2.oge.gov/201/Presiden.nsf/PAS+Index/E590116FC9631E9885258E7A002DE209/$FILE/Donald-J-Trump-09.8.2026-278T.pdf
2026-07-29,sale,CSW INDUSTRIALS INC,"$15,001 - $50,000",False,19,https://extapps2.oge.gov/201/Presiden.nsf/PAS+Index/E590116FC9631E9885258E7A002DE209/$FILE/Donald-J-Trump-09.8.2026-278T.pdf
2026-07-29,sale,BRINKER INTL INC,"$15,001 - $50,000",False,19,https://extapps2.oge.gov/201/Presiden.nsf/PAS+Index/E590116FC9631E9885258E7A002DE209/$FILE/Donald-J-Trump-09.8.2026-278T.pdf
2026-07-29,sale,STONEX GROUP INC,"$15,001 - $50,000",False,19,https://extapps2.oge.gov/201/Presiden.nsf/PAS+Index/E590116FC9631E9885258E7A002DE209/$FILE/Donald-J-Trump-09.8.2026-278T.pdf
2026-07-29,sale,ACM RESH INC CI.J\SS A,"$15,001 - $50,000",False,19,https://extapps2.oge.gov/201/Presiden.nsf/PAS+Index/E590116FC9631E9885258E7A002DE209/$FILE/Donald-J-Trump-09.8.2026-278T.pdf
2026-07-29,sale,ENPHASE ENERGY INC,"$15,001 - $50,000",False,19,https://extapps2.oge.gov/201/Presiden.nsf/PAS+Index/E590116FC9631E9885258E7A002DE209/$FILE/Donald-J-Trump-09.8.2026-278T.pdf
2026-07-29,sale,INDIVIOR PHARMACEUTICALS,"$15,001 - $50,000",False,19,https://extapps2.oge.gov/201/Presiden.nsf/PAS+Index/E590116FC9631E9885258E7A002DE209/$FILE/Donald-J-Trump-09.8.2026-278T.pdf
2026-07-29,sale,CORE NAT RES INC,"$15,001 - $50,000",False,19,https://extapps2.oge.gov/201/Presiden.nsf/PAS+Index/E590116FC9631E9885258E7A002DE209/$FILE/Donald-J-Trump-09.8.2026-278T.pdf
2026-07-29,sale,LAUREATE ED INC,"$15,001 - $50,000",False,20,https://extapps2.oge.gov/201/Presiden.nsf/PAS+Index/E590116FC9631E9885258E7A002DE209/$FILE/Donald-J-Trump-09.8.2026-278T.pdf
2026-07-29,sale,GRANITE CONSTR INC,"$15,001 - $50,000",False,20,https://extapps2.oge.gov/201/Presiden.nsf/PAS+Index/E590116FC9631E9885258E7A002DE209/$FILE/Donald-J-Trump-09.8.2026-278T.pdf
2026-07-29,sale,KORN FERRY,"$15,001 - $50,000",False,20,https://extapps2.oge.gov/201/Presiden.nsf/PAS+Index/E590116FC9631E9885258E7A002DE209/$FILE/Donald-J-Trump-09.8.2026-278T.pdf
2026-07-08,sale,ETHAN AU.EN INTERIORS IN,"$15,001 - $50,000",False,20,https://extapps2.oge.gov/201/Presiden.nsf/PAS+Index/E590116FC9631E9885258E7A002DE209/$FILE/Donald-J-Trump-09.8.2026-278T.pdf
2026-07-29,sale,HILLTOP HLDGS INC,"$15,001 - $50,000",False,20,https://extapps2.oge.gov/201/Presiden.nsf/PAS+Index/E590116FC9631E9885258E7A002DE209/$FILE/Donald-J-Trump-09.8.2026-278T.pdf
2026-07-29,sale,GRIFFON CORP,"$15,001 - $50,000",False,20,https://extapps2.oge.gov/201/Presiden.nsf/PAS+Index/E590116FC9631E9885258E7A002DE209/$FILE/Donald-J-Trump-09.8.2026-278T.pdf
2026-07-08,sale,FMC CORP,"$15,001 - $50,000",False,20,https://extapps2.oge.gov/201/Presiden.nsf/PAS+Index/E590116FC9631E9885258E7A002DE209/$FILE/Donald-J-Trump-09.8.2026-278T.pdf
2026-07-29,sale,EASTERNBANKSHARESI,"$15,001 - $50,000",False,20,https://extapps2.oge.gov/201/Presiden.nsf/PAS+Index/E590116FC9631E9885258E7A002DE209/$FILE/Donald-J-Trump-09.8.2026-278T.pdf
2026-07-29,sale,CLEANSPARK INC,"$15,001 - $50,000",False,20,https://extapps2.oge.gov/201/Presiden.nsf/PAS+Index/E590116FC9631E9885258E7A002DE209/$FILE/Donald-J-Trump-09.8.2026-278T.pdf
2026-07-08,sale,CONMEDCORP,"$15,001 - $50,000",False,20,https://extapps2.oge.gov/201/Presiden.nsf/PAS+Index/E590116FC9631E9885258E7A002DE209/$FILE/Donald-J-Trump-09.8.2026-278T.pdf
2026-07-29,sale,ST JOE CO,"$15,001 - $50,000",False,20,https://extapps2.oge.gov/201/Presiden.nsf/PAS+Index/E590116FC9631E9885258E7A002DE209/$FILE/Donald-J-Trump-09.8.2026-278T.pdf
2026-07-29,sale,OTTER TAIL CORP,"$15,001 - $50,000",False,20,https://extapps2.oge.gov/201/Presiden.nsf/PAS+Index/E590116FC9631E9885258E7A002DE209/$FILE/Donald-J-Trump-09.8.2026-278T.pdf
2026-07-29,sale,HUB GROUP INC CLASS A,"$15,001 - $50,000",False,20,https://extapps2.oge.gov/201/Presiden.nsf/PAS+Index/E590116FC9631E9885258E7A002DE209/$FILE/Donald-J-Trump-09.8.2026-278T.pdf
2026-07-29,sale,CACTUS INC CLASS A,"$15,001 - $50,000",False,20,https://extapps2.oge.gov/201/Presiden.nsf/PAS+Index/E590116FC9631E9885258E7A002DE209/$FILE/Donald-J-Trump-09.8.2026-278T.pdf
2026-07-29,sale,AMENTUM HLDGS INC EQUITY,"$15,001 - $50,000",False,20,https://extapps2.oge.gov/201/Presiden.nsf/PAS+Index/E590116FC9631E9885258E7A002DE209/$FILE/Donald-J-Trump-09.8.2026-278T.pdf
2026-07-29,sale,FLOWERS FOODS INC,"$15,001 - $50,000",False,20,https://extapps2.oge.gov/201/Presiden.nsf/PAS+Index/E590116FC9631E9885258E7A002DE209/$FILE/Donald-J-Trump-09.8.2026-278T.pdf
2026-07-08,sale,PELOTON INTERACTIVE INC CLASS A,"$15,001 - $50,000",False,20,https://extapps2.oge.gov/201/Presiden.nsf/PAS+Index/E590116FC9631E9885258E7A002DE209/$FILE/Donald-J-Trump-09.8.2026-278T.pdf
2026-07-29,sale,TOOTSIE ROLL INDS INC,"$15,001 - $50,000",False,20,https://extapps2.oge.gov/201/Presiden.nsf/PAS+Index/E590116FC9631E9885258E7A002DE209/$FILE/Donald-J-Trump-09.8.2026-278T.pdf
2026-07-08,sale,"AGNT,INC","$15,001 - $50,000",False,20,https://extapps2.oge.gov/201/Presiden.nsf/PAS+Index/E590116FC9631E9885258E7A002DE209/$FILE/Donald-J-Trump-09.8.2026-278T.pdf
2026-07-29,sale,ARMOUR RESIDENTIAL REIT,"$15,001 - $50,000",False,20,https://extapps2.oge.gov/201/Presiden.nsf/PAS+Index/E590116FC9631E9885258E7A002DE209/$FILE/Donald-J-Trump-09.8.2026-278T.pdf
2026-07-08,sale,DEL MONTE CORP F,"$15,001 - $50,000",False,20,https://extapps2.oge.gov/201/Presiden.nsf/PAS+Index/E590116FC9631E9885258E7A002DE209/$FILE/Donald-J-Trump-09.8.2026-278T.pdf
2026-07-29,sale,LKQ CORP,"$15,001 - $50,000",False,20,https://extapps2.oge.gov/201/Presiden.nsf/PAS+Index/E590116FC9631E9885258E7A002DE209/$FILE/Donald-J-Trump-09.8.2026-278T.pdf
2026-07-29,sale,WAFDINC,"$15,001 - $50,000",False,20,https://extapps2.oge.gov/201/Presiden.nsf/PAS+Index/E590116FC9631E9885258E7A002DE209/$FILE/Donald-J-Trump-09.8.2026-278T.pdf
2026-07-29,sale,QORVOINC,"$15,001 - $50,000",False,20,https://extapps2.oge.gov/201/Presiden.nsf/PAS+Index/E590116FC9631E9885258E7A002DE209/$FILE/Donald-J-Trump-09.8.2026-278T.pdf
2026-07-29,sale,TERADATA CORP DEL,"$15,001 - $50,000",False,20,https://extapps2.oge.gov/201/Presiden.nsf/PAS+Index/E590116FC9631E9885258E7A002DE209/$FILE/Donald-J-Trump-09.8.2026-278T.pdf
2026-07-29,sale,LINCOLN NATL CORP IND,"$15,001 - $50,000",False,20,https://extapps2.oge.gov/201/Presiden.nsf/PAS+Index/E590116FC9631E9885258E7A002DE209/$FILE/Donald-J-Trump-09.8.2026-278T.pdf
2026-07-29,sale,JBT MAREL CORP,"$15,001 - $50,000",False,20,https://extapps2.oge.gov/201/Presiden.nsf/PAS+Index/E590116FC9631E9885258E7A002DE209/$FILE/Donald-J-Trump-09.8.2026-278T.pdf
2026-07-29,sale,MEDICAL PPTYS TR INC REIT,"$15,001 - $50,000",False,20,https://extapps2.oge.gov/201/Presiden.nsf/PAS+Index/E590116FC9631E9885258E7A002DE209/$FILE/Donald-J-Trump-09.8.2026-278T.pdf
2026-07-29,sale,CLEAF'mAY ENERGY INC CLASS C,"$15,001 - $50,000",False,20,https://extapps2.oge.gov/201/Presiden.nsf/PAS+Index/E590116FC9631E9885258E7A002DE209/$FILE/Donald-J-Trump-09.8.2026-278T.pdf
2026-07-29,sale,NICOLET BANKSHARES INC,"$15,001 - $50,000",False,20,https://extapps2.oge.gov/201/Presiden.nsf/PAS+Index/E590116FC9631E9885258E7A002DE209/$FILE/Donald-J-Trump-09.8.2026-278T.pdf
2026-07-29,sale,DIEBOLD NIXDORF INC,"$15,001 - $50,000",False,20,https://extapps2.oge.gov/201/Presiden.nsf/PAS+Index/E590116FC9631E9885258E7A002DE209/$FILE/Donald-J-Trump-09.8.2026-278T.pdf
2026-07-08,sale,VERSIGENT LTD F,"$15,001 - $50,000",False,20,https://extapps2.oge.gov/201/Presiden.nsf/PAS+Index/E590116FC9631E9885258E7A002DE209/$FILE/Donald-J-Trump-09.8.2026-278T.pdf
2026-07-29,sale,VIASATINC,"$15,001 - $50,000",False,20,https://extapps2.oge.gov/201/Presiden.nsf/PAS+Index/E590116FC9631E9885258E7A002DE209/$FILE/Donald-J-Trump-09.8.2026-278T.pdf
2026-07-08,sale,TELEPHONE & DATA SYS INC,"$15,001 - $50,000",False,21,https://extapps2.oge.gov/201/Presiden.nsf/PAS+Index/E590116FC9631E9885258E7A002DE209/$FILE/Donald-J-Trump-09.8.2026-278T.pdf
2026-07-29,sale,PATRICK INDS INC,"$15,001 - $50,000",False,21,https://extapps2.oge.gov/201/Presiden.nsf/PAS+Index/E590116FC9631E9885258E7A002DE209/$FILE/Donald-J-Trump-09.8.2026-278T.pdf
2026-07-29,sale,RADIAN GROUP INC,"$15,001 - $50,000",False,21,https://extapps2.oge.gov/201/Presiden.nsf/PAS+Index/E590116FC9631E9885258E7A002DE209/$FILE/Donald-J-Trump-09.8.2026-278T.pdf
2026-07-29,sale,GULFPORT ENERGY CORP EQU CLASS EQUITY,"$15,001 - $50,000",False,21,https://extapps2.oge.gov/201/Presiden.nsf/PAS+Index/E590116FC9631E9885258E7A002DE209/$FILE/Donald-J-Trump-09.8.2026-278T.pdf
2026-07-29,sale,CONSTRUCTION PARTNERS IN CLASS A,"$15,001 - $50,000",False,21,https://extapps2.oge.gov/201/Presiden.nsf/PAS+Index/E590116FC9631E9885258E7A002DE209/$FILE/Donald-J-Trump-09.8.2026-278T.pdf
2026-07-29,sale,LCI INDS,"$15,001 - $50,000",False,21,https://extapps2.oge.gov/201/Presiden.nsf/PAS+Index/E590116FC9631E9885258E7A002DE209/$FILE/Donald-J-Trump-09.8.2026-278T.pdf
2026-07-29,sale,OSI SYS INC,"$15,001 - $50,000",False,21,https://extapps2.oge.gov/201/Presiden.nsf/PAS+Index/E590116FC9631E9885258E7A002DE209/$FILE/Donald-J-Trump-09.8.2026-278T.pdf
2026-07-29,sale,RPCINC,"$15,001 - $50,000",False,21,https://extapps2.oge.gov/201/Presiden.nsf/PAS+Index/E590116FC9631E9885258E7A002DE209/$FILE/Donald-J-Trump-09.8.2026-278T.pdf
2026-07-29,sale,ATMUS FILTRATION TECHNOL,"$15,001 - $50,000",False,21,https://extapps2.oge.gov/201/Presiden.nsf/PAS+Index/E590116FC9631E9885258E7A002DE209/$FILE/Donald-J-Trump-09.8.2026-278T.pdf
2026-07-29,sale,ARGANINC,"$15,001 - $50,000",False,21,https://extapps2.oge.gov/201/Presiden.nsf/PAS+Index/E590116FC9631E9885258E7A002DE209/$FILE/Donald-J-Trump-09.8.2026-278T.pdf
2026-07-29,sale,AVISTA CORP,"$15,001 - $50,000",False,21,https://extapps2.oge.gov/201/Presiden.nsf/PAS+Index/E590116FC9631E9885258E7A002DE209/$FILE/Donald-J-Trump-09.8.2026-278T.pdf
2026-07-29,sale,PTC THERAPEUTICS INC,"$15,001 - $50,000",False,21,https://extapps2.oge.gov/201/Presiden.nsf/PAS+Index/E590116FC9631E9885258E7A002DE209/$FILE/Donald-J-Trump-09.8.2026-278T.pdf
2026-07-29,sale,MARA HLDGS INC,"$15,001 - $50,000",False,21,https://extapps2.oge.gov/201/Presiden.nsf/PAS+Index/E590116FC9631E9885258E7A002DE209/$FILE/Donald-J-Trump-09.8.2026-278T.pdf
2026-07-29,sale,NETSCOUT SYS INC,"$15,001 - $50,000",False,21,https://extapps2.oge.gov/201/Presiden.nsf/PAS+Index/E590116FC9631E9885258E7A002DE209/$FILE/Donald-J-Trump-09.8.2026-278T.pdf
2026-07-29,sale,VSECORP,"$15,001 - $50,000",False,21,https://extapps2.oge.gov/201/Presiden.nsf/PAS+Index/E590116FC9631E9885258E7A002DE209/$FILE/Donald-J-Trump-09.8.2026-278T.pdf
2026-07-29,sale,COMMUNITY FINL SYS INC,"$15,001 - $50,000",False,21,https://extapps2.oge.gov/201/Presiden.nsf/PAS+Index/E590116FC9631E9885258E7A002DE209/$FILE/Donald-J-Trump-09.8.2026-278T.pdf
2026-07-29,sale,WILLSCOT HOLDINGS CO A CLASS A,"$50,001 - $100,000",False,21,https://extapps2.oge.gov/201/Presiden.nsf/PAS+Index/E590116FC9631E9885258E7A002DE209/$FILE/Donald-J-Trump-09.8.2026-278T.pdf
2026-07-29,sale,FULLERH BCO,"$50,001 - $100,000",False,21,https://extapps2.oge.gov/201/Presiden.nsf/PAS+Index/E590116FC9631E9885258E7A002DE209/$FILE/Donald-J-Trump-09.8.2026-278T.pdf
2026-07-29,sale,MIRION TECHNOLOGIES INC CLASS A,"$50,001 - $100,000",False,21,https://extapps2.oge.gov/201/Presiden.nsf/PAS+Index/E590116FC9631E9885258E7A002DE209/$FILE/Donald-J-Trump-09.8.2026-278T.pdf
2026-07-29,sale,PENNYMAC MTG INVT TR REIT,"$50,001 - $100,000",False,21,https://extapps2.oge.gov/201/Presiden.nsf/PAS+Index/E590116FC9631E9885258E7A002DE209/$FILE/Donald-J-Trump-09.8.2026-278T.pdf
2026-07-29,sale,GLAUKOS CORP,"$50,001 - $100,000",False,21,https://extapps2.oge.gov/201/Presiden.nsf/PAS+Index/E590116FC9631E9885258E7A002DE209/$FILE/Donald-J-Trump-09.8.2026-278T.pdf
2026-07-29,sale,VlCTORIAS SECRET & CO,"$50,001 - $100,000",False,21,https://extapps2.oge.gov/201/Presiden.nsf/PAS+Index/E590116FC9631E9885258E7A002DE209/$FILE/Donald-J-Trump-09.8.2026-278T.pdf
2026-07-08,sale,STEPSTONE GROUP INC CLASS A,"$50,001 - $100,000",False,21,https://extapps2.oge.gov/201/Presiden.nsf/PAS+Index/E590116FC9631E9885258E7A002DE209/$FILE/Donald-J-Trump-09.8.2026-278T.pdf
2026-07-29,sale,MADISON SQUARE GARDEN SP CLASS A,"$50,001 - $100,000",False,21,https://extapps2.oge.gov/201/Presiden.nsf/PAS+Index/E590116FC9631E9885258E7A002DE209/$FILE/Donald-J-Trump-09.8.2026-278T.pdf
2026-07-29,sale,LIQUIDIA CORP,"$50,001 - $100,000",False,21,https://extapps2.oge.gov/201/Presiden.nsf/PAS+Index/E590116FC9631E9885258E7A002DE209/$FILE/Donald-J-Trump-09.8.2026-278T.pdf
2026-07-29,sale,DIODES INC,"$50,001 - $100,000",False,21,https://extapps2.oge.gov/201/Presiden.nsf/PAS+Index/E590116FC9631E9885258E7A002DE209/$FILE/Donald-J-Trump-09.8.2026-278T.pdf
2026-07-29,sale,UNITED CMNTY BK BLAIRSVI,"$50,001 - $100,000",False,21,https://extapps2.oge.gov/201/Presiden.nsf/PAS+Index/E590116FC9631E9885258E7A002DE209/$FILE/Donald-J-Trump-09.8.2026-278T.pdf
2026-07-29,sale,OPENLANE INC,"$50,001 - $100,000",False,21,https://extapps2.oge.gov/201/Presiden.nsf/PAS+Index/E590116FC9631E9885258E7A002DE209/$FILE/Donald-J-Trump-09.8.2026-278T.pdf
2026-07-29,sale,ALKERMES PLC F,"$50,001 - $100,000",False,21,https://extapps2.oge.gov/201/Presiden.nsf/PAS+Index/E590116FC9631E9885258E7A002DE209/$FILE/Donald-J-Trump-09.8.2026-278T.pdf
2026-07-29,sale,POOL CORP,"$50,001 - $100,000",False,21,https://extapps2.oge.gov/201/Presiden.nsf/PAS+Index/E590116FC9631E9885258E7A002DE209/$FILE/Donald-J-Trump-09.8.2026-278T.pdf
2026-07-29,sale,MDU RES GROUP INC,"$50,001 - $100,000",False,21,https://extapps2.oge.gov/201/Presiden.nsf/PAS+Index/E590116FC9631E9885258E7A002DE209/$FILE/Donald-J-Trump-09.8.2026-278T.pdf
2026-07-29,sale,PEOPLE INC,"$50,001 - $100,000",False,21,https://extapps2.oge.gov/201/Presiden.nsf/PAS+Index/E590116FC9631E9885258E7A002DE209/$FILE/Donald-J-Trump-09.8.2026-278T.pdf
2026-07-29,sale,BADGER METER INC,"$50,001 - $100,000",True,22,https://extapps2.oge.gov/201/Presiden.nsf/PAS+Index/E590116FC9631E9885258E7A002DE209/$FILE/Donald-J-Trump-09.8.2026-278T.pdf
2026-07-29,sale,TELEFLEX INC,"$50,001 - $100,000",True,22,https://extapps2.oge.gov/201/Presiden.nsf/PAS+Index/E590116FC9631E9885258E7A002DE209/$FILE/Donald-J-Trump-09.8.2026-278T.pdf
2026-07-29,sale,GATES INCL CORP LTD F,"$50,001 - $100,000",False,22,https://extapps2.oge.gov/201/Presiden.nsf/PAS+Index/E590116FC9631E9885258E7A002DE209/$FILE/Donald-J-Trump-09.8.2026-278T.pdf
2026-07-29,sale,URBAN EDGE PPTYS REIT,"$50,001 - $100,000",False,22,https://extapps2.oge.gov/201/Presiden.nsf/PAS+Index/E590116FC9631E9885258E7A002DE209/$FILE/Donald-J-Trump-09.8.2026-278T.pdf
2026-07-08,sale,WESTERN UN CO,"$50,001 - $100,000",False,22,https://extapps2.oge.gov/201/Presiden.nsf/PAS+Index/E590116FC9631E9885258E7A002DE209/$FILE/Donald-J-Trump-09.8.2026-278T.pdf
2026-07-29,sale,BANC CALIF INC,"$50,001 - $100,000",False,22,https://extapps2.oge.gov/201/Presiden.nsf/PAS+Index/E590116FC9631E9885258E7A002DE209/$FILE/Donald-J-Trump-09.8.2026-278T.pdf
2026-07-29,sale,TERRENO RLTY CORP REIT,"$50,001 - $100,000",False,22,https://extapps2.oge.gov/201/Presiden.nsf/PAS+Index/E590116FC9631E9885258E7A002DE209/$FILE/Donald-J-Trump-09.8.2026-278T.pdf
2026-07-29,sale,PJT PARTNERS INC CLASS A,"$50,001 - $100,000",True,22,https://extapps2.oge.gov/201/Presiden.nsf/PAS+Index/E590116FC9631E9885258E7A002DE209/$FILE/Donald-J-Trump-09.8.2026-278T.pdf
2026-07-29,sale,FEDERAL SIGNAL CORP,"$50,001 - $100,000",False,22,https://extapps2.oge.gov/201/Presiden.nsf/PAS+Index/E590116FC9631E9885258E7A002DE209/$FILE/Donald-J-Trump-09.8.2026-278T.pdf
2026-07-29,sale,LYFT INC CLASS CLASS A,"$50,001 - $100,000",False,22,https://extapps2.oge.gov/201/Presiden.nsf/PAS+Index/E590116FC9631E9885258E7A002DE209/$FILE/Donald-J-Trump-09.8.2026-278T.pdf
2026-07-29,sale,NTNL HEALTH JNVS INC REI REIT,"$50,001 - $100,000",False,22,https://extapps2.oge.gov/201/Presiden.nsf/PAS+Index/E590116FC9631E9885258E7A002DE209/$FILE/Donald-J-Trump-09.8.2026-278T.pdf
2026-07-08,sale,EPAMSYSINC,"$50,001 - $100,000",False,22,https://extapps2.oge.gov/201/Presiden.nsf/PAS+Index/E590116FC9631E9885258E7A002DE209/$FILE/Donald-J-Trump-09.8.2026-278T.pdf
2026-07-29,sale,ETSYINC,"$50,001 - $100,000",True,22,https://extapps2.oge.gov/201/Presiden.nsf/PAS+Index/E590116FC9631E9885258E7A002DE209/$FILE/Donald-J-Trump-09.8.2026-278T.pdf
2026-07-29,sale,CHAMPION HOMES INC,"$50,001 - $100,000",False,22,https://extapps2.oge.gov/201/Presiden.nsf/PAS+Index/E590116FC9631E9885258E7A002DE209/$FILE/Donald-J-Trump-09.8.2026-278T.pdf
2026-07-29,sale,BALCHEM CORP,"$50,001 - $100,000",False,22,https://extapps2.oge.gov/201/Presiden.nsf/PAS+Index/E590116FC9631E9885258E7A002DE209/$FILE/Donald-J-Trump-09.8.2026-278T.pdf
2026-07-29,sale,ESSENTIAL PPTYS RLTY TR REIT,"$50,001 - $100,000",False,22,https://extapps2.oge.gov/201/Presiden.nsf/PAS+Index/E590116FC9631E9885258E7A002DE209/$FILE/Donald-J-Trump-09.8.2026-278T.pdf
2026-07-29,sale,PRIMORIS SVCS CORP,"$50,001 - $100,000",False,22,https://extapps2.oge.gov/201/Presiden.nsf/PAS+Index/E590116FC9631E9885258E7A002DE209/$FILE/Donald-J-Trump-09.8.2026-278T.pdf
2026-07-29,sale,COLUMBIA 8KG SYS INC,"$50,001 - $100,000",False,22,https://extapps2.oge.gov/201/Presiden.nsf/PAS+Index/E590116FC9631E9885258E7A002DE209/$FILE/Donald-J-Trump-09.8.2026-278T.pdf
2026-07-08,sale,RITHM CAPITAL CORP REIT,"$50,001 - $100,000",False,22,https://extapps2.oge.gov/201/Presiden.nsf/PAS+Index/E590116FC9631E9885258E7A002DE209/$FILE/Donald-J-Trump-09.8.2026-278T.pdf
2026-07-29,sale,FIRST HAWAIIAN INC,"$50,001 - $100,000",False,22,https://extapps2.oge.gov/201/Presiden.nsf/PAS+Index/E590116FC9631E9885258E7A002DE209/$FILE/Donald-J-Trump-09.8.2026-278T.pdf
2026-07-29,sale,LAZARD INC,"$50,001 - $100,000",True,22,https://extapps2.oge.gov/201/Presiden.nsf/PAS+Index/E590116FC9631E9885258E7A002DE209/$FILE/Donald-J-Trump-09.8.2026-278T.pdf
2026-07-29,sale,CASELLA WASTE SYS INC CLASS A,"$50,001 - $100,000",False,22,https://extapps2.oge.gov/201/Presiden.nsf/PAS+Index/E590116FC9631E9885258E7A002DE209/$FILE/Donald-J-Trump-09.8.2026-278T.pdf
2026-07-17,sale,BRIGHTSPRING HEALTH SVCS,"$100,001 - $250,000",False,22,https://extapps2.oge.gov/201/Presiden.nsf/PAS+Index/E590116FC9631E9885258E7A002DE209/$FILE/Donald-J-Trump-09.8.2026-278T.pdf
2026-07-24,sale,KRYSTAL BIOTECH INC,"$100,001 - $250,000",False,22,https://extapps2.oge.gov/201/Presiden.nsf/PAS+Index/E590116FC9631E9885258E7A002DE209/$FILE/Donald-J-Trump-09.8.2026-278T.pdf
2026-07-22,sale,MOLINA HEALTHCARE INC,"$250,001 - $500,000",False,22,https://extapps2.oge.gov/201/Presiden.nsf/PAS+Index/E590116FC9631E9885258E7A002DE209/$FILE/Donald-J-Trump-09.8.2026-278T.pdf
2026-07-27,purchase,COSTCO WHSL CORP NEW 1p,"$100,001 - $250,000",True,22,https://extapps2.oge.gov/201/Presiden.nsf/PAS+Index/E590116FC9631E9885258E7A002DE209/$FILE/Donald-J-Trump-09.8.2026-278T.pdf
2026-07-27,purchase,687· TESLA INC 1p,"$100,001 - $250,000",True,22,https://extapps2.oge.gov/201/Presiden.nsf/PAS+Index/E590116FC9631E9885258E7A002DE209/$FILE/Donald-J-Trump-09.8.2026-278T.pdf
2026-07-27,purchase,SERVJCENOW INC 1,"$100,001 - $250,000",False,22,https://extapps2.oge.gov/201/Presiden.nsf/PAS+Index/E590116FC9631E9885258E7A002DE209/$FILE/Donald-J-Trump-09.8.2026-278T.pdf
2026-07-27,purchase,NETFLIX INC,"$100,001 - $250,000",False,22,https://extapps2.oge.gov/201/Presiden.nsf/PAS+Index/E590116FC9631E9885258E7A002DE209/$FILE/Donald-J-Trump-09.8.2026-278T.pdf
2026-07-27,purchase,MCDONALDS CORP,"$100,001 - $250,000",False,22,https://extapps2.oge.gov/201/Presiden.nsf/PAS+Index/E590116FC9631E9885258E7A002DE209/$FILE/Donald-J-Trump-09.8.2026-278T.pdf
2026-07-27,purchase,CAPITAL ONE FINL CORP,"$50,001 - $100,000",False,22,https://extapps2.oge.gov/201/Presiden.nsf/PAS+Index/E590116FC9631E9885258E7A002DE209/$FILE/Donald-J-Trump-09.8.2026-278T.pdf
2026-07-27,purchase,DANAHER CORP,"$50,001 - $100,000",False,22,https://extapps2.oge.gov/201/Presiden.nsf/PAS+Index/E590116FC9631E9885258E7A002DE209/$FILE/Donald-J-Trump-09.8.2026-278T.pdf
2026-07-27,purchase,COMCAST CORP NEW CLASS CLASS A,"$50,001 - $100,000",False,22,https://extapps2.oge.gov/201/Presiden.nsf/PAS+Index/E590116FC9631E9885258E7A002DE209/$FILE/Donald-J-Trump-09.8.2026-278T.pdf
2026-07-27,purchase,BOSTON SCIENTIFIC CORP,"$50,001 - $100,000",False,23,https://extapps2.oge.gov/201/Presiden.nsf/PAS+Index/E590116FC9631E9885258E7A002DE209/$FILE/Donald-J-Trump-09.8.2026-278T.pdf
2026-07-27,purchase,INTUIT Ip,"$50,001 - $100,000",False,23,https://extapps2.oge.gov/201/Presiden.nsf/PAS+Index/E590116FC9631E9885258E7A002DE209/$FILE/Donald-J-Trump-09.8.2026-278T.pdf
2026-07-27,purchase,ADOBE INC,"$50,001 - $100,000",False,23,https://extapps2.oge.gov/201/Presiden.nsf/PAS+Index/E590116FC9631E9885258E7A002DE209/$FILE/Donald-J-Trump-09.8.2026-278T.pdf
2026-07-27,purchase,NIKE INC CLASS CLASS B,"$50,001 - $100,000",False,23,https://extapps2.oge.gov/201/Presiden.nsf/PAS+Index/E590116FC9631E9885258E7A002DE209/$FILE/Donald-J-Trump-09.8.2026-278T.pdf
2026-07-27,purchase,IBM CORP,"$50,001 - $100,000",False,23,https://extapps2.oge.gov/201/Presiden.nsf/PAS+Index/E590116FC9631E9885258E7A002DE209/$FILE/Donald-J-Trump-09.8.2026-278T.pdf
2026-07-27,purchase,STRATEGY INC CLASS A,"$50,001 - $100,000",False,23,https://extapps2.oge.gov/201/Presiden.nsf/PAS+Index/E590116FC9631E9885258E7A002DE209/$FILE/Donald-J-Trump-09.8.2026-278T.pdf
2026-07-27,purchase,UNITED RENTALS INC,"$50,001 - $100,000",False,23,https://extapps2.oge.gov/201/Presiden.nsf/PAS+Index/E590116FC9631E9885258E7A002DE209/$FILE/Donald-J-Trump-09.8.2026-278T.pdf
2026-07-27,purchase,ROCKET LAB CORP CLASS A,"$15,001 - $50,000",False,23,https://extapps2.oge.gov/201/Presiden.nsf/PAS+Index/E590116FC9631E9885258E7A002DE209/$FILE/Donald-J-Trump-09.8.2026-278T.pdf
2026-07-27,purchase,HOME DEPOT INC,"$15,001 - $50,000",False,23,https://extapps2.oge.gov/201/Presiden.nsf/PAS+Index/E590116FC9631E9885258E7A002DE209/$FILE/Donald-J-Trump-09.8.2026-278T.pdf
2026-07-27,purchase,AUTOZONE INC 1c,"$15,001 - $50,000",False,23,https://extapps2.oge.gov/201/Presiden.nsf/PAS+Index/E590116FC9631E9885258E7A002DE209/$FILE/Donald-J-Trump-09.8.2026-278T.pdf
2026-07-27,purchase,LOWES COS INC,"$15,001 - $50,000",False,23,https://extapps2.oge.gov/201/Presiden.nsf/PAS+Index/E590116FC9631E9885258E7A002DE209/$FILE/Donald-J-Trump-09.8.2026-278T.pdf
2026-07-27,purchase,BERKSHIRE HATHAWAY CLASS B,"$15,001 - $50,000",False,23,https://extapps2.oge.gov/201/Presiden.nsf/PAS+Index/E590116FC9631E9885258E7A002DE209/$FILE/Donald-J-Trump-09.8.2026-278T.pdf
2026-07-27,sale,TRANSDIGM GROUP INC,"$1,001 - $15,000",False,23,https://extapps2.oge.gov/201/Presiden.nsf/PAS+Index/E590116FC9631E9885258E7A002DE209/$FILE/Donald-J-Trump-09.8.2026-278T.pdf
2026-07-27,sale,GE HEALTHCARE TECHNOLOGI,"$1,001 - $15,000",False,23,https://extapps2.oge.gov/201/Presiden.nsf/PAS+Index/E590116FC9631E9885258E7A002DE209/$FILE/Donald-J-Trump-09.8.2026-278T.pdf
2026-07-27,sale,MOBILITY GLOBAL INC,"$1,001 - $15,000",False,23,https://extapps2.oge.gov/201/Presiden.nsf/PAS+Index/E590116FC9631E9885258E7A002DE209/$FILE/Donald-J-Trump-09.8.2026-278T.pdf
2026-07-27,sale,LULULEMON ATHLETICA INC,"$1,001 - $15,000",False,23,https://extapps2.oge.gov/201/Presiden.nsf/PAS+Index/E590116FC9631E9885258E7A002DE209/$FILE/Donald-J-Trump-09.8.2026-278T.pdf
2026-07-27,sale,PILGRIMS PRIDE CORP NEW,"$1,001 - $15,000",False,23,https://extapps2.oge.gov/201/Presiden.nsf/PAS+Index/E590116FC9631E9885258E7A002DE209/$FILE/Donald-J-Trump-09.8.2026-278T.pdf
2026-07-27,sale,WINGSTOP INC,"$1,001 - $15,000",False,23,https://extapps2.oge.gov/201/Presiden.nsf/PAS+Index/E590116FC9631E9885258E7A002DE209/$FILE/Donald-J-Trump-09.8.2026-278T.pdf
2026-07-27,sale,POOLCORP,"$1,001 - $15,000",False,23,https://extapps2.oge.gov/201/Presiden.nsf/PAS+Index/E590116FC9631E9885258E7A002DE209/$FILE/Donald-J-Trump-09.8.2026-278T.pdf
2026-07-27,sale,WESTLAKE CORP,"$1,001 - $15,000",False,23,https://extapps2.oge.gov/201/Presiden.nsf/PAS+Index/E590116FC9631E9885258E7A002DE209/$FILE/Donald-J-Trump-09.8.2026-278T.pdf
2026-07-27,sale,ERIE INDTY CO CLASS A,"$1,001 - $15,000",False,23,https://extapps2.oge.gov/201/Presiden.nsf/PAS+Index/E590116FC9631E9885258E7A002DE209/$FILE/Donald-J-Trump-09.8.2026-278T.pdf
2026-07-27,sale,SBA COMMUNICATIONS CORP REIT,"$1,001 - $15,000",False,23,https://extapps2.oge.gov/201/Presiden.nsf/PAS+Index/E590116FC9631E9885258E7A002DE209/$FILE/Donald-J-Trump-09.8.2026-278T.pdf
2026-07-27,sale,DISNEY WALT CO,"$15,001 - $50,000",False,23,https://extapps2.oge.gov/201/Presiden.nsf/PAS+Index/E590116FC9631E9885258E7A002DE209/$FILE/Donald-J-Trump-09.8.2026-278T.pdf
2026-07-27,sale,AT&T INC,"$15,001 - $50,000",False,23,https://extapps2.oge.gov/201/Presiden.nsf/PAS+Index/E590116FC9631E9885258E7A002DE209/$FILE/Donald-J-Trump-09.8.2026-278T.pdf
2026-07-27,sale,YUM BRANDS INC,"$15,001 - $50,000",False,23,https://extapps2.oge.gov/201/Presiden.nsf/PAS+Index/E590116FC9631E9885258E7A002DE209/$FILE/Donald-J-Trump-09.8.2026-278T.pdf
2026-07-27,sale,MCCORMICK & CO INC CLASS N,"$15,001 - $50,000",False,23,https://extapps2.oge.gov/201/Presiden.nsf/PAS+Index/E590116FC9631E9885258E7A002DE209/$FILE/Donald-J-Trump-09.8.2026-278T.pdf
2026-07-27,sale,CONSTELLATION BRANDS INC CLASS A,"$15,001 - $50,000",False,23,https://extapps2.oge.gov/201/Presiden.nsf/PAS+Index/E590116FC9631E9885258E7A002DE209/$FILE/Donald-J-Trump-09.8.2026-278T.pdf
2026-07-27,sale,SPROUTS FMRS MKT INC,"$15,001 - $50,000",False,23,https://extapps2.oge.gov/201/Presiden.nsf/PAS+Index/E590116FC9631E9885258E7A002DE209/$FILE/Donald-J-Trump-09.8.2026-278T.pdf
2026-07-27,sale,CLOROX CO,"$15,001 - $50,000",False,23,https://extapps2.oge.gov/201/Presiden.nsf/PAS+Index/E590116FC9631E9885258E7A002DE209/$FILE/Donald-J-Trump-09.8.2026-278T.pdf
2026-07-27,sale,CHARTER COMMUNICATIONS I CLASS A,"$15,001 - $50,000",False,23,https://extapps2.oge.gov/201/Presiden.nsf/PAS+Index/E590116FC9631E9885258E7A002DE209/$FILE/Donald-J-Trump-09.8.2026-278T.pdf
2026-07-27,sale,PLANET FITNESS INC CLASS A,"$15,001 - $50,000",False,23,https://extapps2.oge.gov/201/Presiden.nsf/PAS+Index/E590116FC9631E9885258E7A002DE209/$FILE/Donald-J-Trump-09.8.2026-278T.pdf
2026-07-27,sale,MARVELL TECHNOLOGY INC,"$15,001 - $50,000",False,23,https://extapps2.oge.gov/201/Presiden.nsf/PAS+Index/E590116FC9631E9885258E7A002DE209/$FILE/Donald-J-Trump-09.8.2026-278T.pdf
2026-07-27,sale,COREWEAVE INC CLASS A,"$15,001 - $50,000",False,24,https://extapps2.oge.gov/201/Presiden.nsf/PAS+Index/E590116FC9631E9885258E7A002DE209/$FILE/Donald-J-Trump-09.8.2026-278T.pdf
2026-07-27,sale,THE TRADE DESK INC CLASS A,"$15,001 - $50,000",False,24,https://extapps2.oge.gov/201/Presiden.nsf/PAS+Index/E590116FC9631E9885258E7A002DE209/$FILE/Donald-J-Trump-09.8.2026-278T.pdf
2026-07-27,sale,CROWN CASTLE INC REIT REIT,"$15,001 - $50,000",False,24,https://extapps2.oge.gov/201/Presiden.nsf/PAS+Index/E590116FC9631E9885258E7A002DE209/$FILE/Donald-J-Trump-09.8.2026-278T.pdf
2026-07-27,sale,CREDO TECHNOLOGY GROUP F,"$15,001 - $50,000",False,24,https://extapps2.oge.gov/201/Presiden.nsf/PAS+Index/E590116FC9631E9885258E7A002DE209/$FILE/Donald-J-Trump-09.8.2026-278T.pdf
2026-07-27,sale,CHIPOTLE MEXICAN GRILL,"$15,001 - $50,000",False,24,https://extapps2.oge.gov/201/Presiden.nsf/PAS+Index/E590116FC9631E9885258E7A002DE209/$FILE/Donald-J-Trump-09.8.2026-278T.pdf
2026-07-27,sale,TEMPUS Al INC CLASS A,"$15,001 - $50,000",False,24,https://extapps2.oge.gov/201/Presiden.nsf/PAS+Index/E590116FC9631E9885258E7A002DE209/$FILE/Donald-J-Trump-09.8.2026-278T.pdf
2026-07-27,sale,INTUITIVE SURGICAL INC,"$15,001 - $50,000",False,24,https://extapps2.oge.gov/201/Presiden.nsf/PAS+Index/E590116FC9631E9885258E7A002DE209/$FILE/Donald-J-Trump-09.8.2026-278T.pdf
2026-07-27,sale,T-MOBILE US INC,"$15,001 - $50,000",False,24,https://extapps2.oge.gov/201/Presiden.nsf/PAS+Index/E590116FC9631E9885258E7A002DE209/$FILE/Donald-J-Trump-09.8.2026-278T.pdf
2026-07-27,sale,COUPANG INC CLASS A,"$15,001 - $50,000",False,24,https://extapps2.oge.gov/201/Presiden.nsf/PAS+Index/E590116FC9631E9885258E7A002DE209/$FILE/Donald-J-Trump-09.8.2026-278T.pdf
2026-07-27,sale,ZOETIS INC CLASS A,"$50,001 - $100,000",False,24,https://extapps2.oge.gov/201/Presiden.nsf/PAS+Index/E590116FC9631E9885258E7A002DE209/$FILE/Donald-J-Trump-09.8.2026-278T.pdf
2026-07-27,sale,AMERICAN TOWER CORP NEW REIT,"$50,001 - $100,000",False,24,https://extapps2.oge.gov/201/Presiden.nsf/PAS+Index/E590116FC9631E9885258E7A002DE209/$FILE/Donald-J-Trump-09.8.2026-278T.pdf
2026-07-27,sale,UBER TECHNOLOGIES INC,"$50,001 - $100,000",False,24,https://extapps2.oge.gov/201/Presiden.nsf/PAS+Index/E590116FC9631E9885258E7A002DE209/$FILE/Donald-J-Trump-09.8.2026-278T.pdf
2026-07-27,sale,ORACLE CORP,"$50,001 - $100,000",False,24,https://extapps2.oge.gov/201/Presiden.nsf/PAS+Index/E590116FC9631E9885258E7A002DE209/$FILE/Donald-J-Trump-09.8.2026-278T.pdf
2026-07-24,purchase,WALMARTINC,"$1,001 - $15,000",False,24,https://extapps2.oge.gov/201/Presiden.nsf/PAS+Index/E590116FC9631E9885258E7A002DE209/$FILE/Donald-J-Trump-09.8.2026-278T.pdf
2026-07-24,purchase,SERVICENOW INC,"$1,001 - $15,000",False,24,https://extapps2.oge.gov/201/Presiden.nsf/PAS+Index/E590116FC9631E9885258E7A002DE209/$FILE/Donald-J-Trump-09.8.2026-278T.pdf
2026-07-24,purchase,INTUIT,"$1,001 - $15,000",False,24,https://extapps2.oge.gov/201/Presiden.nsf/PAS+Index/E590116FC9631E9885258E7A002DE209/$FILE/Donald-J-Trump-09.8.2026-278T.pdf
2026-07-24,purchase,GE AEROSPACE,"$1,001 - $15,000",False,24,https://extapps2.oge.gov/201/Presiden.nsf/PAS+Index/E590116FC9631E9885258E7A002DE209/$FILE/Donald-J-Trump-09.8.2026-278T.pdf
2026-07-24,purchase,ECOLAB INC,"$1,001 - $15,000",False,24,https://extapps2.oge.gov/201/Presiden.nsf/PAS+Index/E590116FC9631E9885258E7A002DE209/$FILE/Donald-J-Trump-09.8.2026-278T.pdf
2026-07-24,purchase,JABIL INC,"$1,001 - $15,000",False,24,https://extapps2.oge.gov/201/Presiden.nsf/PAS+Index/E590116FC9631E9885258E7A002DE209/$FILE/Donald-J-Trump-09.8.2026-278T.pdf
2026-07-24,purchase,COPARTINC,"$1,001 - $15,000",False,24,https://extapps2.oge.gov/201/Presiden.nsf/PAS+Index/E590116FC9631E9885258E7A002DE209/$FILE/Donald-J-Trump-09.8.2026-278T.pdf
2026-07-24,purchase,AT&T INC,"$1,001 - $15,000",False,24,https://extapps2.oge.gov/201/Presiden.nsf/PAS+Index/E590116FC9631E9885258E7A002DE209/$FILE/Donald-J-Trump-09.8.2026-278T.pdf
2026-07-24,purchase,STRATEGY INC CLASS A,"$1,001 - $15,000",False,24,https://extapps2.oge.gov/201/Presiden.nsf/PAS+Index/E590116FC9631E9885258E7A002DE209/$FILE/Donald-J-Trump-09.8.2026-278T.pdf
2026-07-24,purchase,BOSTON SCIENTIFIC CORP,"$1,001 - $15,000",False,24,https://extapps2.oge.gov/201/Presiden.nsf/PAS+Index/E590116FC9631E9885258E7A002DE209/$FILE/Donald-J-Trump-09.8.2026-278T.pdf
2026-07-24,purchase,T-MOBILE US INC,"$1,001 - $15,000",False,24,https://extapps2.oge.gov/201/Presiden.nsf/PAS+Index/E590116FC9631E9885258E7A002DE209/$FILE/Donald-J-Trump-09.8.2026-278T.pdf
2026-07-24,purchase,PEPSICO INC,"$1,001 - $15,000",False,25,https://extapps2.oge.gov/201/Presiden.nsf/PAS+Index/E590116FC9631E9885258E7A002DE209/$FILE/Donald-J-Trump-09.8.2026-278T.pdf
2026-07-24,purchase,APPLE INC,"$1,001 - $15,000",False,25,https://extapps2.oge.gov/201/Presiden.nsf/PAS+Index/E590116FC9631E9885258E7A002DE209/$FILE/Donald-J-Trump-09.8.2026-278T.pdf
2026-07-24,purchase,CROWN CASTI.E INC REIT REIT,"$1,001 - $15,000",False,25,https://extapps2.oge.gov/201/Presiden.nsf/PAS+Index/E590116FC9631E9885258E7A002DE209/$FILE/Donald-J-Trump-09.8.2026-278T.pdf
2026-07-24,purchase,GENERAC HLDGS INC,"$1,001 - $15,000",False,25,https://extapps2.oge.gov/201/Presiden.nsf/PAS+Index/E590116FC9631E9885258E7A002DE209/$FILE/Donald-J-Trump-09.8.2026-278T.pdf
2026-07-24,purchase,MARTIN MARIETTA MATI.S IN,"$1,001 - $15,000",False,25,https://extapps2.oge.gov/201/Presiden.nsf/PAS+Index/E590116FC9631E9885258E7A002DE209/$FILE/Donald-J-Trump-09.8.2026-278T.pdf
2026-07-24,purchase,ROBLOX CORP CLASS A,"$1,001 - $15,000",False,25,https://extapps2.oge.gov/201/Presiden.nsf/PAS+Index/E590116FC9631E9885258E7A002DE209/$FILE/Donald-J-Trump-09.8.2026-278T.pdf
2026-07-24,purchase,MASTERCARD INC CLASS CLASS A,"$1,001 - $15,000",False,25,https://extapps2.oge.gov/201/Presiden.nsf/PAS+Index/E590116FC9631E9885258E7A002DE209/$FILE/Donald-J-Trump-09.8.2026-278T.pdf
2026-07-24,purchase,LOWES COS INC,"$1,001 - $15,000",False,25,https://extapps2.oge.gov/201/Presiden.nsf/PAS+Index/E590116FC9631E9885258E7A002DE209/$FILE/Donald-J-Trump-09.8.2026-278T.pdf
2026-07-24,purchase,OMNICOM GROUP INC,"$1,001 - $15,000",False,25,https://extapps2.oge.gov/201/Presiden.nsf/PAS+Index/E590116FC9631E9885258E7A002DE209/$FILE/Donald-J-Trump-09.8.2026-278T.pdf
2026-07-24,purchase,PROCTER & GAMBLE CO,"$1,001 - $15,000",False,25,https://extapps2.oge.gov/201/Presiden.nsf/PAS+Index/E590116FC9631E9885258E7A002DE209/$FILE/Donald-J-Trump-09.8.2026-278T.pdf
2026-07-24,purchase,FISERV INC,"$1,001 - $15,000",False,25,https://extapps2.oge.gov/201/Presiden.nsf/PAS+Index/E590116FC9631E9885258E7A002DE209/$FILE/Donald-J-Trump-09.8.2026-278T.pdf
2026-07-24,purchase,COSTAR GROUP INC,"$1,001 - $15,000",False,25,https://extapps2.oge.gov/201/Presiden.nsf/PAS+Index/E590116FC9631E9885258E7A002DE209/$FILE/Donald-J-Trump-09.8.2026-278T.pdf
2026-07-24,purchase,PAYPAL HLDGS INC,"$1,001 - $15,000",False,25,https://extapps2.oge.gov/201/Presiden.nsf/PAS+Index/E590116FC9631E9885258E7A002DE209/$FILE/Donald-J-Trump-09.8.2026-278T.pdf
2026-07-24,purchase,CAPITAL ONE FINL CORP,"$1,001 - $15,000",False,25,https://extapps2.oge.gov/201/Presiden.nsf/PAS+Index/E590116FC9631E9885258E7A002DE209/$FILE/Donald-J-Trump-09.8.2026-278T.pdf
2026-07-24,purchase,COINBASE GLOBAL INC CLASS CLASS A,"$1,001 - $15,000",False,25,https://extapps2.oge.gov/201/Presiden.nsf/PAS+Index/E590116FC9631E9885258E7A002DE209/$FILE/Donald-J-Trump-09.8.2026-278T.pdf
2026-07-24,purchase,EQT CORP,"$1,001 - $15,000",False,25,https://extapps2.oge.gov/201/Presiden.nsf/PAS+Index/E590116FC9631E9885258E7A002DE209/$FILE/Donald-J-Trump-09.8.2026-278T.pdf
2026-07-24,purchase,OTIS WORLDWIDE CORP,"$1,001 - $15,000",False,25,https://extapps2.oge.gov/201/Presiden.nsf/PAS+Index/E590116FC9631E9885258E7A002DE209/$FILE/Donald-J-Trump-09.8.2026-278T.pdf
2026-07-24,purchase,CME GROUP INC CLASS A,"$1,001 - $15,000",False,25,https://extapps2.oge.gov/201/Presiden.nsf/PAS+Index/E590116FC9631E9885258E7A002DE209/$FILE/Donald-J-Trump-09.8.2026-278T.pdf
2026-07-24,purchase,GENERAL MTR$ CO,"$1,001 - $15,000",False,25,https://extapps2.oge.gov/201/Presiden.nsf/PAS+Index/E590116FC9631E9885258E7A002DE209/$FILE/Donald-J-Trump-09.8.2026-278T.pdf
2026-07-24,sale,GENPACT LTD F,"$1,001 - $15,000",False,25,https://extapps2.oge.gov/201/Presiden.nsf/PAS+Index/E590116FC9631E9885258E7A002DE209/$FILE/Donald-J-Trump-09.8.2026-278T.pdf
2026-07-24,sale,META PLATFORMS INC CLASS A,"$1,001 - $15,000",False,25,https://extapps2.oge.gov/201/Presiden.nsf/PAS+Index/E590116FC9631E9885258E7A002DE209/$FILE/Donald-J-Trump-09.8.2026-278T.pdf
2026-07-24,sale,ZOETIS INC CLASS A,"$1,001 - $15,000",False,25,https://extapps2.oge.gov/201/Presiden.nsf/PAS+Index/E590116FC9631E9885258E7A002DE209/$FILE/Donald-J-Trump-09.8.2026-278T.pdf
2026-07-24,sale,GE HEALTHCARE TECHNOLOGI,"$1,001 - $15,000",False,25,https://extapps2.oge.gov/201/Presiden.nsf/PAS+Index/E590116FC9631E9885258E7A002DE209/$FILE/Donald-J-Trump-09.8.2026-278T.pdf
2026-07-24,sale,MCDONALDS CORP,"$1,001 - $15,000",False,25,https://extapps2.oge.gov/201/Presiden.nsf/PAS+Index/E590116FC9631E9885258E7A002DE209/$FILE/Donald-J-Trump-09.8.2026-278T.pdf
2026-07-24,sale,PENTAIR PLC F,"$1,001 - $15,000",False,25,https://extapps2.oge.gov/201/Presiden.nsf/PAS+Index/E590116FC9631E9885258E7A002DE209/$FILE/Donald-J-Trump-09.8.2026-278T.pdf
2026-07-24,sale,IBM CORP,"$1,001 - $15,000",False,25,https://extapps2.oge.gov/201/Presiden.nsf/PAS+Index/E590116FC9631E9885258E7A002DE209/$FILE/Donald-J-Trump-09.8.2026-278T.pdf
2026-07-24,sale,GILEAD SCIENCES INC,"$1,001 - $15,000",False,25,https://extapps2.oge.gov/201/Presiden.nsf/PAS+Index/E590116FC9631E9885258E7A002DE209/$FILE/Donald-J-Trump-09.8.2026-278T.pdf
2026-07-24,sale,TJX COS INC NEW,"$1,001 - $15,000",False,25,https://extapps2.oge.gov/201/Presiden.nsf/PAS+Index/E590116FC9631E9885258E7A002DE209/$FILE/Donald-J-Trump-09.8.2026-278T.pdf
2026-07-24,sale,CONSTELLATION BRANDS INC CLASS A,"$1,001 - $15,000",False,25,https://extapps2.oge.gov/201/Presiden.nsf/PAS+Index/E590116FC9631E9885258E7A002DE209/$FILE/Donald-J-Trump-09.8.2026-278T.pdf
2026-07-24,sale,POOL CORP,"$1,001 - $15,000",False,25,https://extapps2.oge.gov/201/Presiden.nsf/PAS+Index/E590116FC9631E9885258E7A002DE209/$FILE/Donald-J-Trump-09.8.2026-278T.pdf
2026-07-24,sale,COUPANG INC CLASS A,"$1,001 - $15,000",False,25,https://extapps2.oge.gov/201/Presiden.nsf/PAS+Index/E590116FC9631E9885258E7A002DE209/$FILE/Donald-J-Trump-09.8.2026-278T.pdf
2026-07-24,sale,NEWMONT CORP,"$1,001 - $15,000",False,26,https://extapps2.oge.gov/201/Presiden.nsf/PAS+Index/E590116FC9631E9885258E7A002DE209/$FILE/Donald-J-Trump-09.8.2026-278T.pdf
2026-07-24,sale,FABRINETF,"$1,001 - $15,000",False,26,https://extapps2.oge.gov/201/Presiden.nsf/PAS+Index/E590116FC9631E9885258E7A002DE209/$FILE/Donald-J-Trump-09.8.2026-278T.pdf
2026-07-24,sale,NEXTPOWER INC CLASS A,"$1,001 - $15,000",False,26,https://extapps2.oge.gov/201/Presiden.nsf/PAS+Index/E590116FC9631E9885258E7A002DE209/$FILE/Donald-J-Trump-09.8.2026-278T.pdf
2026-07-24,sale,FOX CORP CLASS CLASS A,"$1,001 - $15,000",False,26,https://extapps2.oge.gov/201/Presiden.nsf/PAS+Index/E590116FC9631E9885258E7A002DE209/$FILE/Donald-J-Trump-09.8.2026-278T.pdf
2026-07-24,sale,SYNOPSYS INC,"$1,001 - $15,000",False,26,https://extapps2.oge.gov/201/Presiden.nsf/PAS+Index/E590116FC9631E9885258E7A002DE209/$FILE/Donald-J-Trump-09.8.2026-278T.pdf
2026-07-24,sale,LENNAR CORP CLASS A,"$1,001 - $15,000",False,26,https://extapps2.oge.gov/201/Presiden.nsf/PAS+Index/E590116FC9631E9885258E7A002DE209/$FILE/Donald-J-Trump-09.8.2026-278T.pdf
2026-07-24,sale,BAKER HUGHES CO. A CLASS A,"$1,001 - $15,000",False,26,https://extapps2.oge.gov/201/Presiden.nsf/PAS+Index/E590116FC9631E9885258E7A002DE209/$FILE/Donald-J-Trump-09.8.2026-278T.pdf
2026-07-24,sale,COSTCO WHSL CORP NEW,"$1,001 - $15,000",False,26,https://extapps2.oge.gov/201/Presiden.nsf/PAS+Index/E590116FC9631E9885258E7A002DE209/$FILE/Donald-J-Trump-09.8.2026-278T.pdf
2026-07-24,sale,TRACTOR SUPPLY CO,"$1,001 - $15,000",False,26,https://extapps2.oge.gov/201/Presiden.nsf/PAS+Index/E590116FC9631E9885258E7A002DE209/$FILE/Donald-J-Trump-09.8.2026-278T.pdf
2026-07-24,sale,HILTON WORLDWIDE HLDGS,"$1,001 - $15,000",False,26,https://extapps2.oge.gov/201/Presiden.nsf/PAS+Index/E590116FC9631E9885258E7A002DE209/$FILE/Donald-J-Trump-09.8.2026-278T.pdf
2026-07-24,sale,API GROUP CORP,"$1,001 - $15,000",False,26,https://extapps2.oge.gov/201/Presiden.nsf/PAS+Index/E590116FC9631E9885258E7A002DE209/$FILE/Donald-J-Trump-09.8.2026-278T.pdf
2026-07-24,sale,UBER TECHNOLOGIES INC,"$1,001 - $15,000",False,26,https://extapps2.oge.gov/201/Presiden.nsf/PAS+Index/E590116FC9631E9885258E7A002DE209/$FILE/Donald-J-Trump-09.8.2026-278T.pdf
2026-07-24,sale,ZILLOW GROUP INC CLASS C,"$1,001 - $15,000",False,26,https://extapps2.oge.gov/201/Presiden.nsf/PAS+Index/E590116FC9631E9885258E7A002DE209/$FILE/Donald-J-Trump-09.8.2026-278T.pdf
2026-07-24,sale,MARSH & MCLENNAN COS INC,"$1,001 - $15,000",False,26,https://extapps2.oge.gov/201/Presiden.nsf/PAS+Index/E590116FC9631E9885258E7A002DE209/$FILE/Donald-J-Trump-09.8.2026-278T.pdf
2026-07-24,sale,ALBERTSONS CO SHS CL A CLASS A,"$1,001 - $15,000",False,26,https://extapps2.oge.gov/201/Presiden.nsf/PAS+Index/E590116FC9631E9885258E7A002DE209/$FILE/Donald-J-Trump-09.8.2026-278T.pdf
2026-07-24,sale,AMERICAN TOWER CORP NEW REIT,"$1,001 - $15,000",False,26,https://extapps2.oge.gov/201/Presiden.nsf/PAS+Index/E590116FC9631E9885258E7A002DE209/$FILE/Donald-J-Trump-09.8.2026-278T.pdf
2026-07-24,sale,PHILIP MORRIS INTL INC,"$1,001 - $15,000",False,26,https://extapps2.oge.gov/201/Presiden.nsf/PAS+Index/E590116FC9631E9885258E7A002DE209/$FILE/Donald-J-Trump-09.8.2026-278T.pdf
2026-07-24,sale,CHARTER COMMUNICATIONS I CLASS A,"$1,001 - $15,000",False,26,https://extapps2.oge.gov/201/Presiden.nsf/PAS+Index/E590116FC9631E9885258E7A002DE209/$FILE/Donald-J-Trump-09.8.2026-278T.pdf
2026-07-24,sale,ROLLINS INC,"$1,001 - $15,000",False,26,https://extapps2.oge.gov/201/Presiden.nsf/PAS+Index/E590116FC9631E9885258E7A002DE209/$FILE/Donald-J-Trump-09.8.2026-278T.pdf
2026-07-24,sale,BOEING CO,"$1,001 - $15,000",False,26,https://extapps2.oge.gov/201/Presiden.nsf/PAS+Index/E590116FC9631E9885258E7A002DE209/$FILE/Donald-J-Trump-09.8.2026-278T.pdf
2026-07-24,sale,CRH PUBLIC LIMITED CO F,"$1,001 - $15,000",False,26,https://extapps2.oge.gov/201/Presiden.nsf/PAS+Index/E590116FC9631E9885258E7A002DE209/$FILE/Donald-J-Trump-09.8.2026-278T.pdf
2026-07-24,sale,DISNEY WALT CO,"$1,001 - $15,000",False,26,https://extapps2.oge.gov/201/Presiden.nsf/PAS+Index/E590116FC9631E9885258E7A002DE209/$FILE/Donald-J-Trump-09.8.2026-278T.pdf
2026-07-24,sale,ORACLE CORP,"$1,001 - $15,000",False,26,https://extapps2.oge.gov/201/Presiden.nsf/PAS+Index/E590116FC9631E9885258E7A002DE209/$FILE/Donald-J-Trump-09.8.2026-278T.pdf
2026-07-24,sale,SALESFORCE INC,"$1,001 - $15,000",False,26,https://extapps2.oge.gov/201/Presiden.nsf/PAS+Index/E590116FC9631E9885258E7A002DE209/$FILE/Donald-J-Trump-09.8.2026-278T.pdf
2026-07-24,sale,KROGER CO,"$1,001 - $15,000",False,26,https://extapps2.oge.gov/201/Presiden.nsf/PAS+Index/E590116FC9631E9885258E7A002DE209/$FILE/Donald-J-Trump-09.8.2026-278T.pdf
2026-07-24,sale,EXXONMOBIL HLDGS CORP,"$1,001 - $15,000",False,26,https://extapps2.oge.gov/201/Presiden.nsf/PAS+Index/E590116FC9631E9885258E7A002DE209/$FILE/Donald-J-Trump-09.8.2026-278T.pdf
2026-07-24,sale,VERIZON COMMUNICATIONS,"$1,001 - $15,000",False,26,https://extapps2.oge.gov/201/Presiden.nsf/PAS+Index/E590116FC9631E9885258E7A002DE209/$FILE/Donald-J-Trump-09.8.2026-278T.pdf
2026-07-24,sale,SHERWIN-WILLIAMS CO,"$1,001 - $15,000",False,26,https://extapps2.oge.gov/201/Presiden.nsf/PAS+Index/E590116FC9631E9885258E7A002DE209/$FILE/Donald-J-Trump-09.8.2026-278T.pdf
2026-07-24,sale,NETFLIXINC,"$1,001 - $15,000",False,26,https://extapps2.oge.gov/201/Presiden.nsf/PAS+Index/E590116FC9631E9885258E7A002DE209/$FILE/Donald-J-Trump-09.8.2026-278T.pdf
2026-07-24,sale,PALANTIR TECHNOLOGIES IN CLASS CLASS A,"$1,001 - $15,000",False,26,https://extapps2.oge.gov/201/Presiden.nsf/PAS+Index/E590116FC9631E9885258E7A002DE209/$FILE/Donald-J-Trump-09.8.2026-278T.pdf
2026-07-24,sale,INTUITIVE SURGICAL INC,"$1,001 - $15,000",True,26,https://extapps2.oge.gov/201/Presiden.nsf/PAS+Index/E590116FC9631E9885258E7A002DE209/$FILE/Donald-J-Trump-09.8.2026-278T.pdf
2026-07-24,sale,TESLA INC,"$1,001 - $15,000",False,26,https://extapps2.oge.gov/201/Presiden.nsf/PAS+Index/E590116FC9631E9885258E7A002DE209/$FILE/Donald-J-Trump-09.8.2026-278T.pdf
2026-07-24,sale,MICROSOFT CORP,"$15,001 - $50,000",False,26,https://extapps2.oge.gov/201/Presiden.nsf/PAS+Index/E590116FC9631E9885258E7A002DE209/$FILE/Donald-J-Trump-09.8.2026-278T.pdf
2026-07-08,purchase,MICROSOFT CORP,"$15,001 - $50,000",True,27,https://extapps2.oge.gov/201/Presiden.nsf/PAS+Index/E590116FC9631E9885258E7A002DE209/$FILE/Donald-J-Trump-09.8.2026-278T.pdf
2026-07-08,purchase,MASTERCARD INC CLASS CLASS A,"$15,001 - $50,000",True,27,https://extapps2.oge.gov/201/Presiden.nsf/PAS+Index/E590116FC9631E9885258E7A002DE209/$FILE/Donald-J-Trump-09.8.2026-278T.pdf
2026-07-08,purchase,META PLATFORMS INC CLASS A,"$1,001 - $15,000",True,27,https://extapps2.oge.gov/201/Presiden.nsf/PAS+Index/E590116FC9631E9885258E7A002DE209/$FILE/Donald-J-Trump-09.8.2026-278T.pdf
2026-07-08,purchase,PROCTER & GAMBLE CO,"$1,001 - $15,000",False,27,https://extapps2.oge.gov/201/Presiden.nsf/PAS+Index/E590116FC9631E9885258E7A002DE209/$FILE/Donald-J-Trump-09.8.2026-278T.pdf
2026-07-08,purchase,COMCAST CORP NEW CLASS A,"$1,001 - $15,000",True,27,https://extapps2.oge.gov/201/Presiden.nsf/PAS+Index/E590116FC9631E9885258E7A002DE209/$FILE/Donald-J-Trump-09.8.2026-278T.pdf
2026-07-08,purchase,INTUIT,"$1,001 - $15,000",True,27,https://extapps2.oge.gov/201/Presiden.nsf/PAS+Index/E590116FC9631E9885258E7A002DE209/$FILE/Donald-J-Trump-09.8.2026-278T.pdf
2026-07-08,purchase,VERIZON COMMUNICATIONS,"$1,001 - $15,000",False,27,https://extapps2.oge.gov/201/Presiden.nsf/PAS+Index/E590116FC9631E9885258E7A002DE209/$FILE/Donald-J-Trump-09.8.2026-278T.pdf
2026-07-08,purchase,INTUITIVE SURGICAL INC,"$1,001 - $15,000",True,27,https://extapps2.oge.gov/201/Presiden.nsf/PAS+Index/E590116FC9631E9885258E7A002DE209/$FILE/Donald-J-Trump-09.8.2026-278T.pdf
2026-07-08,purchase,ABBOTT LABS,"$1,001 - $15,000",True,27,https://extapps2.oge.gov/201/Presiden.nsf/PAS+Index/E590116FC9631E9885258E7A002DE209/$FILE/Donald-J-Trump-09.8.2026-278T.pdf
2026-07-08,purchase,AUTODESK INC,"$1,001 - $15,000",False,27,https://extapps2.oge.gov/201/Presiden.nsf/PAS+Index/E590116FC9631E9885258E7A002DE209/$FILE/Donald-J-Trump-09.8.2026-278T.pdf
2026-07-08,purchase,COGNIZANT TECHNOLOGY SOL CLASS A,"$1,001 - $15,000",True,27,https://extapps2.oge.gov/201/Presiden.nsf/PAS+Index/E590116FC9631E9885258E7A002DE209/$FILE/Donald-J-Trump-09.8.2026-278T.pdf
2026-07-08,purchase,STRYKER CORP,"$1,001 - $15,000",True,27,https://extapps2.oge.gov/201/Presiden.nsf/PAS+Index/E590116FC9631E9885258E7A002DE209/$FILE/Donald-J-Trump-09.8.2026-278T.pdf
2026-07-08,purchase,MEDTRONIC PLC F,"$1,001 - $15,000",False,27,https://extapps2.oge.gov/201/Presiden.nsf/PAS+Index/E590116FC9631E9885258E7A002DE209/$FILE/Donald-J-Trump-09.8.2026-278T.pdf
2026-07-08,purchase,MCDONALDS CORP,"$1,001 - $15,000",False,27,https://extapps2.oge.gov/201/Presiden.nsf/PAS+Index/E590116FC9631E9885258E7A002DE209/$FILE/Donald-J-Trump-09.8.2026-278T.pdf
2026-07-08,purchase,CME GROUP INC CLASS A,"$1,001 - $15,000",True,27,https://extapps2.oge.gov/201/Presiden.nsf/PAS+Index/E590116FC9631E9885258E7A002DE209/$FILE/Donald-J-Trump-09.8.2026-278T.pdf
2026-07-08,purchase,MICRON TECHNOLOGY INC,"$1,001 - $15,000",False,27,https://extapps2.oge.gov/201/Presiden.nsf/PAS+Index/E590116FC9631E9885258E7A002DE209/$FILE/Donald-J-Trump-09.8.2026-278T.pdf
2026-07-08,purchase,BOOZ ALLEN HAMILTON HLDG CLASS A,"$1,001 - $15,000",True,27,https://extapps2.oge.gov/201/Presiden.nsf/PAS+Index/E590116FC9631E9885258E7A002DE209/$FILE/Donald-J-Trump-09.8.2026-278T.pdf
2026-07-08,purchase,BROADRIDGE FINL SOLUTION,"$1,001 - $15,000",True,27,https://extapps2.oge.gov/201/Presiden.nsf/PAS+Index/E590116FC9631E9885258E7A002DE209/$FILE/Donald-J-Trump-09.8.2026-278T.pdf
2026-07-08,purchase,CONSTELLATION ENERGY COR,"$1,001 - $15,000",True,27,https://extapps2.oge.gov/201/Presiden.nsf/PAS+Index/E590116FC9631E9885258E7A002DE209/$FILE/Donald-J-Trump-09.8.2026-278T.pdf
2026-07-08,purchase,ZOETIS INC CLASS A,"$1,001 - $15,000",True,27,https://extapps2.oge.gov/201/Presiden.nsf/PAS+Index/E590116FC9631E9885258E7A002DE209/$FILE/Donald-J-Trump-09.8.2026-278T.pdf
2026-07-08,purchase,IBM CORP,"$1,001 - $15,000",True,27,https://extapps2.oge.gov/201/Presiden.nsf/PAS+Index/E590116FC9631E9885258E7A002DE209/$FILE/Donald-J-Trump-09.8.2026-278T.pdf
2026-07-08,purchase,ZILLOW GROUP INC CLASS C,"$1,001 - $15,000",True,27,https://extapps2.oge.gov/201/Presiden.nsf/PAS+Index/E590116FC9631E9885258E7A002DE209/$FILE/Donald-J-Trump-09.8.2026-278T.pdf
2026-07-08,purchase,SHERWIN-WILLIAMS CO,"$1,001 - $15,000",True,27,https://extapps2.oge.gov/201/Presiden.nsf/PAS+Index/E590116FC9631E9885258E7A002DE209/$FILE/Donald-J-Trump-09.8.2026-278T.pdf
2026-07-08,purchase,DANAHER CORP,"$1,001 - $15,000",True,27,https://extapps2.oge.gov/201/Presiden.nsf/PAS+Index/E590116FC9631E9885258E7A002DE209/$FILE/Donald-J-Trump-09.8.2026-278T.pdf
2026-07-08,purchase,LENNAR CORP CLASS A,"$1,001 - $15,000",True,27,https://extapps2.oge.gov/201/Presiden.nsf/PAS+Index/E590116FC9631E9885258E7A002DE209/$FILE/Donald-J-Trump-09.8.2026-278T.pdf
2026-07-08,purchase,UBER TECHNOLOGIES INC,"$1,001 - $15,000",True,27,https://extapps2.oge.gov/201/Presiden.nsf/PAS+Index/E590116FC9631E9885258E7A002DE209/$FILE/Donald-J-Trump-09.8.2026-278T.pdf
2026-07-08,purchase,KROGER CO,"$1,001 - $15,000",True,27,https://extapps2.oge.gov/201/Presiden.nsf/PAS+Index/E590116FC9631E9885258E7A002DE209/$FILE/Donald-J-Trump-09.8.2026-278T.pdf
2026-07-08,purchase,0 REILLY AUTOMOTIVE INC,"$1,001 - $15,000",True,27,https://extapps2.oge.gov/201/Presiden.nsf/PAS+Index/E590116FC9631E9885258E7A002DE209/$FILE/Donald-J-Trump-09.8.2026-278T.pdf
2026-07-08,purchase,LEIDOS HLDGS INC,"$1,001 - $15,000",True,27,https://extapps2.oge.gov/201/Presiden.nsf/PAS+Index/E590116FC9631E9885258E7A002DE209/$FILE/Donald-J-Trump-09.8.2026-278T.pdf
2026-07-08,purchase,GENERAL MILLS INC,"$1,001 - $15,000",True,27,https://extapps2.oge.gov/201/Presiden.nsf/PAS+Index/E590116FC9631E9885258E7A002DE209/$FILE/Donald-J-Trump-09.8.2026-278T.pdf
2026-07-08,purchase,NIKE INC CLASS CLASS B,"$1,001 - $15,000",True,27,https://extapps2.oge.gov/201/Presiden.nsf/PAS+Index/E590116FC9631E9885258E7A002DE209/$FILE/Donald-J-Trump-09.8.2026-278T.pdf
2026-07-08,purchase,ROBLOX CORP CLASS A,"$1,001 - $15,000",True,27,https://extapps2.oge.gov/201/Presiden.nsf/PAS+Index/E590116FC9631E9885258E7A002DE209/$FILE/Donald-J-Trump-09.8.2026-278T.pdf
2026-07-08,sale,PENTAIR PLC F,"$1,001 - $15,000",False,28,https://extapps2.oge.gov/201/Presiden.nsf/PAS+Index/E590116FC9631E9885258E7A002DE209/$FILE/Donald-J-Trump-09.8.2026-278T.pdf
2026-07-08,sale,TRIMBLE INC,"$1,001 - $15,000",False,28,https://extapps2.oge.gov/201/Presiden.nsf/PAS+Index/E590116FC9631E9885258E7A002DE209/$FILE/Donald-J-Trump-09.8.2026-278T.pdf
2026-07-08,sale,CDW CORP,"$1,001 - $15,000",False,28,https://extapps2.oge.gov/201/Presiden.nsf/PAS+Index/E590116FC9631E9885258E7A002DE209/$FILE/Donald-J-Trump-09.8.2026-278T.pdf
2026-07-08,sale,DISNEY WALT CO,"$1,001 - $15,000",False,28,https://extapps2.oge.gov/201/Presiden.nsf/PAS+Index/E590116FC9631E9885258E7A002DE209/$FILE/Donald-J-Trump-09.8.2026-278T.pdf
2026-07-08,sale,APTARGROUP INC,"$1,001 - $15,000",False,28,https://extapps2.oge.gov/201/Presiden.nsf/PAS+Index/E590116FC9631E9885258E7A002DE209/$FILE/Donald-J-Trump-09.8.2026-278T.pdf
2026-07-18,sale,CONSTELLATION BRANDS INC CLASS A,"$1,001 - $15,000",True,28,https://extapps2.oge.gov/201/Presiden.nsf/PAS+Index/E590116FC9631E9885258E7A002DE209/$FILE/Donald-J-Trump-09.8.2026-278T.pdf
2026-07-08,sale,REPUBLIC SVCS INC,"$1,001 - $15,000",False,28,https://extapps2.oge.gov/201/Presiden.nsf/PAS+Index/E590116FC9631E9885258E7A002DE209/$FILE/Donald-J-Trump-09.8.2026-278T.pdf
2026-07-08,sale,HUBSPOTINC,"$1,001 - $15,000",False,28,https://extapps2.oge.gov/201/Presiden.nsf/PAS+Index/E590116FC9631E9885258E7A002DE209/$FILE/Donald-J-Trump-09.8.2026-278T.pdf
2026-07-08,sale,T-MOBILE US INC,"$1,001 - $15,000",False,28,https://extapps2.oge.gov/201/Presiden.nsf/PAS+Index/E590116FC9631E9885258E7A002DE209/$FILE/Donald-J-Trump-09.8.2026-278T.pdf
2026-07-08,sale,ARCHER AVIATION INC CLASS A,"$1,001 - $15,000",False,28,https://extapps2.oge.gov/201/Presiden.nsf/PAS+Index/E590116FC9631E9885258E7A002DE209/$FILE/Donald-J-Trump-09.8.2026-278T.pdf
2026-07-08,sale,INGREDION INC,"$1,001 - $15,000",False,28,https://extapps2.oge.gov/201/Presiden.nsf/PAS+Index/E590116FC9631E9885258E7A002DE209/$FILE/Donald-J-Trump-09.8.2026-278T.pdf
2026-07-08,sale,RESMEDINC,"$1,001 - $15,000",False,28,https://extapps2.oge.gov/201/Presiden.nsf/PAS+Index/E590116FC9631E9885258E7A002DE209/$FILE/Donald-J-Trump-09.8.2026-278T.pdf
2026-07-08,sale,ESABCORP,"$1,001 - $15,000",False,28,https://extapps2.oge.gov/201/Presiden.nsf/PAS+Index/E590116FC9631E9885258E7A002DE209/$FILE/Donald-J-Trump-09.8.2026-278T.pdf
2026-07-08,sale,CHEWY INC CLASS A,"$1,001 - $15,000",False,28,https://extapps2.oge.gov/201/Presiden.nsf/PAS+Index/E590116FC9631E9885258E7A002DE209/$FILE/Donald-J-Trump-09.8.2026-278T.pdf
2026-07-08,sale,CROWN CASTLE INC REIT REIT,"$1,001 - $15,000",False,28,https://extapps2.oge.gov/201/Presiden.nsf/PAS+Index/E590116FC9631E9885258E7A002DE209/$FILE/Donald-J-Trump-09.8.2026-278T.pdf
2026-07-08,sale,BOOKING HLDGS INC,"$1,001 - $15,000",False,28,https://extapps2.oge.gov/201/Presiden.nsf/PAS+Index/E590116FC9631E9885258E7A002DE209/$FILE/Donald-J-Trump-09.8.2026-278T.pdf
2026-07-08,sale,STRATEGY INC CLASS A,"$1,001 - $15,000",False,28,https://extapps2.oge.gov/201/Presiden.nsf/PAS+Index/E590116FC9631E9885258E7A002DE209/$FILE/Donald-J-Trump-09.8.2026-278T.pdf
2026-07-08,sale,an WHIRLPOOL CORP,"$1,001 - $15,000",False,28,https://extapps2.oge.gov/201/Presiden.nsf/PAS+Index/E590116FC9631E9885258E7A002DE209/$FILE/Donald-J-Trump-09.8.2026-278T.pdf
2026-07-08,sale,GARTNER INC,"$1,001 - $15,000",False,28,https://extapps2.oge.gov/201/Presiden.nsf/PAS+Index/E590116FC9631E9885258E7A002DE209/$FILE/Donald-J-Trump-09.8.2026-278T.pdf
2026-07-08,sale,ROPER TECHNOLOGIES INC,"$1,001 - $15,000",False,28,https://extapps2.oge.gov/201/Presiden.nsf/PAS+Index/E590116FC9631E9885258E7A002DE209/$FILE/Donald-J-Trump-09.8.2026-278T.pdf
2026-07-08,sale,APPLOVIN CORP CLASS A,"$1,001 - $15,000",False,28,https://extapps2.oge.gov/201/Presiden.nsf/PAS+Index/E590116FC9631E9885258E7A002DE209/$FILE/Donald-J-Trump-09.8.2026-278T.pdf
2026-07-08,sale,HOME DEPOT INC,"$1,001 - $15,000",False,28,https://extapps2.oge.gov/201/Presiden.nsf/PAS+Index/E590116FC9631E9885258E7A002DE209/$FILE/Donald-J-Trump-09.8.2026-278T.pdf
2026-07-08,sale,EXLSERVICE HLDGS INC,"$1,001 - $15,000",False,28,https://extapps2.oge.gov/201/Presiden.nsf/PAS+Index/E590116FC9631E9885258E7A002DE209/$FILE/Donald-J-Trump-09.8.2026-278T.pdf
2026-07-08,sale,!DE.XX LABS INC,"$1,001 - $15,000",False,28,https://extapps2.oge.gov/201/Presiden.nsf/PAS+Index/E590116FC9631E9885258E7A002DE209/$FILE/Donald-J-Trump-09.8.2026-278T.pdf
2026-07-08,sale,PROCORE TECHNOLOGIES INC,"$1,001 - $15,000",False,28,https://extapps2.oge.gov/201/Presiden.nsf/PAS+Index/E590116FC9631E9885258E7A002DE209/$FILE/Donald-J-Trump-09.8.2026-278T.pdf
2026-07-08,sale,VlSTRACORP,"$1,001 - $15,000",False,28,https://extapps2.oge.gov/201/Presiden.nsf/PAS+Index/E590116FC9631E9885258E7A002DE209/$FILE/Donald-J-Trump-09.8.2026-278T.pdf
2026-07-08,sale,THE CIGNA GROUP,"$1,001 - $15,000",False,28,https://extapps2.oge.gov/201/Presiden.nsf/PAS+Index/E590116FC9631E9885258E7A002DE209/$FILE/Donald-J-Trump-09.8.2026-278T.pdf
2026-07-08,sale,WORKDAY INC CLASS A,"$1,001 - $15,000",False,28,https://extapps2.oge.gov/201/Presiden.nsf/PAS+Index/E590116FC9631E9885258E7A002DE209/$FILE/Donald-J-Trump-09.8.2026-278T.pdf
2026-07-08,sale,COSTCO WHSL CORP NEW,"$1,001 - $15,000",False,28,https://extapps2.oge.gov/201/Presiden.nsf/PAS+Index/E590116FC9631E9885258E7A002DE209/$FILE/Donald-J-Trump-09.8.2026-278T.pdf
2026-07-08,sale,BERKSHIRE HATHAWAY CLASS B,"$1,001 - $15,000",False,28,https://extapps2.oge.gov/201/Presiden.nsf/PAS+Index/E590116FC9631E9885258E7A002DE209/$FILE/Donald-J-Trump-09.8.2026-278T.pdf
2026-07-08,sale,PILGRIMS PRIDE CORP NEW,"$1,001 - $15,000",False,28,https://extapps2.oge.gov/201/Presiden.nsf/PAS+Index/E590116FC9631E9885258E7A002DE209/$FILE/Donald-J-Trump-09.8.2026-278T.pdf
2026-07-08,sale,VICI PPTYS INC REIT,"$1,001 - $15,000",False,28,https://extapps2.oge.gov/201/Presiden.nsf/PAS+Index/E590116FC9631E9885258E7A002DE209/$FILE/Donald-J-Trump-09.8.2026-278T.pdf
2026-07-08,sale,PALANTIR TECHNOLOGIES IN CLASS CLASS A,"$1,001 - $15,000",False,28,https://extapps2.oge.gov/201/Presiden.nsf/PAS+Index/E590116FC9631E9885258E7A002DE209/$FILE/Donald-J-Trump-09.8.2026-278T.pdf
2026-07-08,sale,COSTAR GROUP INC,"$1,001 - $15,000",False,29,https://extapps2.oge.gov/201/Presiden.nsf/PAS+Index/E590116FC9631E9885258E7A002DE209/$FILE/Donald-J-Trump-09.8.2026-278T.pdf
2026-07-08,sale,AMERICAN TOWER CORP NEW REIT,"$1,001 - $15,000",False,29,https://extapps2.oge.gov/201/Presiden.nsf/PAS+Index/E590116FC9631E9885258E7A002DE209/$FILE/Donald-J-Trump-09.8.2026-278T.pdf
2026-07-08,sale,HONEYWELL INTL INC,"$1,001 - $15,000",False,29,https://extapps2.oge.gov/201/Presiden.nsf/PAS+Index/E590116FC9631E9885258E7A002DE209/$FILE/Donald-J-Trump-09.8.2026-278T.pdf
2026-07-08,sale,SERVICENOW INC,"$1,001 - $15,000",False,29,https://extapps2.oge.gov/201/Presiden.nsf/PAS+Index/E590116FC9631E9885258E7A002DE209/$FILE/Donald-J-Trump-09.8.2026-278T.pdf
2026-07-08,sale,STERISPLCF,"$1,001 - $15,000",False,29,https://extapps2.oge.gov/201/Presiden.nsf/PAS+Index/E590116FC9631E9885258E7A002DE209/$FILE/Donald-J-Trump-09.8.2026-278T.pdf
2026-07-08,sale,FISERV INC,"$1,001 - $15,000",False,29,https://extapps2.oge.gov/201/Presiden.nsf/PAS+Index/E590116FC9631E9885258E7A002DE209/$FILE/Donald-J-Trump-09.8.2026-278T.pdf
2026-07-08,sale,ACCENTURE PLC IRELAND F CLASS A,"$1,001 - $15,000",False,29,https://extapps2.oge.gov/201/Presiden.nsf/PAS+Index/E590116FC9631E9885258E7A002DE209/$FILE/Donald-J-Trump-09.8.2026-278T.pdf
2026-07-08,sale,ADOBE INC,"$1,001 - $15,000",False,29,https://extapps2.oge.gov/201/Presiden.nsf/PAS+Index/E590116FC9631E9885258E7A002DE209/$FILE/Donald-J-Trump-09.8.2026-278T.pdf
2026-07-08,sale,BOSTON SCIENTIFIC CORP,"$1,001 - $15,000",False,29,https://extapps2.oge.gov/201/Presiden.nsf/PAS+Index/E590116FC9631E9885258E7A002DE209/$FILE/Donald-J-Trump-09.8.2026-278T.pdf
2026-07-08,sale,AMAZON.COM INC,"$1,001 - $15,000",False,29,https://extapps2.oge.gov/201/Presiden.nsf/PAS+Index/E590116FC9631E9885258E7A002DE209/$FILE/Donald-J-Trump-09.8.2026-278T.pdf
2026-07-08,sale,AT&T INC,"$1,001 - $15,000",False,29,https://extapps2.oge.gov/201/Presiden.nsf/PAS+Index/E590116FC9631E9885258E7A002DE209/$FILE/Donald-J-Trump-09.8.2026-278T.pdf
2026-07-08,sale,NETFUXINC,"$1,001 - $15,000",False,29,https://extapps2.oge.gov/201/Presiden.nsf/PAS+Index/E590116FC9631E9885258E7A002DE209/$FILE/Donald-J-Trump-09.8.2026-278T.pdf
2026-07-08,sale,SALESFORCE INC,"$1,001 - $15,000",False,29,https://extapps2.oge.gov/201/Presiden.nsf/PAS+Index/E590116FC9631E9885258E7A002DE209/$FILE/Donald-J-Trump-09.8.2026-278T.pdf
2026-07-10,purchase,LEE CNTY FL SCH BRD SR A RV BE/R/ 5 DUE 080130 DTD 080326 FC 0201272.750%,"$250,001 - $500,000",False,29,https://extapps2.oge.gov/201/Presiden.nsf/PAS+Index/E590116FC9631E9885258E7A002DE209/$FILE/Donald-J-Trump-09.8.2026-278T.pdf
2026-07-16,purchase,AQUARION WTR AUTH CT WTR SR D RV BE/R/ 5 DUE 080134 DTD 072326 FC 020127 3.543%,"$15,001 - $50,000",False,29,https://extapps2.oge.gov/201/Presiden.nsf/PAS+Index/E590116FC9631E9885258E7A002DE209/$FILE/Donald-J-Trump-09.8.2026-278T.pdf
2026-07-29,purchase,COOK CNTY IL SALES TAX RV BE/R/ 5 DUE 111529 DTD 082526 FC 111526 2.960%,"$15,001 - $50,000",False,29,https://extapps2.oge.gov/201/Presiden.nsf/PAS+Index/E590116FC9631E9885258E7A002DE209/$FILE/Donald-J-Trump-09.8.2026-278T.pdf
2026-07-08,purchase,MARVELL TECHNOLOGY INC,"$100,001 - $250,000",False,29,https://extapps2.oge.gov/201/Presiden.nsf/PAS+Index/E590116FC9631E9885258E7A002DE209/$FILE/Donald-J-Trump-09.8.2026-278T.pdf
2026-07-08,purchase,MICROSOFT CORP,"$50,001 - $100,000",False,29,https://extapps2.oge.gov/201/Presiden.nsf/PAS+Index/E590116FC9631E9885258E7A002DE209/$FILE/Donald-J-Trump-09.8.2026-278T.pdf
2026-07-08,purchase,ADVANCED MICRO DEVICES INC,"$15,001 - $50,000",False,29,https://extapps2.oge.gov/201/Presiden.nsf/PAS+Index/E590116FC9631E9885258E7A002DE209/$FILE/Donald-J-Trump-09.8.2026-278T.pdf
2026-07-08,purchase,ALPHABET INC CL A,"$15,001 - $50,000",False,29,https://extapps2.oge.gov/201/Presiden.nsf/PAS+Index/E590116FC9631E9885258E7A002DE209/$FILE/Donald-J-Trump-09.8.2026-278T.pdf
2026-07-08,purchase,CENTENE CORP 1,"$15,001 - $50,000",False,29,https://extapps2.oge.gov/201/Presiden.nsf/PAS+Index/E590116FC9631E9885258E7A002DE209/$FILE/Donald-J-Trump-09.8.2026-278T.pdf
2026-07-08,purchase,COHERENT CORP 1,"$15,001 - $50,000",False,29,https://extapps2.oge.gov/201/Presiden.nsf/PAS+Index/E590116FC9631E9885258E7A002DE209/$FILE/Donald-J-Trump-09.8.2026-278T.pdf
2026-07-08,purchase,FLEX LTD,"$15,001 - $50,000",False,29,https://extapps2.oge.gov/201/Presiden.nsf/PAS+Index/E590116FC9631E9885258E7A002DE209/$FILE/Donald-J-Trump-09.8.2026-278T.pdf
2026-07-08,purchase,MOLSON COORS BEVERAGE CO CL B,"$15,001 - $50,000",False,29,https://extapps2.oge.gov/201/Presiden.nsf/PAS+Index/E590116FC9631E9885258E7A002DE209/$FILE/Donald-J-Trump-09.8.2026-278T.pdf
2026-07-08,purchase,GENL DYNAMICS CORP,"$15,001 - $50,000",False,29,https://extapps2.oge.gov/201/Presiden.nsf/PAS+Index/E590116FC9631E9885258E7A002DE209/$FILE/Donald-J-Trump-09.8.2026-278T.pdf
2026-07-08,purchase,WASTE MGMT INC,"$15,001 - $50,000",False,29,https://extapps2.oge.gov/201/Presiden.nsf/PAS+Index/E590116FC9631E9885258E7A002DE209/$FILE/Donald-J-Trump-09.8.2026-278T.pdf
2026-07-08,purchase,MONSTER BEVERAGE CORP,"$15,001 - $50,000",False,29,https://extapps2.oge.gov/201/Presiden.nsf/PAS+Index/E590116FC9631E9885258E7A002DE209/$FILE/Donald-J-Trump-09.8.2026-278T.pdf
2026-07-08,purchase,DEERE AND CO,"$15,001 - $50,000",False,29,https://extapps2.oge.gov/201/Presiden.nsf/PAS+Index/E590116FC9631E9885258E7A002DE209/$FILE/Donald-J-Trump-09.8.2026-278T.pdf
2026-07-08,purchase,DARDEN RE:STAURANTS INC,"$15,001 - $50,000",False,29,https://extapps2.oge.gov/201/Presiden.nsf/PAS+Index/E590116FC9631E9885258E7A002DE209/$FILE/Donald-J-Trump-09.8.2026-278T.pdf
2026-07-08,purchase,SIMON PPTY GROUP INC SBI,"$15,001 - $50,000",False,29,https://extapps2.oge.gov/201/Presiden.nsf/PAS+Index/E590116FC9631E9885258E7A002DE209/$FILE/Donald-J-Trump-09.8.2026-278T.pdf
2026-07-08,purchase,CHURCH & DWIGHT CO INC,"$15,001 - $50,000",False,29,https://extapps2.oge.gov/201/Presiden.nsf/PAS+Index/E590116FC9631E9885258E7A002DE209/$FILE/Donald-J-Trump-09.8.2026-278T.pdf
2026-07-08,purchase,MEDTRONIC PLC,"$15,001 - $50,000",False,29,https://extapps2.oge.gov/201/Presiden.nsf/PAS+Index/E590116FC9631E9885258E7A002DE209/$FILE/Donald-J-Trump-09.8.2026-278T.pdf
2026-07-08,purchase,RTXCORP,"$15,001 - $50,000",False,29,https://extapps2.oge.gov/201/Presiden.nsf/PAS+Index/E590116FC9631E9885258E7A002DE209/$FILE/Donald-J-Trump-09.8.2026-278T.pdf
2026-07-08,purchase,META PLATFORMS INC CL A,"$15,001 - $50,000",False,30,https://extapps2.oge.gov/201/Presiden.nsf/PAS+Index/E590116FC9631E9885258E7A002DE209/$FILE/Donald-J-Trump-09.8.2026-278T.pdf
2026-07-08,purchase,CRH PLC,"$15,001 - $50,000",False,30,https://extapps2.oge.gov/201/Presiden.nsf/PAS+Index/E590116FC9631E9885258E7A002DE209/$FILE/Donald-J-Trump-09.8.2026-278T.pdf
2026-07-08,purchase,TRANSDIGM GROUP INC,"$15,001 - $50,000",False,30,https://extapps2.oge.gov/201/Presiden.nsf/PAS+Index/E590116FC9631E9885258E7A002DE209/$FILE/Donald-J-Trump-09.8.2026-278T.pdf
2026-07-08,purchase,"HCA HEALTHCARE, INC","$15,001 - $50,000",False,30,https://extapps2.oge.gov/201/Presiden.nsf/PAS+Index/E590116FC9631E9885258E7A002DE209/$FILE/Donald-J-Trump-09.8.2026-278T.pdf
2026-07-08,purchase,GE AEROSPACE,"$15,001 - $50,000",False,30,https://extapps2.oge.gov/201/Presiden.nsf/PAS+Index/E590116FC9631E9885258E7A002DE209/$FILE/Donald-J-Trump-09.8.2026-278T.pdf
2026-07-08,purchase,CROWDSTRIKE HLDGS INC CL A,"$15,001 - $50,000",False,30,https://extapps2.oge.gov/201/Presiden.nsf/PAS+Index/E590116FC9631E9885258E7A002DE209/$FILE/Donald-J-Trump-09.8.2026-278T.pdf
2026-07-08,purchase,SHERWIN WILLIAMS CO,"$15,001 - $50,000",False,30,https://extapps2.oge.gov/201/Presiden.nsf/PAS+Index/E590116FC9631E9885258E7A002DE209/$FILE/Donald-J-Trump-09.8.2026-278T.pdf
2026-07-08,purchase,CAPITAL ONE FINCL CORP,"$15,001 - $50,000",False,30,https://extapps2.oge.gov/201/Presiden.nsf/PAS+Index/E590116FC9631E9885258E7A002DE209/$FILE/Donald-J-Trump-09.8.2026-278T.pdf
2026-07-08,purchase,AMER EXPRESS CO,"$15,001 - $50,000",False,30,https://extapps2.oge.gov/201/Presiden.nsf/PAS+Index/E590116FC9631E9885258E7A002DE209/$FILE/Donald-J-Trump-09.8.2026-278T.pdf
2026-07-08,sale,MOBILITY GLOBAL INC,"$1,001 - $15,000",False,30,https://extapps2.oge.gov/201/Presiden.nsf/PAS+Index/E590116FC9631E9885258E7A002DE209/$FILE/Donald-J-Trump-09.8.2026-278T.pdf
2026-07-08,sale,"CONAGRA BRANDS, INC","$1,001 - $15,000",False,30,https://extapps2.oge.gov/201/Presiden.nsf/PAS+Index/E590116FC9631E9885258E7A002DE209/$FILE/Donald-J-Trump-09.8.2026-278T.pdf
2026-07-08,sale,EPAM SYSTEMS INC,"$15,001 - $50,000",False,30,https://extapps2.oge.gov/201/Presiden.nsf/PAS+Index/E590116FC9631E9885258E7A002DE209/$FILE/Donald-J-Trump-09.8.2026-278T.pdf
2026-07-08,sale,SMURFIT WESTROCK PLC,"$15,001 - $50,000",False,30,https://extapps2.oge.gov/201/Presiden.nsf/PAS+Index/E590116FC9631E9885258E7A002DE209/$FILE/Donald-J-Trump-09.8.2026-278T.pdf
2026-07-08,sale,LAUDER ESTEE COS CL A,"$15,001 - $50,000",False,30,https://extapps2.oge.gov/201/Presiden.nsf/PAS+Index/E590116FC9631E9885258E7A002DE209/$FILE/Donald-J-Trump-09.8.2026-278T.pdf
2026-07-08,sale,CHIPOTLE MEXICAN GRILL INC CL A,"$15,001 - $50,000",False,30,https://extapps2.oge.gov/201/Presiden.nsf/PAS+Index/E590116FC9631E9885258E7A002DE209/$FILE/Donald-J-Trump-09.8.2026-278T.pdf
2026-07-08,sale,WILLIAMS SONOMA INC,"$15,001 - $50,000",False,30,https://extapps2.oge.gov/201/Presiden.nsf/PAS+Index/E590116FC9631E9885258E7A002DE209/$FILE/Donald-J-Trump-09.8.2026-278T.pdf
2026-07-08,sale,GARMIN LTD,"$15,001 - $50,000",False,30,https://extapps2.oge.gov/201/Presiden.nsf/PAS+Index/E590116FC9631E9885258E7A002DE209/$FILE/Donald-J-Trump-09.8.2026-278T.pdf
2026-07-08,sale,ROCKWELL AUTOMATION INC,"$15,001 - $50,000",False,30,https://extapps2.oge.gov/201/Presiden.nsf/PAS+Index/E590116FC9631E9885258E7A002DE209/$FILE/Donald-J-Trump-09.8.2026-278T.pdf
2026-07-08,sale,TKO GROUP HLDGS INC CL A,"$15,001 - $50,000",False,30,https://extapps2.oge.gov/201/Presiden.nsf/PAS+Index/E590116FC9631E9885258E7A002DE209/$FILE/Donald-J-Trump-09.8.2026-278T.pdf
2026-07-08,sale,FORD MOTOR CO COM,"$15,001 - $50,000",False,30,https://extapps2.oge.gov/201/Presiden.nsf/PAS+Index/E590116FC9631E9885258E7A002DE209/$FILE/Donald-J-Trump-09.8.2026-278T.pdf
2026-07-08,sale,STARBUCKS CORP,"$15,001 - $50,000",False,30,https://extapps2.oge.gov/201/Presiden.nsf/PAS+Index/E590116FC9631E9885258E7A002DE209/$FILE/Donald-J-Trump-09.8.2026-278T.pdf
2026-07-08,sale,GENERAL MOTORS CO,"$15,001 - $50,000",False,30,https://extapps2.oge.gov/201/Presiden.nsf/PAS+Index/E590116FC9631E9885258E7A002DE209/$FILE/Donald-J-Trump-09.8.2026-278T.pdf
2026-07-08,sale,QUALCOMM INC,"$15,001 - $50,000",False,30,https://extapps2.oge.gov/201/Presiden.nsf/PAS+Index/E590116FC9631E9885258E7A002DE209/$FILE/Donald-J-Trump-09.8.2026-278T.pdf
2026-07-08,sale,NXP SEMICONDUCTORS N V COM EUR,"$15,001 - $50,000",False,30,https://extapps2.oge.gov/201/Presiden.nsf/PAS+Index/E590116FC9631E9885258E7A002DE209/$FILE/Donald-J-Trump-09.8.2026-278T.pdf
2026-07-08,sale,THE CAMPBELLS CO,"$15,001 - $50,000",False,30,https://extapps2.oge.gov/201/Presiden.nsf/PAS+Index/E590116FC9631E9885258E7A002DE209/$FILE/Donald-J-Trump-09.8.2026-278T.pdf
2026-07-08,sale,NETAPPINC,"$15,001 - $50,000",False,30,https://extapps2.oge.gov/201/Presiden.nsf/PAS+Index/E590116FC9631E9885258E7A002DE209/$FILE/Donald-J-Trump-09.8.2026-278T.pdf
2026-07-08,sale,STEEL DYNAMICS INC,"$15,001 - $50,000",False,30,https://extapps2.oge.gov/201/Presiden.nsf/PAS+Index/E590116FC9631E9885258E7A002DE209/$FILE/Donald-J-Trump-09.8.2026-278T.pdf
2026-07-08,sale,HUMANA INC,"$15,001 - $50,000",False,30,https://extapps2.oge.gov/201/Presiden.nsf/PAS+Index/E590116FC9631E9885258E7A002DE209/$FILE/Donald-J-Trump-09.8.2026-278T.pdf
2026-07-08,sale,CISCO SYSTEMS INC,"$50,001 - $100,000",False,30,https://extapps2.oge.gov/201/Presiden.nsf/PAS+Index/E590116FC9631E9885258E7A002DE209/$FILE/Donald-J-Trump-09.8.2026-278T.pdf
2026-07-08,sale,BLACKROCK INC,"$50,001 - $100,000",False,30,https://extapps2.oge.gov/201/Presiden.nsf/PAS+Index/E590116FC9631E9885258E7A002DE209/$FILE/Donald-J-Trump-09.8.2026-278T.pdf
2026-07-08,sale,TAKE-TWO INTERACTIVE SOFlWRE,"$50,001 - $100,000",False,31,https://extapps2.oge.gov/201/Presiden.nsf/PAS+Index/E590116FC9631E9885258E7A002DE209/$FILE/Donald-J-Trump-09.8.2026-278T.pdf
2026-07-08,sale,MSCI INC,"$50,001 - $100,000",False,31,https://extapps2.oge.gov/201/Presiden.nsf/PAS+Index/E590116FC9631E9885258E7A002DE209/$FILE/Donald-J-Trump-09.8.2026-278T.pdf
2026-07-08,sale,PRICE T ROWE GROUP INC,"$50,001 - $100,000",False,31,https://extapps2.oge.gov/201/Presiden.nsf/PAS+Index/E590116FC9631E9885258E7A002DE209/$FILE/Donald-J-Trump-09.8.2026-278T.pdf
2026-07-24,purchase,CAPITAL ONE FINANCIAL CO 06.051%,"$100,001 - $250,000",False,31,https://extapps2.oge.gov/201/Presiden.nsf/PAS+Index/E590116FC9631E9885258E7A002DE209/$FILE/Donald-J-Trump-09.8.2026-278T.pdf
2026-07-31,purchase,COREBRIDGE FINL INC PERP-A 6.8750%,"$1,001 - $15,000",False,31,https://extapps2.oge.gov/201/Presiden.nsf/PAS+Index/E590116FC9631E9885258E7A002DE209/$FILE/Donald-J-Trump-09.8.2026-278T.pdf
2026-07-20,purchase,INVITATION HOMES INC,"$250,001 - $500,000",False,31,https://extapps2.oge.gov/201/Presiden.nsf/PAS+Index/E590116FC9631E9885258E7A002DE209/$FILE/Donald-J-Trump-09.8.2026-278T.pdf
2026-07-20,purchase,COHERENT CORP,"$250,001 - $500,000",False,31,https://extapps2.oge.gov/201/Presiden.nsf/PAS+Index/E590116FC9631E9885258E7A002DE209/$FILE/Donald-J-Trump-09.8.2026-278T.pdf
2026-07-20,purchase,CHURCH & DWIGHT INC,"$1,000,001 - $5,000,000",False,31,https://extapps2.oge.gov/201/Presiden.nsf/PAS+Index/E590116FC9631E9885258E7A002DE209/$FILE/Donald-J-Trump-09.8.2026-278T.pdf
2026-07-20,purchase,BOSTON SClENTlFIC CORP,"$250,001 - $500,000",False,31,https://extapps2.oge.gov/201/Presiden.nsf/PAS+Index/E590116FC9631E9885258E7A002DE209/$FILE/Donald-J-Trump-09.8.2026-278T.pdf
2026-07-20,purchase,VISTRACORP,"$100,001 - $250,000",False,31,https://extapps2.oge.gov/201/Presiden.nsf/PAS+Index/E590116FC9631E9885258E7A002DE209/$FILE/Donald-J-Trump-09.8.2026-278T.pdf
2026-07-20,purchase,CAST CORP,"$250,001 - $500,000",False,31,https://extapps2.oge.gov/201/Presiden.nsf/PAS+Index/E590116FC9631E9885258E7A002DE209/$FILE/Donald-J-Trump-09.8.2026-278T.pdf
2026-07-20,purchase,LAUDER ESTEE COS INC Cl A,"$50,001 - $100,000",False,31,https://extapps2.oge.gov/201/Presiden.nsf/PAS+Index/E590116FC9631E9885258E7A002DE209/$FILE/Donald-J-Trump-09.8.2026-278T.pdf
2026-07-20,purchase,AMCOR PLC,"$50,001 - $100,000",False,31,https://extapps2.oge.gov/201/Presiden.nsf/PAS+Index/E590116FC9631E9885258E7A002DE209/$FILE/Donald-J-Trump-09.8.2026-278T.pdf
2026-07-20,purchase,HONEYWELL AEROSPACE INC,"$250,001 - $500,000",False,31,https://extapps2.oge.gov/201/Presiden.nsf/PAS+Index/E590116FC9631E9885258E7A002DE209/$FILE/Donald-J-Trump-09.8.2026-278T.pdf
2026-07-20,purchase,BALL CORP,"$50,001 - $100,000",False,31,https://extapps2.oge.gov/201/Presiden.nsf/PAS+Index/E590116FC9631E9885258E7A002DE209/$FILE/Donald-J-Trump-09.8.2026-278T.pdf
2026-07-20,purchase,AUTODESK INC,"$250,001 - $500,000",False,31,https://extapps2.oge.gov/201/Presiden.nsf/PAS+Index/E590116FC9631E9885258E7A002DE209/$FILE/Donald-J-Trump-09.8.2026-278T.pdf
2026-07-31,purchase,JPMORGAN CHASE & CO PERP NN 6.8750%,"$15,001 - $50,000",False,31,https://extapps2.oge.gov/201/Presiden.nsf/PAS+Index/E590116FC9631E9885258E7A002DE209/$FILE/Donald-J-Trump-09.8.2026-278T.pdf
2026-07-20,purchase,MONDELE21Nn INC,"$50,001 - $100,000",False,31,https://extapps2.oge.gov/201/Presiden.nsf/PAS+Index/E590116FC9631E9885258E7A002DE209/$FILE/Donald-J-Trump-09.8.2026-278T.pdf
2026-07-20,purchase,INTUmVE SURGICAL INC,"$500,001 - $1,000,000",False,31,https://extapps2.oge.gov/201/Presiden.nsf/PAS+Index/E590116FC9631E9885258E7A002DE209/$FILE/Donald-J-Trump-09.8.2026-278T.pdf
2026-07-20,purchase,FORTINET INC,"$250,001 - $500,000",False,31,https://extapps2.oge.gov/201/Presiden.nsf/PAS+Index/E590116FC9631E9885258E7A002DE209/$FILE/Donald-J-Trump-09.8.2026-278T.pdf
2026-07-20,purchase,lYLER TECHNOLOGIES INC,"$500,001 - $1,000,000",False,31,https://extapps2.oge.gov/201/Presiden.nsf/PAS+Index/E590116FC9631E9885258E7A002DE209/$FILE/Donald-J-Trump-09.8.2026-278T.pdf
2026-07-20,purchase,GE HEALTHCARE TECHNOLOGIES INC,"$1,001 - $15,000",False,31,https://extapps2.oge.gov/201/Presiden.nsf/PAS+Index/E590116FC9631E9885258E7A002DE209/$FILE/Donald-J-Trump-09.8.2026-278T.pdf
2026-07-20,purchase,NRG ENERGY INC,"$15,001 - $50,000",False,31,https://extapps2.oge.gov/201/Presiden.nsf/PAS+Index/E590116FC9631E9885258E7A002DE209/$FILE/Donald-J-Trump-09.8.2026-278T.pdf
2026-07-20,purchase,ZEBRA TECHNOLOGIES CORP CL A 1p,"$500,001 - $1,000,000",False,31,https://extapps2.oge.gov/201/Presiden.nsf/PAS+Index/E590116FC9631E9885258E7A002DE209/$FILE/Donald-J-Trump-09.8.2026-278T.pdf
2026-07-20,purchase,DOORDASH INC CL A,"$250,001 - $500,000",False,31,https://extapps2.oge.gov/201/Presiden.nsf/PAS+Index/E590116FC9631E9885258E7A002DE209/$FILE/Donald-J-Trump-09.8.2026-278T.pdf
2026-07-20,purchase,WIUIAMS SONOMA INC,"$50,001 - $100,000",False,31,https://extapps2.oge.gov/201/Presiden.nsf/PAS+Index/E590116FC9631E9885258E7A002DE209/$FILE/Donald-J-Trump-09.8.2026-278T.pdf
2026-07-20,purchase,ADOBE INC,"$500,001 - $1,000,000",False,31,https://extapps2.oge.gov/201/Presiden.nsf/PAS+Index/E590116FC9631E9885258E7A002DE209/$FILE/Donald-J-Trump-09.8.2026-278T.pdf
2026-07-20,purchase,JACOBS SOLUTIONS INC,"$250,001 - $500,000",False,31,https://extapps2.oge.gov/201/Presiden.nsf/PAS+Index/E590116FC9631E9885258E7A002DE209/$FILE/Donald-J-Trump-09.8.2026-278T.pdf
2026-07-20,purchase,MASTERCARD INCORPORATED,"$100,001 - $250,000",False,31,https://extapps2.oge.gov/201/Presiden.nsf/PAS+Index/E590116FC9631E9885258E7A002DE209/$FILE/Donald-J-Trump-09.8.2026-278T.pdf
2026-07-20,purchase,PALO ALTO NETWORKS INC,"$500,001 - $1,000,000",False,31,https://extapps2.oge.gov/201/Presiden.nsf/PAS+Index/E590116FC9631E9885258E7A002DE209/$FILE/Donald-J-Trump-09.8.2026-278T.pdf
2026-07-20,purchase,THE TRADE DESK INC CL A,"$250,001 - $500,000",False,31,https://extapps2.oge.gov/201/Presiden.nsf/PAS+Index/E590116FC9631E9885258E7A002DE209/$FILE/Donald-J-Trump-09.8.2026-278T.pdf
2026-07-20,purchase,Veeva Svs Inc,"$500,001 - $1,000,000",False,31,https://extapps2.oge.gov/201/Presiden.nsf/PAS+Index/E590116FC9631E9885258E7A002DE209/$FILE/Donald-J-Trump-09.8.2026-278T.pdf
2026-07-20,purchase,VISA INC-CLASS A SHARES,"$100,001 - $250,000",False,32,https://extapps2.oge.gov/201/Presiden.nsf/PAS+Index/E590116FC9631E9885258E7A002DE209/$FILE/Donald-J-Trump-09.8.2026-278T.pdf
2026-07-20,purchase,NVIDIA CORP,"$500,001 - $1,000,000",False,32,https://extapps2.oge.gov/201/Presiden.nsf/PAS+Index/E590116FC9631E9885258E7A002DE209/$FILE/Donald-J-Trump-09.8.2026-278T.pdf
2026-07-20,purchase,PTCINC,"$500,001 - $1,000,000",False,32,https://extapps2.oge.gov/201/Presiden.nsf/PAS+Index/E590116FC9631E9885258E7A002DE209/$FILE/Donald-J-Trump-09.8.2026-278T.pdf
2026-07-20,purchase,PAYCHEX INC,"$500,001 - $1,000,000",False,32,https://extapps2.oge.gov/201/Presiden.nsf/PAS+Index/E590116FC9631E9885258E7A002DE209/$FILE/Donald-J-Trump-09.8.2026-278T.pdf
2026-07-31,purchase,ALLY FINL INC PERP -0 NT 7.1000%,"$15,001 - $50,000",False,32,https://extapps2.oge.gov/201/Presiden.nsf/PAS+Index/E590116FC9631E9885258E7A002DE209/$FILE/Donald-J-Trump-09.8.2026-278T.pdf
2026-07-20,purchase,CHIPOTLE MEXICAN GRILL INC,"$100,001 - $250,000",False,32,https://extapps2.oge.gov/201/Presiden.nsf/PAS+Index/E590116FC9631E9885258E7A002DE209/$FILE/Donald-J-Trump-09.8.2026-278T.pdf
2026-07-20,purchase,LINDE PLCSH5,"$15,001 - $50,000",False,32,https://extapps2.oge.gov/201/Presiden.nsf/PAS+Index/E590116FC9631E9885258E7A002DE209/$FILE/Donald-J-Trump-09.8.2026-278T.pdf
2026-07-20,purchase,DANAHER CORP,"$100,001 - $250,000",False,32,https://extapps2.oge.gov/201/Presiden.nsf/PAS+Index/E590116FC9631E9885258E7A002DE209/$FILE/Donald-J-Trump-09.8.2026-278T.pdf
2026-07-20,purchase,INTUIT,"$1,000,001 - $5,000,000",False,32,https://extapps2.oge.gov/201/Presiden.nsf/PAS+Index/E590116FC9631E9885258E7A002DE209/$FILE/Donald-J-Trump-09.8.2026-278T.pdf
2026-07-20,purchase,NIKE INC CLASS 8,"$100,001 - $250,000",False,32,https://extapps2.oge.gov/201/Presiden.nsf/PAS+Index/E590116FC9631E9885258E7A002DE209/$FILE/Donald-J-Trump-09.8.2026-278T.pdf
2026-07-20,purchase,MARVELL TECHNOLOGY GROUP LTD,"$1,000,001 - $5,000,000",False,32,https://extapps2.oge.gov/201/Presiden.nsf/PAS+Index/E590116FC9631E9885258E7A002DE209/$FILE/Donald-J-Trump-09.8.2026-278T.pdf
2026-07-20,purchase,WORKDAY INCCL A,"$500,001 - $1,000,000",False,32,https://extapps2.oge.gov/201/Presiden.nsf/PAS+Index/E590116FC9631E9885258E7A002DE209/$FILE/Donald-J-Trump-09.8.2026-278T.pdf
2026-07-20,purchase,CDW CORP,"$500,001 - $1,000,000",False,32,https://extapps2.oge.gov/201/Presiden.nsf/PAS+Index/E590116FC9631E9885258E7A002DE209/$FILE/Donald-J-Trump-09.8.2026-278T.pdf
2026-07-20,purchase,MICROCHIP TECHNOLOGY INC,"$500,001 - $1,000,000",False,32,https://extapps2.oge.gov/201/Presiden.nsf/PAS+Index/E590116FC9631E9885258E7A002DE209/$FILE/Donald-J-Trump-09.8.2026-278T.pdf
2026-07-20,purchase,PPG INDSINC,"$50,001 - $100,000",False,32,https://extapps2.oge.gov/201/Presiden.nsf/PAS+Index/E590116FC9631E9885258E7A002DE209/$FILE/Donald-J-Trump-09.8.2026-278T.pdf
2026-07-20,purchase,TARGET CORP,"$100,001 - $250,000",False,32,https://extapps2.oge.gov/201/Presiden.nsf/PAS+Index/E590116FC9631E9885258E7A002DE209/$FILE/Donald-J-Trump-09.8.2026-278T.pdf
2026-07-20,purchase,SUPER MICRO PUTER INC,"$100,001 - $250,000",False,32,https://extapps2.oge.gov/201/Presiden.nsf/PAS+Index/E590116FC9631E9885258E7A002DE209/$FILE/Donald-J-Trump-09.8.2026-278T.pdf
2026-07-20,purchase,CARRIER GLOBAL CORPORATION,"$500,001 - $1,000,000",False,32,https://extapps2.oge.gov/201/Presiden.nsf/PAS+Index/E590116FC9631E9885258E7A002DE209/$FILE/Donald-J-Trump-09.8.2026-278T.pdf
2026-07-20,purchase,KIMBERLY-Cl.ARK CORP,"$500,001 - $1,000,000",False,32,https://extapps2.oge.gov/201/Presiden.nsf/PAS+Index/E590116FC9631E9885258E7A002DE209/$FILE/Donald-J-Trump-09.8.2026-278T.pdf
2026-07-20,purchase,DOMINO$ PIZZA INC,"$250,001 - $500,000",False,32,https://extapps2.oge.gov/201/Presiden.nsf/PAS+Index/E590116FC9631E9885258E7A002DE209/$FILE/Donald-J-Trump-09.8.2026-278T.pdf
2026-07-20,purchase,QNITY ELECTRONICS INC MON STOCK,"$100,001 - $250,000",False,32,https://extapps2.oge.gov/201/Presiden.nsf/PAS+Index/E590116FC9631E9885258E7A002DE209/$FILE/Donald-J-Trump-09.8.2026-278T.pdf
2026-07-20,purchase,LENNOX INTL INC,"$250,001 - $500,000",False,32,https://extapps2.oge.gov/201/Presiden.nsf/PAS+Index/E590116FC9631E9885258E7A002DE209/$FILE/Donald-J-Trump-09.8.2026-278T.pdf
2026-07-20,purchase,ZOETISINC,"$500,001 - $1,000,000",False,32,https://extapps2.oge.gov/201/Presiden.nsf/PAS+Index/E590116FC9631E9885258E7A002DE209/$FILE/Donald-J-Trump-09.8.2026-278T.pdf
2026-07-20,purchase,Sillcsfurcc Inc,"$1,000,001 - $5,000,000",False,32,https://extapps2.oge.gov/201/Presiden.nsf/PAS+Index/E590116FC9631E9885258E7A002DE209/$FILE/Donald-J-Trump-09.8.2026-278T.pdf
2026-07-20,purchase,SERVICENOW INC,"$500,001 - $1,000,000",False,33,https://extapps2.oge.gov/201/Presiden.nsf/PAS+Index/E590116FC9631E9885258E7A002DE209/$FILE/Donald-J-Trump-09.8.2026-278T.pdf
2026-07-20,sale,COPARTINC,"$250,001 - $500,000",False,33,https://extapps2.oge.gov/201/Presiden.nsf/PAS+Index/E590116FC9631E9885258E7A002DE209/$FILE/Donald-J-Trump-09.8.2026-278T.pdf
2026-07-20,sale,UBER TECHNOLOGIES INC,"$500,001 - $1,000,000",False,33,https://extapps2.oge.gov/201/Presiden.nsf/PAS+Index/E590116FC9631E9885258E7A002DE209/$FILE/Donald-J-Trump-09.8.2026-278T.pdf
2026-07-20,sale,TE CONNECTIVllY PLC ORO SHS,"$100,001 - $250,000",False,33,https://extapps2.oge.gov/201/Presiden.nsf/PAS+Index/E590116FC9631E9885258E7A002DE209/$FILE/Donald-J-Trump-09.8.2026-278T.pdf
2026-07-20,sale,"HCA HEALTHCARE, INC","$250,001 - $500,000",False,33,https://extapps2.oge.gov/201/Presiden.nsf/PAS+Index/E590116FC9631E9885258E7A002DE209/$FILE/Donald-J-Trump-09.8.2026-278T.pdf
2026-07-20,sale,CONSTELLATION BRANDS INC,"$100,001 - $250,000",False,33,https://extapps2.oge.gov/201/Presiden.nsf/PAS+Index/E590116FC9631E9885258E7A002DE209/$FILE/Donald-J-Trump-09.8.2026-278T.pdf
2026-07-20,sale,lYSON FOODS INC,"$500,001 - $1,000,000",False,33,https://extapps2.oge.gov/201/Presiden.nsf/PAS+Index/E590116FC9631E9885258E7A002DE209/$FILE/Donald-J-Trump-09.8.2026-278T.pdf
2026-07-20,sale,SYNOPSYS INC,"$500,001 - $1,000,000",False,33,https://extapps2.oge.gov/201/Presiden.nsf/PAS+Index/E590116FC9631E9885258E7A002DE209/$FILE/Donald-J-Trump-09.8.2026-278T.pdf
2026-07-20,sale,APOLLO GLOBAL MGMT INC,"$100,001 - $250,000",False,33,https://extapps2.oge.gov/201/Presiden.nsf/PAS+Index/E590116FC9631E9885258E7A002DE209/$FILE/Donald-J-Trump-09.8.2026-278T.pdf
2026-07-20,sale,ACCENTIJRE PLC,"$250,001 - $500,000",False,33,https://extapps2.oge.gov/201/Presiden.nsf/PAS+Index/E590116FC9631E9885258E7A002DE209/$FILE/Donald-J-Trump-09.8.2026-278T.pdf
2026-07-20,sale,CARVANACOCLA,"$100,001 - $250,000",False,33,https://extapps2.oge.gov/201/Presiden.nsf/PAS+Index/E590116FC9631E9885258E7A002DE209/$FILE/Donald-J-Trump-09.8.2026-278T.pdf
2026-07-20,sale,AMA2ONINC,"$5,000,001 - $25,000,000",False,33,https://extapps2.oge.gov/201/Presiden.nsf/PAS+Index/E590116FC9631E9885258E7A002DE209/$FILE/Donald-J-Trump-09.8.2026-278T.pdf
2026-07-20,sale,COSTCO WHOLESALE CORP,"$1,000,001 - $5,000,000",False,33,https://extapps2.oge.gov/201/Presiden.nsf/PAS+Index/E590116FC9631E9885258E7A002DE209/$FILE/Donald-J-Trump-09.8.2026-278T.pdf
2026-07-20,sale,DIGITAL RLlY TR INC,"$500,001 - $1,000,000",False,33,https://extapps2.oge.gov/201/Presiden.nsf/PAS+Index/E590116FC9631E9885258E7A002DE209/$FILE/Donald-J-Trump-09.8.2026-278T.pdf
2026-07-20,sale,UNIVERSAL HEALTH SVCS INC CL B,"$50,001 - $100,000",False,33,https://extapps2.oge.gov/201/Presiden.nsf/PAS+Index/E590116FC9631E9885258E7A002DE209/$FILE/Donald-J-Trump-09.8.2026-278T.pdf
2026-07-20,sale,NORTHROP GRUMMAN CORP,"$250,001 - $500,000",False,33,https://extapps2.oge.gov/201/Presiden.nsf/PAS+Index/E590116FC9631E9885258E7A002DE209/$FILE/Donald-J-Trump-09.8.2026-278T.pdf
2026-07-20,sale,PEPSICO INC,"$500,001 - $1,000,000",False,33,https://extapps2.oge.gov/201/Presiden.nsf/PAS+Index/E590116FC9631E9885258E7A002DE209/$FILE/Donald-J-Trump-09.8.2026-278T.pdf
2026-07-20,sale,The Cigna Group,"$100,001 - $250,000",False,33,https://extapps2.oge.gov/201/Presiden.nsf/PAS+Index/E590116FC9631E9885258E7A002DE209/$FILE/Donald-J-Trump-09.8.2026-278T.pdf
2026-07-20,sale,NXP SEMICONDUCTORS NV,"$100,001 - $250,000",False,33,https://extapps2.oge.gov/201/Presiden.nsf/PAS+Index/E590116FC9631E9885258E7A002DE209/$FILE/Donald-J-Trump-09.8.2026-278T.pdf
2026-07-23,purchase,ARISTA NETWORKS INC,"$100,001 - $250,000",False,33,https://extapps2.oge.gov/201/Presiden.nsf/PAS+Index/E590116FC9631E9885258E7A002DE209/$FILE/Donald-J-Trump-09.8.2026-278T.pdf
2026-07-23,purchase,WALMARTINC,"$100,001 - $250,000",False,33,https://extapps2.oge.gov/201/Presiden.nsf/PAS+Index/E590116FC9631E9885258E7A002DE209/$FILE/Donald-J-Trump-09.8.2026-278T.pdf
2026-07-23,purchase,MICROSOFT CORP,"$100,001 - $250,000",False,33,https://extapps2.oge.gov/201/Presiden.nsf/PAS+Index/E590116FC9631E9885258E7A002DE209/$FILE/Donald-J-Trump-09.8.2026-278T.pdf
2026-07-23,purchase,UBER TECHNOLOGIES INC,"$100,001 - $250,000",False,33,https://extapps2.oge.gov/201/Presiden.nsf/PAS+Index/E590116FC9631E9885258E7A002DE209/$FILE/Donald-J-Trump-09.8.2026-278T.pdf
2026-07-23,purchase,SALESFORCE INC,"$100,001 - $250,000",False,33,https://extapps2.oge.gov/201/Presiden.nsf/PAS+Index/E590116FC9631E9885258E7A002DE209/$FILE/Donald-J-Trump-09.8.2026-278T.pdf
2026-07-23,purchase,DANAHER CORPORATION,"$100,001 - $250,000",False,33,https://extapps2.oge.gov/201/Presiden.nsf/PAS+Index/E590116FC9631E9885258E7A002DE209/$FILE/Donald-J-Trump-09.8.2026-278T.pdf
2026-07-23,purchase,LOWES COMPANIES INC,"$100,001 - $250,000",False,33,https://extapps2.oge.gov/201/Presiden.nsf/PAS+Index/E590116FC9631E9885258E7A002DE209/$FILE/Donald-J-Trump-09.8.2026-278T.pdf
2026-07-23,purchase,CONSTELLATION ENERGY CORPORATION,"$50,001 - $100,000",False,33,https://extapps2.oge.gov/201/Presiden.nsf/PAS+Index/E590116FC9631E9885258E7A002DE209/$FILE/Donald-J-Trump-09.8.2026-278T.pdf
2026-07-23,purchase,ADOBE INC,"$50,001 - $100,000",False,33,https://extapps2.oge.gov/201/Presiden.nsf/PAS+Index/E590116FC9631E9885258E7A002DE209/$FILE/Donald-J-Trump-09.8.2026-278T.pdf
2026-07-23,purchase,ABBVIEINC,"$50,001 - $100,000",False,34,https://extapps2.oge.gov/201/Presiden.nsf/PAS+Index/E590116FC9631E9885258E7A002DE209/$FILE/Donald-J-Trump-09.8.2026-278T.pdf
2026-07-23,purchase,COMCAST CORP,"$50,001 - $100,000",False,34,https://extapps2.oge.gov/201/Presiden.nsf/PAS+Index/E590116FC9631E9885258E7A002DE209/$FILE/Donald-J-Trump-09.8.2026-278T.pdf
2026-07-23,purchase,INTUIT INC,"$50,001 - $100,000",False,34,https://extapps2.oge.gov/201/Presiden.nsf/PAS+Index/E590116FC9631E9885258E7A002DE209/$FILE/Donald-J-Trump-09.8.2026-278T.pdf
2026-07-23,purchase,SYNOPSYS INC,"$50,001 - $100,000",False,34,https://extapps2.oge.gov/201/Presiden.nsf/PAS+Index/E590116FC9631E9885258E7A002DE209/$FILE/Donald-J-Trump-09.8.2026-278T.pdf
2026-07-23,purchase,CRH PUBLIC LIMITED COMPANY,"$50,001 - $100,000",False,34,https://extapps2.oge.gov/201/Presiden.nsf/PAS+Index/E590116FC9631E9885258E7A002DE209/$FILE/Donald-J-Trump-09.8.2026-278T.pdf
2026-07-23,purchase,TE CONNECTIVITY PLC,"$50,001 - $100,000",False,34,https://extapps2.oge.gov/201/Presiden.nsf/PAS+Index/E590116FC9631E9885258E7A002DE209/$FILE/Donald-J-Trump-09.8.2026-278T.pdf
2026-07-23,purchase,HCA HEALTHCARE INC,"$50,001 - $100,000",False,34,https://extapps2.oge.gov/201/Presiden.nsf/PAS+Index/E590116FC9631E9885258E7A002DE209/$FILE/Donald-J-Trump-09.8.2026-278T.pdf
2026-07-23,purchase,CIENA CORPORATION,"$50,001 - $100,000",False,34,https://extapps2.oge.gov/201/Presiden.nsf/PAS+Index/E590116FC9631E9885258E7A002DE209/$FILE/Donald-J-Trump-09.8.2026-278T.pdf
2026-07-23,purchase,AIRBNBINC,"$50,001 - $100,000",False,34,https://extapps2.oge.gov/201/Presiden.nsf/PAS+Index/E590116FC9631E9885258E7A002DE209/$FILE/Donald-J-Trump-09.8.2026-278T.pdf
2026-07-23,purchase,AUTOZONE INC,"$50,001 - $100,000",False,34,https://extapps2.oge.gov/201/Presiden.nsf/PAS+Index/E590116FC9631E9885258E7A002DE209/$FILE/Donald-J-Trump-09.8.2026-278T.pdf
2026-07-23,purchase,REGENERON PHARMACEUTICALS INC,"$50,001 - $100,000",False,34,https://extapps2.oge.gov/201/Presiden.nsf/PAS+Index/E590116FC9631E9885258E7A002DE209/$FILE/Donald-J-Trump-09.8.2026-278T.pdf
2026-07-23,purchase,AUTODESK INC,"$15,001 - $50,000",False,34,https://extapps2.oge.gov/201/Presiden.nsf/PAS+Index/E590116FC9631E9885258E7A002DE209/$FILE/Donald-J-Trump-09.8.2026-278T.pdf
2026-07-23,purchase,GILEAD SCIENCES INC,"$15,001 - $50,000",False,34,https://extapps2.oge.gov/201/Presiden.nsf/PAS+Index/E590116FC9631E9885258E7A002DE209/$FILE/Donald-J-Trump-09.8.2026-278T.pdf
2026-07-23,purchase,ARCHER-DANIEI..S-MIOLAND CO,"$15,001 - $50,000",False,34,https://extapps2.oge.gov/201/Presiden.nsf/PAS+Index/E590116FC9631E9885258E7A002DE209/$FILE/Donald-J-Trump-09.8.2026-278T.pdf
2026-07-23,purchase,CARVANACO,"$15,001 - $50,000",False,34,https://extapps2.oge.gov/201/Presiden.nsf/PAS+Index/E590116FC9631E9885258E7A002DE209/$FILE/Donald-J-Trump-09.8.2026-278T.pdf
2026-07-23,purchase,CBRE GROUP INC,"$15,001 - $50,000",False,34,https://extapps2.oge.gov/201/Presiden.nsf/PAS+Index/E590116FC9631E9885258E7A002DE209/$FILE/Donald-J-Trump-09.8.2026-278T.pdf
2026-07-23,purchase,HERSHEY COMPANY (THE),"$15,001 - $50,000",False,34,https://extapps2.oge.gov/201/Presiden.nsf/PAS+Index/E590116FC9631E9885258E7A002DE209/$FILE/Donald-J-Trump-09.8.2026-278T.pdf
2026-07-23,purchase,NORTHROP GRUMMAN CORP,"$15,001 - $50,000",False,34,https://extapps2.oge.gov/201/Presiden.nsf/PAS+Index/E590116FC9631E9885258E7A002DE209/$FILE/Donald-J-Trump-09.8.2026-278T.pdf
2026-07-23,purchase,VERTEX PHARMACEUTICALS INC,"$15,001 - $50,000",False,34,https://extapps2.oge.gov/201/Presiden.nsf/PAS+Index/E590116FC9631E9885258E7A002DE209/$FILE/Donald-J-Trump-09.8.2026-278T.pdf
2026-07-23,purchase,CHURCH & DWIGHT CO,"$15,001 - $50,000",False,34,https://extapps2.oge.gov/201/Presiden.nsf/PAS+Index/E590116FC9631E9885258E7A002DE209/$FILE/Donald-J-Trump-09.8.2026-278T.pdf
2026-07-23,purchase,ELI LILLY&CO,"$15,001 - $50,000",False,34,https://extapps2.oge.gov/201/Presiden.nsf/PAS+Index/E590116FC9631E9885258E7A002DE209/$FILE/Donald-J-Trump-09.8.2026-278T.pdf
2026-07-23,purchase,JPMORGAN CHASE & CO,"$15,001 - $50,000",False,34,https://extapps2.oge.gov/201/Presiden.nsf/PAS+Index/E590116FC9631E9885258E7A002DE209/$FILE/Donald-J-Trump-09.8.2026-278T.pdf
2026-07-23,purchase,ELECTRONIC ARTS INC,"$15,001 - $50,000",False,34,https://extapps2.oge.gov/201/Presiden.nsf/PAS+Index/E590116FC9631E9885258E7A002DE209/$FILE/Donald-J-Trump-09.8.2026-278T.pdf
2026-07-23,purchase,ALPHABET INC 1p,"$15,001 - $50,000",False,34,https://extapps2.oge.gov/201/Presiden.nsf/PAS+Index/E590116FC9631E9885258E7A002DE209/$FILE/Donald-J-Trump-09.8.2026-278T.pdf
2026-07-23,purchase,ILLINOIS TOOL WORKS·INC,"$15,001 - $50,000",False,34,https://extapps2.oge.gov/201/Presiden.nsf/PAS+Index/E590116FC9631E9885258E7A002DE209/$FILE/Donald-J-Trump-09.8.2026-278T.pdf
2026-07-23,purchase,PARKER HANNIFIN CORP,"$15,001 - $50,000",False,34,https://extapps2.oge.gov/201/Presiden.nsf/PAS+Index/E590116FC9631E9885258E7A002DE209/$FILE/Donald-J-Trump-09.8.2026-278T.pdf
2026-07-23,purchase,UNITED PARCEL SVC INC,"$1,001 - $15,000",False,34,https://extapps2.oge.gov/201/Presiden.nsf/PAS+Index/E590116FC9631E9885258E7A002DE209/$FILE/Donald-J-Trump-09.8.2026-278T.pdf
2026-07-23,purchase,ARCH CAPITAL GROUP LTD,"$1,001 - $15,000",False,34,https://extapps2.oge.gov/201/Presiden.nsf/PAS+Index/E590116FC9631E9885258E7A002DE209/$FILE/Donald-J-Trump-09.8.2026-278T.pdf
2026-07-23,purchase,BAKER HUGHES COMPANY IP,"$1,001 - $15,000",False,34,https://extapps2.oge.gov/201/Presiden.nsf/PAS+Index/E590116FC9631E9885258E7A002DE209/$FILE/Donald-J-Trump-09.8.2026-278T.pdf
2026-07-23,purchase,AMA2ON.COM INC,"$1,001 - $15,000",False,34,https://extapps2.oge.gov/201/Presiden.nsf/PAS+Index/E590116FC9631E9885258E7A002DE209/$FILE/Donald-J-Trump-09.8.2026-278T.pdf
2026-07-23,purchase,EQT CORPORATION,"$1,001 - $15,000",False,34,https://extapps2.oge.gov/201/Presiden.nsf/PAS+Index/E590116FC9631E9885258E7A002DE209/$FILE/Donald-J-Trump-09.8.2026-278T.pdf
2026-07-23,purchase,DOLLAR GENERAL CORPORATION,"$1,001 - $15,000",False,34,https://extapps2.oge.gov/201/Presiden.nsf/PAS+Index/E590116FC9631E9885258E7A002DE209/$FILE/Donald-J-Trump-09.8.2026-278T.pdf
2026-07-23,purchase,TEXAS PACIFIC LAND CORPORATION,"$1,001 - $15,000",False,35,https://extapps2.oge.gov/201/Presiden.nsf/PAS+Index/E590116FC9631E9885258E7A002DE209/$FILE/Donald-J-Trump-09.8.2026-278T.pdf
2026-07-23,purchase,LUMENTUM HOLDINGS INC,"$1,001 - $15,000",False,35,https://extapps2.oge.gov/201/Presiden.nsf/PAS+Index/E590116FC9631E9885258E7A002DE209/$FILE/Donald-J-Trump-09.8.2026-278T.pdf
2026-07-23,purchase,APPLE INC,"$1,001 - $15,000",False,35,https://extapps2.oge.gov/201/Presiden.nsf/PAS+Index/E590116FC9631E9885258E7A002DE209/$FILE/Donald-J-Trump-09.8.2026-278T.pdf
2026-07-23,purchase,PALANTIR TECHNOLOGIES INC,"$1,001 - $15,000",False,35,https://extapps2.oge.gov/201/Presiden.nsf/PAS+Index/E590116FC9631E9885258E7A002DE209/$FILE/Donald-J-Trump-09.8.2026-278T.pdf
2026-07-23,purchase,XCEL ENERGY INC,"$1,001 - $15,000",False,35,https://extapps2.oge.gov/201/Presiden.nsf/PAS+Index/E590116FC9631E9885258E7A002DE209/$FILE/Donald-J-Trump-09.8.2026-278T.pdf
2026-07-23,purchase,SOUTHERN CO Ip,"$1,001 - $15,000",False,35,https://extapps2.oge.gov/201/Presiden.nsf/PAS+Index/E590116FC9631E9885258E7A002DE209/$FILE/Donald-J-Trump-09.8.2026-278T.pdf
2026-07-23,purchase,WELLTOWER INC,"$1,001 - $15,000",False,35,https://extapps2.oge.gov/201/Presiden.nsf/PAS+Index/E590116FC9631E9885258E7A002DE209/$FILE/Donald-J-Trump-09.8.2026-278T.pdf
2026-07-23,purchase,PUBLIC STORAGE,"$1,001 - $15,000",False,35,https://extapps2.oge.gov/201/Presiden.nsf/PAS+Index/E590116FC9631E9885258E7A002DE209/$FILE/Donald-J-Trump-09.8.2026-278T.pdf
2026-07-23,purchase,CORTEVA INC,"$1,001 - $15,000",False,35,https://extapps2.oge.gov/201/Presiden.nsf/PAS+Index/E590116FC9631E9885258E7A002DE209/$FILE/Donald-J-Trump-09.8.2026-278T.pdf
2026-07-23,purchase,CH ROBINSON WORLOWIDE INC,"$1,001 - $15,000",False,35,https://extapps2.oge.gov/201/Presiden.nsf/PAS+Index/E590116FC9631E9885258E7A002DE209/$FILE/Donald-J-Trump-09.8.2026-278T.pdf
2026-07-23,purchase,RTX CORPORATION,"$1,001 - $15,000",False,35,https://extapps2.oge.gov/201/Presiden.nsf/PAS+Index/E590116FC9631E9885258E7A002DE209/$FILE/Donald-J-Trump-09.8.2026-278T.pdf
2026-07-23,purchase,PROCTER & GAMBLE,"$1,001 - $15,000",False,35,https://extapps2.oge.gov/201/Presiden.nsf/PAS+Index/E590116FC9631E9885258E7A002DE209/$FILE/Donald-J-Trump-09.8.2026-278T.pdf
2026-07-23,purchase,DOORDASH INC,"$1,001 - $15,000",False,35,https://extapps2.oge.gov/201/Presiden.nsf/PAS+Index/E590116FC9631E9885258E7A002DE209/$FILE/Donald-J-Trump-09.8.2026-278T.pdf
2026-07-23,sale,EXTRA SPACE STORAGE INC,"$1,001 - $15,000",False,35,https://extapps2.oge.gov/201/Presiden.nsf/PAS+Index/E590116FC9631E9885258E7A002DE209/$FILE/Donald-J-Trump-09.8.2026-278T.pdf
2026-07-23,sale,AT&T INC,"$1,001 - $15,000",False,35,https://extapps2.oge.gov/201/Presiden.nsf/PAS+Index/E590116FC9631E9885258E7A002DE209/$FILE/Donald-J-Trump-09.8.2026-278T.pdf
2026-07-23,sale,TJX COMPANIES INC,"$1,001 - $15,000",False,35,https://extapps2.oge.gov/201/Presiden.nsf/PAS+Index/E590116FC9631E9885258E7A002DE209/$FILE/Donald-J-Trump-09.8.2026-278T.pdf
2026-07-23,sale,T MOBILE US INC,"$1,001 - $15,000",False,35,https://extapps2.oge.gov/201/Presiden.nsf/PAS+Index/E590116FC9631E9885258E7A002DE209/$FILE/Donald-J-Trump-09.8.2026-278T.pdf
2026-07-23,sale,NEWMONT CORPORATION,"$1,001 - $15,000",False,35,https://extapps2.oge.gov/201/Presiden.nsf/PAS+Index/E590116FC9631E9885258E7A002DE209/$FILE/Donald-J-Trump-09.8.2026-278T.pdf
2026-07-23,sale,ZIMMER BIOMET HOLDINGS INC,"$1,001 - $15,000",False,35,https://extapps2.oge.gov/201/Presiden.nsf/PAS+Index/E590116FC9631E9885258E7A002DE209/$FILE/Donald-J-Trump-09.8.2026-278T.pdf
2026-07-23,sale,YUM BRANDS INC,"$1,001 - $15,000",False,35,https://extapps2.oge.gov/201/Presiden.nsf/PAS+Index/E590116FC9631E9885258E7A002DE209/$FILE/Donald-J-Trump-09.8.2026-278T.pdf
2026-07-23,sale,WALT DISNEY CO,"$1,001 - $15,000",False,35,https://extapps2.oge.gov/201/Presiden.nsf/PAS+Index/E590116FC9631E9885258E7A002DE209/$FILE/Donald-J-Trump-09.8.2026-278T.pdf
2026-07-23,sale,VERSIGENT LID,"$1,001 - $15,000",False,35,https://extapps2.oge.gov/201/Presiden.nsf/PAS+Index/E590116FC9631E9885258E7A002DE209/$FILE/Donald-J-Trump-09.8.2026-278T.pdf
2026-07-23,sale,MONDELEZ INTERNATIONAL INC,"$1,001 - $15,000",False,35,https://extapps2.oge.gov/201/Presiden.nsf/PAS+Index/E590116FC9631E9885258E7A002DE209/$FILE/Donald-J-Trump-09.8.2026-278T.pdf
2026-07-23,sale,APPLOVIN CORPORATION,"$1,001 - $15,000",False,35,https://extapps2.oge.gov/201/Presiden.nsf/PAS+Index/E590116FC9631E9885258E7A002DE209/$FILE/Donald-J-Trump-09.8.2026-278T.pdf
2026-07-23,sale,LINDE PLC,"$1,001 - $15,000",False,35,https://extapps2.oge.gov/201/Presiden.nsf/PAS+Index/E590116FC9631E9885258E7A002DE209/$FILE/Donald-J-Trump-09.8.2026-278T.pdf
2026-07-23,sale,SLB LIMITED,"$1,001 - $15,000",False,35,https://extapps2.oge.gov/201/Presiden.nsf/PAS+Index/E590116FC9631E9885258E7A002DE209/$FILE/Donald-J-Trump-09.8.2026-278T.pdf
2026-07-23,sale,PRUDENTIAL FINANCIAL INC,"$1,001 - $15,000",False,35,https://extapps2.oge.gov/201/Presiden.nsf/PAS+Index/E590116FC9631E9885258E7A002DE209/$FILE/Donald-J-Trump-09.8.2026-278T.pdf
2026-07-23,sale,ALISTATE CORP,"$1,001 - $15,000",False,35,https://extapps2.oge.gov/201/Presiden.nsf/PAS+Index/E590116FC9631E9885258E7A002DE209/$FILE/Donald-J-Trump-09.8.2026-278T.pdf
2026-07-23,sale,APTIV PLC,"$15,001 - $50,000",False,35,https://extapps2.oge.gov/201/Presiden.nsf/PAS+Index/E590116FC9631E9885258E7A002DE209/$FILE/Donald-J-Trump-09.8.2026-278T.pdf
2026-07-23,sale,SHERWIN WILLIAMS CO,"$15,001 - $50,000",False,35,https://extapps2.oge.gov/201/Presiden.nsf/PAS+Index/E590116FC9631E9885258E7A002DE209/$FILE/Donald-J-Trump-09.8.2026-278T.pdf
2026-07-23,sale,LYONDELLBASELL INDUSTRIES NV,"$15,001 - $50,000",False,35,https://extapps2.oge.gov/201/Presiden.nsf/PAS+Index/E590116FC9631E9885258E7A002DE209/$FILE/Donald-J-Trump-09.8.2026-278T.pdf
2026-07-23,sale,QUEST DIAGNOSllCS INC,"$15,001 - $50,000",False,35,https://extapps2.oge.gov/201/Presiden.nsf/PAS+Index/E590116FC9631E9885258E7A002DE209/$FILE/Donald-J-Trump-09.8.2026-278T.pdf
2026-07-23,sale,BAXTER INTERNATIONAL INC,"$15,001 - $50,000",False,35,https://extapps2.oge.gov/201/Presiden.nsf/PAS+Index/E590116FC9631E9885258E7A002DE209/$FILE/Donald-J-Trump-09.8.2026-278T.pdf
2026-07-23,sale,CMS ENERGY CORP,"$15,001 - $50,000",False,36,https://extapps2.oge.gov/201/Presiden.nsf/PAS+Index/E590116FC9631E9885258E7A002DE209/$FILE/Donald-J-Trump-09.8.2026-278T.pdf
2026-07-23,sale,HALLIBURTON COMPANY,"$15,001 - $50,000",False,36,https://extapps2.oge.gov/201/Presiden.nsf/PAS+Index/E590116FC9631E9885258E7A002DE209/$FILE/Donald-J-Trump-09.8.2026-278T.pdf
2026-07-23,sale,ARES MANAGEMENT CORPORATION,"$15,001 - $50,000",False,36,https://extapps2.oge.gov/201/Presiden.nsf/PAS+Index/E590116FC9631E9885258E7A002DE209/$FILE/Donald-J-Trump-09.8.2026-278T.pdf
2026-07-23,sale,CORNING INC AVG,"$15,001 - $50,000",False,36,https://extapps2.oge.gov/201/Presiden.nsf/PAS+Index/E590116FC9631E9885258E7A002DE209/$FILE/Donald-J-Trump-09.8.2026-278T.pdf
2026-07-23,sale,ZOETIS INC,"$15,001 - $50,000",False,36,https://extapps2.oge.gov/201/Presiden.nsf/PAS+Index/E590116FC9631E9885258E7A002DE209/$FILE/Donald-J-Trump-09.8.2026-278T.pdf
2026-07-23,sale,KROGER CO (THE),"$15,001 - $50,000",False,36,https://extapps2.oge.gov/201/Presiden.nsf/PAS+Index/E590116FC9631E9885258E7A002DE209/$FILE/Donald-J-Trump-09.8.2026-278T.pdf
2026-07-23,sale,CROWN CASTlE IN C,"$15,001 - $50,000",False,36,https://extapps2.oge.gov/201/Presiden.nsf/PAS+Index/E590116FC9631E9885258E7A002DE209/$FILE/Donald-J-Trump-09.8.2026-278T.pdf
2026-07-23,sale,PFIZER INC,"$15,001 - $50,000",False,36,https://extapps2.oge.gov/201/Presiden.nsf/PAS+Index/E590116FC9631E9885258E7A002DE209/$FILE/Donald-J-Trump-09.8.2026-278T.pdf
2026-07-23,sale,VERIZON COMMUNICATIONS,"$15,001 - $50,000",False,36,https://extapps2.oge.gov/201/Presiden.nsf/PAS+Index/E590116FC9631E9885258E7A002DE209/$FILE/Donald-J-Trump-09.8.2026-278T.pdf
2026-07-23,sale,VULCAN MATERIALS CO,"$15,001 - $50,000",False,36,https://extapps2.oge.gov/201/Presiden.nsf/PAS+Index/E590116FC9631E9885258E7A002DE209/$FILE/Donald-J-Trump-09.8.2026-278T.pdf
2026-07-23,sale,UNITED AIRLINES HOLDINGS INC,"$15,001 - $50,000",False,36,https://extapps2.oge.gov/201/Presiden.nsf/PAS+Index/E590116FC9631E9885258E7A002DE209/$FILE/Donald-J-Trump-09.8.2026-278T.pdf
2026-07-23,sale,DOVER CORPORATION,"$15,001 - $50,000",False,36,https://extapps2.oge.gov/201/Presiden.nsf/PAS+Index/E590116FC9631E9885258E7A002DE209/$FILE/Donald-J-Trump-09.8.2026-278T.pdf
2026-07-23,sale,PUBLIC SERVICE ENTERPRISE GROUP INC,"$15,001 - $50,000",False,36,https://extapps2.oge.gov/201/Presiden.nsf/PAS+Index/E590116FC9631E9885258E7A002DE209/$FILE/Donald-J-Trump-09.8.2026-278T.pdf
2026-07-23,sale,TESLA INC,"$15,001 - $50,000",False,36,https://extapps2.oge.gov/201/Presiden.nsf/PAS+Index/E590116FC9631E9885258E7A002DE209/$FILE/Donald-J-Trump-09.8.2026-278T.pdf
2026-07-23,sale,FOX CORPORATION,"$15,001 - $50,000",False,36,https://extapps2.oge.gov/201/Presiden.nsf/PAS+Index/E590116FC9631E9885258E7A002DE209/$FILE/Donald-J-Trump-09.8.2026-278T.pdf
2026-07-23,sale,IDEXX LABORATORIES CORP,"$15,001 - $50,000",False,36,https://extapps2.oge.gov/201/Presiden.nsf/PAS+Index/E590116FC9631E9885258E7A002DE209/$FILE/Donald-J-Trump-09.8.2026-278T.pdf
2026-07-23,sale,NIKE INC,"$50,001 - $100,000",False,36,https://extapps2.oge.gov/201/Presiden.nsf/PAS+Index/E590116FC9631E9885258E7A002DE209/$FILE/Donald-J-Trump-09.8.2026-278T.pdf
2026-07-23,sale,BOSTON SOENTIFIC CORP,"$50,001 - $100,000",False,36,https://extapps2.oge.gov/201/Presiden.nsf/PAS+Index/E590116FC9631E9885258E7A002DE209/$FILE/Donald-J-Trump-09.8.2026-278T.pdf
2026-07-23,sale,0 REILLY AUTOMOTIVE INC,"$50,001 - $100,000",False,36,https://extapps2.oge.gov/201/Presiden.nsf/PAS+Index/E590116FC9631E9885258E7A002DE209/$FILE/Donald-J-Trump-09.8.2026-278T.pdf
2026-07-23,sale,CME GROUP INC,"$50,001 - $100,000",False,36,https://extapps2.oge.gov/201/Presiden.nsf/PAS+Index/E590116FC9631E9885258E7A002DE209/$FILE/Donald-J-Trump-09.8.2026-278T.pdf
2026-07-23,sale,JOHNSON CONTROLS INTERNATIONAL,"$50,001 - $100,000",False,36,https://extapps2.oge.gov/201/Presiden.nsf/PAS+Index/E590116FC9631E9885258E7A002DE209/$FILE/Donald-J-Trump-09.8.2026-278T.pdf
2026-07-23,sale,MASTERCARD INCORPORATED,"$50,001 - $100,000",False,36,https://extapps2.oge.gov/201/Presiden.nsf/PAS+Index/E590116FC9631E9885258E7A002DE209/$FILE/Donald-J-Trump-09.8.2026-278T.pdf
2026-07-23,sale,AMERICAN TOWER CORPORATION,"$50,001 - $100,000",False,36,https://extapps2.oge.gov/201/Presiden.nsf/PAS+Index/E590116FC9631E9885258E7A002DE209/$FILE/Donald-J-Trump-09.8.2026-278T.pdf
2026-07-23,sale,PARAMOUNT SKYDANCE CORPORATION,"$50,001 - $100,000",False,36,https://extapps2.oge.gov/201/Presiden.nsf/PAS+Index/E590116FC9631E9885258E7A002DE209/$FILE/Donald-J-Trump-09.8.2026-278T.pdf
2026-07-23,sale,ACCENTIJRE PLC,"$50,001 - $100,000",False,36,https://extapps2.oge.gov/201/Presiden.nsf/PAS+Index/E590116FC9631E9885258E7A002DE209/$FILE/Donald-J-Trump-09.8.2026-278T.pdf
2026-07-23,sale,COSTCO WHOLESALE CORP,"$100,001 - $250,000",False,36,https://extapps2.oge.gov/201/Presiden.nsf/PAS+Index/E590116FC9631E9885258E7A002DE209/$FILE/Donald-J-Trump-09.8.2026-278T.pdf
2026-07-23,sale,INTlJITlVE SURGICAL INC,"$100,001 - $250,000",False,36,https://extapps2.oge.gov/201/Presiden.nsf/PAS+Index/E590116FC9631E9885258E7A002DE209/$FILE/Donald-J-Trump-09.8.2026-278T.pdf
2026-07-23,sale,PEPSICO INC,"$100,001 - $250,000",False,36,https://extapps2.oge.gov/201/Presiden.nsf/PAS+Index/E590116FC9631E9885258E7A002DE209/$FILE/Donald-J-Trump-09.8.2026-278T.pdf
2026-07-23,sale,META PLATFORMS INC,"$100,001 - $250,000",False,36,https://extapps2.oge.gov/201/Presiden.nsf/PAS+Index/E590116FC9631E9885258E7A002DE209/$FILE/Donald-J-Trump-09.8.2026-278T.pdf
2026-07-23,sale,NETFLIXINC,"$100,001 - $250,000",False,36,https://extapps2.oge.gov/201/Presiden.nsf/PAS+Index/E590116FC9631E9885258E7A002DE209/$FILE/Donald-J-Trump-09.8.2026-278T.pdf
2026-07-23,sale,MCDONALDS CORP,"$100,001 - $250,000",False,36,https://extapps2.oge.gov/201/Presiden.nsf/PAS+Index/E590116FC9631E9885258E7A002DE209/$FILE/Donald-J-Trump-09.8.2026-278T.pdf
2026-07-23,sale,INTERNATIONAL BUSINESS MACHINES CORP,"$100,001 - $250,000",False,36,https://extapps2.oge.gov/201/Presiden.nsf/PAS+Index/E590116FC9631E9885258E7A002DE209/$FILE/Donald-J-Trump-09.8.2026-278T.pdf
2026-07-23,sale,ORACLE CORPORATION,"$100,001 - $250,000",False,36,https://extapps2.oge.gov/201/Presiden.nsf/PAS+Index/E590116FC9631E9885258E7A002DE209/$FILE/Donald-J-Trump-09.8.2026-278T.pdf
2026-02-10,purchase,COSTCO WHOLESALE CORP NEW,"$1,000,001 - $5,000,000",False,2,"https://extapps2.oge.gov/201/Presiden.nsf/PAS+Index/405E4EC4E27BE8D185258DF7002DD1C0/$FILE/Trump,%20Donald%20J.-05.08.2026-278T(2).pdf"
2028-02-10,purchase,AXON ENTERPRISE INC COM,"$1,000,001 - $5,000,000",False,2,"https://extapps2.oge.gov/201/Presiden.nsf/PAS+Index/405E4EC4E27BE8D185258DF7002DD1C0/$FILE/Trump,%20Donald%20J.-05.08.2026-278T(2).pdf"
2026-03-17,purchase,UBER TECHNOLOGIES INC COM,"$1,000,001 - $5,000,000",True,2,"https://extapps2.oge.gov/201/Presiden.nsf/PAS+Index/405E4EC4E27BE8D185258DF7002DD1C0/$FILE/Trump,%20Donald%20J.-05.08.2026-278T(2).pdf"
2026-03-21,purchase,APPLE INC UNSOLICITED,"$1,000,001 - $5,000,000",True,2,"https://extapps2.oge.gov/201/Presiden.nsf/PAS+Index/405E4EC4E27BE8D185258DF7002DD1C0/$FILE/Trump,%20Donald%20J.-05.08.2026-278T(2).pdf"
2026-03-06,purchase,lahores Tr Mad Ealo Valuo ElfE1m823070m-00497 Avoraoe Unit P~c:e Transedlon Your Broker Acted As Aaont,"$500,001 - $1,000,000",False,3,"https://extapps2.oge.gov/201/Presiden.nsf/PAS+Index/405E4EC4E27BE8D185258DF7002DD1C0/$FILE/Trump,%20Donald%20J.-05.08.2026-278T(2).pdf"
2026-02-10,purchase,ADVANCED MICRO DEVICES INC,"$500,001 - $1,000,000",False,3,"https://extapps2.oge.gov/201/Presiden.nsf/PAS+Index/405E4EC4E27BE8D185258DF7002DD1C0/$FILE/Trump,%20Donald%20J.-05.08.2026-278T(2).pdf"
2026-03-05,purchase,STATE STREET ENERGY SELECT SECTOR SPDR ETF,"$500,001 - $1,000,000",False,3,"https://extapps2.oge.gov/201/Presiden.nsf/PAS+Index/405E4EC4E27BE8D185258DF7002DD1C0/$FILE/Trump,%20Donald%20J.-05.08.2026-278T(2).pdf"
2026-01-12,purchase,AVALONBAY CMNTYS INC REIT,"$500,001 - $1,000,000",False,3,"https://extapps2.oge.gov/201/Presiden.nsf/PAS+Index/405E4EC4E27BE8D185258DF7002DD1C0/$FILE/Trump,%20Donald%20J.-05.08.2026-278T(2).pdf"
2026-03-17,purchase,DATAOOG INC CL A COM,"$500,001 - $1,000,000",False,3,"https://extapps2.oge.gov/201/Presiden.nsf/PAS+Index/405E4EC4E27BE8D185258DF7002DD1C0/$FILE/Trump,%20Donald%20J.-05.08.2026-278T(2).pdf"
2026-03-02,purchase,ALPHABET INC CL A UNSOLICITED,"$500,001 - $1,000,000",False,3,"https://extapps2.oge.gov/201/Presiden.nsf/PAS+Index/405E4EC4E27BE8D185258DF7002DD1C0/$FILE/Trump,%20Donald%20J.-05.08.2026-278T(2).pdf"
2026-02-10,purchase,MICROCHIP TECHNOLOGY INC,"$500,001 - $1,000,000",False,3,"https://extapps2.oge.gov/201/Presiden.nsf/PAS+Index/405E4EC4E27BE8D185258DF7002DD1C0/$FILE/Trump,%20Donald%20J.-05.08.2026-278T(2).pdf"
2026-02-10,purchase,PAYCHEX INC COM,"$500,001 - $1,000,000",False,3,"https://extapps2.oge.gov/201/Presiden.nsf/PAS+Index/405E4EC4E27BE8D185258DF7002DD1C0/$FILE/Trump,%20Donald%20J.-05.08.2026-278T(2).pdf"
2026-03-17,purchase,DOORDASH INC CL A,"$500,001 - $1,000,000",False,3,"https://extapps2.oge.gov/201/Presiden.nsf/PAS+Index/405E4EC4E27BE8D185258DF7002DD1C0/$FILE/Trump,%20Donald%20J.-05.08.2026-278T(2).pdf"
2026-03-17,purchase,DIGITAL RLTY TR INC,"$500,001 - $1,000,000",False,4,"https://extapps2.oge.gov/201/Presiden.nsf/PAS+Index/405E4EC4E27BE8D185258DF7002DD1C0/$FILE/Trump,%20Donald%20J.-05.08.2026-278T(2).pdf"
2026-02-10,purchase,APPLIED MATERIALS COM,"$500,001 - $1,000,000",False,4,"https://extapps2.oge.gov/201/Presiden.nsf/PAS+Index/405E4EC4E27BE8D185258DF7002DD1C0/$FILE/Trump,%20Donald%20J.-05.08.2026-278T(2).pdf"
2026-02-10,purchase,CME GROUP INC,"$500,001 - $1,000,000",False,4,"https://extapps2.oge.gov/201/Presiden.nsf/PAS+Index/405E4EC4E27BE8D185258DF7002DD1C0/$FILE/Trump,%20Donald%20J.-05.08.2026-278T(2).pdf"
2026-02-10,purchase,EMCOR GROUP INC,"$500,001 - $1,000,000",False,4,"https://extapps2.oge.gov/201/Presiden.nsf/PAS+Index/405E4EC4E27BE8D185258DF7002DD1C0/$FILE/Trump,%20Donald%20J.-05.08.2026-278T(2).pdf"
2026-02-10,purchase,LAM RESEARCH CORPORATION COM USD0.00,"$500,001 - $1,000,000",False,4,"https://extapps2.oge.gov/201/Presiden.nsf/PAS+Index/405E4EC4E27BE8D185258DF7002DD1C0/$FILE/Trump,%20Donald%20J.-05.08.2026-278T(2).pdf"
2026-03-05,purchase,!SHARES GOLD TRUST,"$500,001 - $1,000,000",False,4,"https://extapps2.oge.gov/201/Presiden.nsf/PAS+Index/405E4EC4E27BE8D185258DF7002DD1C0/$FILE/Trump,%20Donald%20J.-05.08.2026-278T(2).pdf"
2026-01-19,purchase,Alohobot Inc Cl A Solldtod Ordor Dlscrotlon Exercised,"$500,001 - $1,000,000",True,4,"https://extapps2.oge.gov/201/Presiden.nsf/PAS+Index/405E4EC4E27BE8D185258DF7002DD1C0/$FILE/Trump,%20Donald%20J.-05.08.2026-278T(2).pdf"
2026-01-19,purchase,Amazon Corn Inc Com Solldtod Order DlsaeUon Exorclsod,"$500,001 - $1,000,000",True,4,"https://extapps2.oge.gov/201/Presiden.nsf/PAS+Index/405E4EC4E27BE8D185258DF7002DD1C0/$FILE/Trump,%20Donald%20J.-05.08.2026-278T(2).pdf"
2026-03-04,purchase,STATE STREET SPDR S&P 500 TRUST ETF,"$250,001 - $500,000",False,4,"https://extapps2.oge.gov/201/Presiden.nsf/PAS+Index/405E4EC4E27BE8D185258DF7002DD1C0/$FILE/Trump,%20Donald%20J.-05.08.2026-278T(2).pdf"
2026-02-10,purchase,GEAoms0■oe,"$250,001 - $500,000",False,4,"https://extapps2.oge.gov/201/Presiden.nsf/PAS+Index/405E4EC4E27BE8D185258DF7002DD1C0/$FILE/Trump,%20Donald%20J.-05.08.2026-278T(2).pdf"
2026-01-12,purchase,ZOETIS INC CLASS A,"$250,001 - $500,000",False,4,"https://extapps2.oge.gov/201/Presiden.nsf/PAS+Index/405E4EC4E27BE8D185258DF7002DD1C0/$FILE/Trump,%20Donald%20J.-05.08.2026-278T(2).pdf"
2026-03-04,purchase,VANGUARD FTSE EUROPE ETF,"$250,001 - $500,000",False,4,"https://extapps2.oge.gov/201/Presiden.nsf/PAS+Index/405E4EC4E27BE8D185258DF7002DD1C0/$FILE/Trump,%20Donald%20J.-05.08.2026-278T(2).pdf"
2026-03-10,purchase,!SHARES INTERNATIONAL TREASURY BOND ETF,"$250,001 - $500,000",False,4,"https://extapps2.oge.gov/201/Presiden.nsf/PAS+Index/405E4EC4E27BE8D185258DF7002DD1C0/$FILE/Trump,%20Donald%20J.-05.08.2026-278T(2).pdf"
2026-03-02,purchase,META PLATFORMS INC CL A UNSOLICITED,"$250,001 - $500,000",False,4,"https://extapps2.oge.gov/201/Presiden.nsf/PAS+Index/405E4EC4E27BE8D185258DF7002DD1C0/$FILE/Trump,%20Donald%20J.-05.08.2026-278T(2).pdf"
2026-03-04,purchase,STE STRT COMTN SR SLCT SCTR SPDR ETF,"$250,001 - $500,000",True,4,"https://extapps2.oge.gov/201/Presiden.nsf/PAS+Index/405E4EC4E27BE8D185258DF7002DD1C0/$FILE/Trump,%20Donald%20J.-05.08.2026-278T(2).pdf"
2026-03-17,purchase,KIMBERLY-CLARK CORP COM,"$250,001 - $500,000",False,4,"https://extapps2.oge.gov/201/Presiden.nsf/PAS+Index/405E4EC4E27BE8D185258DF7002DD1C0/$FILE/Trump,%20Donald%20J.-05.08.2026-278T(2).pdf"
2026-03-18,purchase,AMAZON.COM INC,"$250,001 - $500,000",True,5,"https://extapps2.oge.gov/201/Presiden.nsf/PAS+Index/405E4EC4E27BE8D185258DF7002DD1C0/$FILE/Trump,%20Donald%20J.-05.08.2026-278T(2).pdf"
2026-03-04,purchase,!SHARES US TREASURY BOND ETF,"$250,001 - $500,000",False,5,"https://extapps2.oge.gov/201/Presiden.nsf/PAS+Index/405E4EC4E27BE8D185258DF7002DD1C0/$FILE/Trump,%20Donald%20J.-05.08.2026-278T(2).pdf"
2026-03-12,purchase,APPLE INC UNSOLICITED,"$250,001 - $500,000",False,5,"https://extapps2.oge.gov/201/Presiden.nsf/PAS+Index/405E4EC4E27BE8D185258DF7002DD1C0/$FILE/Trump,%20Donald%20J.-05.08.2026-278T(2).pdf"
2026-03-11,purchase,APPLE INC UNSOLICITED,"$250,001 - $500,000",False,5,"https://extapps2.oge.gov/201/Presiden.nsf/PAS+Index/405E4EC4E27BE8D185258DF7002DD1C0/$FILE/Trump,%20Donald%20J.-05.08.2026-278T(2).pdf"
2026-01-06,purchase,"F5, Inc","$250,001 - $500,000",True,5,"https://extapps2.oge.gov/201/Presiden.nsf/PAS+Index/405E4EC4E27BE8D185258DF7002DD1C0/$FILE/Trump,%20Donald%20J.-05.08.2026-278T(2).pdf"
2026-01-06,purchase,XCEL ENERGY INC,"$250,001 - $500,000",True,5,"https://extapps2.oge.gov/201/Presiden.nsf/PAS+Index/405E4EC4E27BE8D185258DF7002DD1C0/$FILE/Trump,%20Donald%20J.-05.08.2026-278T(2).pdf"
2026-01-06,purchase,ARES MANAGEMENT CORPORATION CL A COM,"$250,001 - $500,000",True,5,"https://extapps2.oge.gov/201/Presiden.nsf/PAS+Index/405E4EC4E27BE8D185258DF7002DD1C0/$FILE/Trump,%20Donald%20J.-05.08.2026-278T(2).pdf"
2026-01-06,purchase,WASTE MGMT INC DEL,"$250,001 - $500,000",False,5,"https://extapps2.oge.gov/201/Presiden.nsf/PAS+Index/405E4EC4E27BE8D185258DF7002DD1C0/$FILE/Trump,%20Donald%20J.-05.08.2026-278T(2).pdf"
2026-02-10,purchase,NEWS CORP NEW,"$250,001 - $500,000",False,5,"https://extapps2.oge.gov/201/Presiden.nsf/PAS+Index/405E4EC4E27BE8D185258DF7002DD1C0/$FILE/Trump,%20Donald%20J.-05.08.2026-278T(2).pdf"
2026-03-10,purchase,STATE STREET TECHNOLOGY SELECT SECTOR SPDR ETF,"$250,001 - $500,000",False,5,"https://extapps2.oge.gov/201/Presiden.nsf/PAS+Index/405E4EC4E27BE8D185258DF7002DD1C0/$FILE/Trump,%20Donald%20J.-05.08.2026-278T(2).pdf"
2026-02-12,purchase,HOME DEPOT INC,"$250,001 - $500,000",False,5,"https://extapps2.oge.gov/201/Presiden.nsf/PAS+Index/405E4EC4E27BE8D185258DF7002DD1C0/$FILE/Trump,%20Donald%20J.-05.08.2026-278T(2).pdf"
2026-01-06,purchase,CAR:>/ANA CO CL A,"$250,001 - $500,000",True,5,"https://extapps2.oge.gov/201/Presiden.nsf/PAS+Index/405E4EC4E27BE8D185258DF7002DD1C0/$FILE/Trump,%20Donald%20J.-05.08.2026-278T(2).pdf"
2026-01-06,purchase,IDEXCORP,"$250,001 - $500,000",False,5,"https://extapps2.oge.gov/201/Presiden.nsf/PAS+Index/405E4EC4E27BE8D185258DF7002DD1C0/$FILE/Trump,%20Donald%20J.-05.08.2026-278T(2).pdf"
2026-02-12,purchase,NETFLIX INC,"$250,001 - $500,000",False,5,"https://extapps2.oge.gov/201/Presiden.nsf/PAS+Index/405E4EC4E27BE8D185258DF7002DD1C0/$FILE/Trump,%20Donald%20J.-05.08.2026-278T(2).pdf"
2026-01-23,purchase,META PLATFORMS INC CL A,"$250,001 - $500,000",False,5,"https://extapps2.oge.gov/201/Presiden.nsf/PAS+Index/405E4EC4E27BE8D185258DF7002DD1C0/$FILE/Trump,%20Donald%20J.-05.08.2026-278T(2).pdf"
2028-03-17,purchase,ECOLAB INC,"$250,001 - $500,000",True,6,"https://extapps2.oge.gov/201/Presiden.nsf/PAS+Index/405E4EC4E27BE8D185258DF7002DD1C0/$FILE/Trump,%20Donald%20J.-05.08.2026-278T(2).pdf"
2028-01-06,purchase,INVITATION HOMES INC COM,"$250,001 - $500,000",True,6,"https://extapps2.oge.gov/201/Presiden.nsf/PAS+Index/405E4EC4E27BE8D185258DF7002DD1C0/$FILE/Trump,%20Donald%20J.-05.08.2026-278T(2).pdf"
2028-03-10,purchase,ISHARES U.s: TREASURY BOND ETF,"$250,001 - $500,000",True,6,"https://extapps2.oge.gov/201/Presiden.nsf/PAS+Index/405E4EC4E27BE8D185258DF7002DD1C0/$FILE/Trump,%20Donald%20J.-05.08.2026-278T(2).pdf"
2026-02-10,purchase,SKYWORKS SOLUTIONS INC,"$100,001 - $250,000",True,6,"https://extapps2.oge.gov/201/Presiden.nsf/PAS+Index/405E4EC4E27BE8D185258DF7002DD1C0/$FILE/Trump,%20Donald%20J.-05.08.2026-278T(2).pdf"
2026-03-04,purchase,VANGUARD DIVIDEND APPRECIATION INDEX FUND ETF SHARES,"$100,001 - $250,000",True,6,"https://extapps2.oge.gov/201/Presiden.nsf/PAS+Index/405E4EC4E27BE8D185258DF7002DD1C0/$FILE/Trump,%20Donald%20J.-05.08.2026-278T(2).pdf"
2026-03-04,purchase,STE STRT FINCL SLCT SECTOR SPDR ETF,"$100,001 - $250,000",True,6,"https://extapps2.oge.gov/201/Presiden.nsf/PAS+Index/405E4EC4E27BE8D185258DF7002DD1C0/$FILE/Trump,%20Donald%20J.-05.08.2026-278T(2).pdf"
2026-01-06,purchase,MASCO CORP,"$100,001 - $250,000",False,7,"https://extapps2.oge.gov/201/Presiden.nsf/PAS+Index/405E4EC4E27BE8D185258DF7002DD1C0/$FILE/Trump,%20Donald%20J.-05.08.2026-278T(2).pdf"
2026-01-06,purchase,LENNOX INTL INC,"$100,001 - $250,000",False,7,"https://extapps2.oge.gov/201/Presiden.nsf/PAS+Index/405E4EC4E27BE8D185258DF7002DD1C0/$FILE/Trump,%20Donald%20J.-05.08.2026-278T(2).pdf"
2026-02-24,purchase,ABBOTT LABS,"$100,001 - $250,000",True,7,"https://extapps2.oge.gov/201/Presiden.nsf/PAS+Index/405E4EC4E27BE8D185258DF7002DD1C0/$FILE/Trump,%20Donald%20J.-05.08.2026-278T(2).pdf"
2026-03-18,purchase,BOSTON SCIENTIFIC CORP,"$100,001 - $250,000",False,7,"https://extapps2.oge.gov/201/Presiden.nsf/PAS+Index/405E4EC4E27BE8D185258DF7002DD1C0/$FILE/Trump,%20Donald%20J.-05.08.2026-278T(2).pdf"
2026-02-10,purchase,TE CONNECTIVITY PLC ORO SHS,"$100,001 - $250,000",False,7,"https://extapps2.oge.gov/201/Presiden.nsf/PAS+Index/405E4EC4E27BE8D185258DF7002DD1C0/$FILE/Trump,%20Donald%20J.-05.08.2026-278T(2).pdf"
2026-03-04,purchase,STATE STRT CONS DSRY SLT SE SP ETF JV,"$100,001 - $250,000",False,7,"https://extapps2.oge.gov/201/Presiden.nsf/PAS+Index/405E4EC4E27BE8D185258DF7002DD1C0/$FILE/Trump,%20Donald%20J.-05.08.2026-278T(2).pdf"
2026-03-10,purchase,STATE STREET ENERGY SELECT SECTOR SPDR ETF,"$100,001 - $250,000",False,7,"https://extapps2.oge.gov/201/Presiden.nsf/PAS+Index/405E4EC4E27BE8D185258DF7002DD1C0/$FILE/Trump,%20Donald%20J.-05.08.2026-278T(2).pdf"
2026-03-21,purchase,1B0 LILLY ELI & CO UNSOLICITED,"$100,001 - $250,000",True,7,"https://extapps2.oge.gov/201/Presiden.nsf/PAS+Index/405E4EC4E27BE8D185258DF7002DD1C0/$FILE/Trump,%20Donald%20J.-05.08.2026-278T(2).pdf"
2026-03-25,purchase,MICROSOFT CORP UNSOLICITED,"$100,001 - $250,000",False,7,"https://extapps2.oge.gov/201/Presiden.nsf/PAS+Index/405E4EC4E27BE8D185258DF7002DD1C0/$FILE/Trump,%20Donald%20J.-05.08.2026-278T(2).pdf"
2026-01-06,purchase,AON PLC SHS CL A,"$100,001 - $250,000",False,7,"https://extapps2.oge.gov/201/Presiden.nsf/PAS+Index/405E4EC4E27BE8D185258DF7002DD1C0/$FILE/Trump,%20Donald%20J.-05.08.2026-278T(2).pdf"
2026-01-13,purchase,MOTOROLA SOLUTIONS INC,"$100,001 - $250,000",False,7,"https://extapps2.oge.gov/201/Presiden.nsf/PAS+Index/405E4EC4E27BE8D185258DF7002DD1C0/$FILE/Trump,%20Donald%20J.-05.08.2026-278T(2).pdf"
2026-02-12,purchase,WORKDAY INC CLASS A,"$100,001 - $250,000",True,7,"https://extapps2.oge.gov/201/Presiden.nsf/PAS+Index/405E4EC4E27BE8D185258DF7002DD1C0/$FILE/Trump,%20Donald%20J.-05.08.2026-278T(2).pdf"
2026-01-29,purchase,STATE STRT CONS DSRY SLT SE SP ETF JV,"$100,001 - $250,000",False,7,"https://extapps2.oge.gov/201/Presiden.nsf/PAS+Index/405E4EC4E27BE8D185258DF7002DD1C0/$FILE/Trump,%20Donald%20J.-05.08.2026-278T(2).pdf"
2026-03-17,purchase,Pa=•• Hldos Inc,"$100,001 - $250,000",False,7,"https://extapps2.oge.gov/201/Presiden.nsf/PAS+Index/405E4EC4E27BE8D185258DF7002DD1C0/$FILE/Trump,%20Donald%20J.-05.08.2026-278T(2).pdf"
2026-02-10,purchase,SMURFIT WESTROCK PLC SHS,"$100,001 - $250,000",False,7,"https://extapps2.oge.gov/201/Presiden.nsf/PAS+Index/405E4EC4E27BE8D185258DF7002DD1C0/$FILE/Trump,%20Donald%20J.-05.08.2026-278T(2).pdf"
2026-03-18,purchase,MARSH & MCLENNAN COS INC,"$100,001 - $250,000",False,7,"https://extapps2.oge.gov/201/Presiden.nsf/PAS+Index/405E4EC4E27BE8D185258DF7002DD1C0/$FILE/Trump,%20Donald%20J.-05.08.2026-278T(2).pdf"
2026-03-02,purchase,APPLIED MATERIALS INC UNSOLICITED,"$100,001 - $250,000",False,7,"https://extapps2.oge.gov/201/Presiden.nsf/PAS+Index/405E4EC4E27BE8D185258DF7002DD1C0/$FILE/Trump,%20Donald%20J.-05.08.2026-278T(2).pdf"
2026-02-10,purchase,EBAY INC,"$100,001 - $250,000",False,7,"https://extapps2.oge.gov/201/Presiden.nsf/PAS+Index/405E4EC4E27BE8D185258DF7002DD1C0/$FILE/Trump,%20Donald%20J.-05.08.2026-278T(2).pdf"
2026-01-06,purchase,"Howlett Packllrd En""""""'1so Co","$100,001 - $250,000",False,7,"https://extapps2.oge.gov/201/Presiden.nsf/PAS+Index/405E4EC4E27BE8D185258DF7002DD1C0/$FILE/Trump,%20Donald%20J.-05.08.2026-278T(2).pdf"
2026-01-06,purchase,ALEXANDRIA REAL ESTATE EQUITIES INC,"$100,001 - $250,000",True,8,"https://extapps2.oge.gov/201/Presiden.nsf/PAS+Index/405E4EC4E27BE8D185258DF7002DD1C0/$FILE/Trump,%20Donald%20J.-05.08.2026-278T(2).pdf"
2026-02-02,purchase,Amazon Com Inc Com Solldtod Ordor Dlscrotlon Exercised,"$100,001 - $250,000",False,8,"https://extapps2.oge.gov/201/Presiden.nsf/PAS+Index/405E4EC4E27BE8D185258DF7002DD1C0/$FILE/Trump,%20Donald%20J.-05.08.2026-278T(2).pdf"
2026-02-02,purchase,Alohabet Inc Cl A Solldted Order DllcroUon Exerdsed,"$100,001 - $250,000",False,8,"https://extapps2.oge.gov/201/Presiden.nsf/PAS+Index/405E4EC4E27BE8D185258DF7002DD1C0/$FILE/Trump,%20Donald%20J.-05.08.2026-278T(2).pdf"
2026-01-23,purchase,NETFLIX INC,"$100,001 - $250,000",False,8,"https://extapps2.oge.gov/201/Presiden.nsf/PAS+Index/405E4EC4E27BE8D185258DF7002DD1C0/$FILE/Trump,%20Donald%20J.-05.08.2026-278T(2).pdf"
2026-02-10,purchase,ROYAL CARIBBEAN GROUP,"$100,001 - $250,000",True,8,"https://extapps2.oge.gov/201/Presiden.nsf/PAS+Index/405E4EC4E27BE8D185258DF7002DD1C0/$FILE/Trump,%20Donald%20J.-05.08.2026-278T(2).pdf"
2026-02-21,purchase,Gonoral Eloc Co Com Now Solldtod Ordor Dlscrotlan Exordsad Allocoted Ordor Your Brokor Acted Aa Aoont,"$100,001 - $250,000",True,8,"https://extapps2.oge.gov/201/Presiden.nsf/PAS+Index/405E4EC4E27BE8D185258DF7002DD1C0/$FILE/Trump,%20Donald%20J.-05.08.2026-278T(2).pdf"
2026-01-06,purchase,TRIMBLE NAV LTD,"$100,001 - $250,000",True,8,"https://extapps2.oge.gov/201/Presiden.nsf/PAS+Index/405E4EC4E27BE8D185258DF7002DD1C0/$FILE/Trump,%20Donald%20J.-05.08.2026-278T(2).pdf"
2026-03-12,purchase,BERKSHIRE HATHAWAY INC NEW CL B UNSOLICITED,"$100,001 - $250,000",True,8,"https://extapps2.oge.gov/201/Presiden.nsf/PAS+Index/405E4EC4E27BE8D185258DF7002DD1C0/$FILE/Trump,%20Donald%20J.-05.08.2026-278T(2).pdf"
2026-03-18,purchase,BOOKING HLDGS INC FORWARD SPLIT WITH STOCK SPLIT SHARES,"$100,001 - $250,000",False,9,"https://extapps2.oge.gov/201/Presiden.nsf/PAS+Index/405E4EC4E27BE8D185258DF7002DD1C0/$FILE/Trump,%20Donald%20J.-05.08.2026-278T(2).pdf"
2026-03-10,purchase,STATE STREET COMMUNICATION SERVICES SELECT SECTOR SPDR ETF,"$100,001 - $250,000",True,9,"https://extapps2.oge.gov/201/Presiden.nsf/PAS+Index/405E4EC4E27BE8D185258DF7002DD1C0/$FILE/Trump,%20Donald%20J.-05.08.2026-278T(2).pdf"
2026-02-10,purchase,VISTRACORP,"$100,001 - $250,000",False,9,"https://extapps2.oge.gov/201/Presiden.nsf/PAS+Index/405E4EC4E27BE8D185258DF7002DD1C0/$FILE/Trump,%20Donald%20J.-05.08.2026-278T(2).pdf"
2026-01-06,purchase,"ULTA BEAUTY, INC","$100,001 - $250,000",False,9,"https://extapps2.oge.gov/201/Presiden.nsf/PAS+Index/405E4EC4E27BE8D185258DF7002DD1C0/$FILE/Trump,%20Donald%20J.-05.08.2026-278T(2).pdf"
2026-03-10,purchase,INVESCO aaa TR,"$100,001 - $250,000",True,9,"https://extapps2.oge.gov/201/Presiden.nsf/PAS+Index/405E4EC4E27BE8D185258DF7002DD1C0/$FILE/Trump,%20Donald%20J.-05.08.2026-278T(2).pdf"
2026-02-26,purchase,260· BOX INC CLASS A,"$100,001 - $250,000",True,9,"https://extapps2.oge.gov/201/Presiden.nsf/PAS+Index/405E4EC4E27BE8D185258DF7002DD1C0/$FILE/Trump,%20Donald%20J.-05.08.2026-278T(2).pdf"
2026-03-18,purchase,FISERV INC,"$100,001 - $250,000",False,10,"https://extapps2.oge.gov/201/Presiden.nsf/PAS+Index/405E4EC4E27BE8D185258DF7002DD1C0/$FILE/Trump,%20Donald%20J.-05.08.2026-278T(2).pdf"
2026-03-18,purchase,BLACKSTONE INC,"$100,001 - $250,000",False,10,"https://extapps2.oge.gov/201/Presiden.nsf/PAS+Index/405E4EC4E27BE8D185258DF7002DD1C0/$FILE/Trump,%20Donald%20J.-05.08.2026-278T(2).pdf"
2026-01-23,purchase,VERIZON COMMUNICATIONS INC,"$100,001 - $250,000",False,10,"https://extapps2.oge.gov/201/Presiden.nsf/PAS+Index/405E4EC4E27BE8D185258DF7002DD1C0/$FILE/Trump,%20Donald%20J.-05.08.2026-278T(2).pdf"
2026-03-17,purchase,Block. Inc,"$100,001 - $250,000",False,10,"https://extapps2.oge.gov/201/Presiden.nsf/PAS+Index/405E4EC4E27BE8D185258DF7002DD1C0/$FILE/Trump,%20Donald%20J.-05.08.2026-278T(2).pdf"
2026-03-17,purchase,REPUBLIC SVCS INC,"$100,001 - $250,000",False,10,"https://extapps2.oge.gov/201/Presiden.nsf/PAS+Index/405E4EC4E27BE8D185258DF7002DD1C0/$FILE/Trump,%20Donald%20J.-05.08.2026-278T(2).pdf"
2026-01-06,purchase,Wee en~ Grouo Inc,"$100,001 - $250,000",False,10,"https://extapps2.oge.gov/201/Presiden.nsf/PAS+Index/405E4EC4E27BE8D185258DF7002DD1C0/$FILE/Trump,%20Donald%20J.-05.08.2026-278T(2).pdf"
2026-01-12,purchase,DISNEY WALT CO,"$100,001 - $250,000",True,10,"https://extapps2.oge.gov/201/Presiden.nsf/PAS+Index/405E4EC4E27BE8D185258DF7002DD1C0/$FILE/Trump,%20Donald%20J.-05.08.2026-278T(2).pdf"
2026-02-10,purchase,KIMBERLY-CLARK CORP COM,"$100,001 - $250,000",True,10,"https://extapps2.oge.gov/201/Presiden.nsf/PAS+Index/405E4EC4E27BE8D185258DF7002DD1C0/$FILE/Trump,%20Donald%20J.-05.08.2026-278T(2).pdf"
2026-03-18,purchase,UBER TECHNOLOGIES INC,"$100,001 - $250,000",False,10,"https://extapps2.oge.gov/201/Presiden.nsf/PAS+Index/405E4EC4E27BE8D185258DF7002DD1C0/$FILE/Trump,%20Donald%20J.-05.08.2026-278T(2).pdf"
2026-03-21,purchase,COSTCO WHOLESALE CORP UNSOLICITED,"$100,001 - $250,000",True,10,"https://extapps2.oge.gov/201/Presiden.nsf/PAS+Index/405E4EC4E27BE8D185258DF7002DD1C0/$FILE/Trump,%20Donald%20J.-05.08.2026-278T(2).pdf"
2026-02-10,purchase,lntoractivo Brokors Group Inc Closa,"$100,001 - $250,000",True,10,"https://extapps2.oge.gov/201/Presiden.nsf/PAS+Index/405E4EC4E27BE8D185258DF7002DD1C0/$FILE/Trump,%20Donald%20J.-05.08.2026-278T(2).pdf"
2026-02-10,purchase,WASTE MGMT INC DEL,"$100,001 - $250,000",True,10,"https://extapps2.oge.gov/201/Presiden.nsf/PAS+Index/405E4EC4E27BE8D185258DF7002DD1C0/$FILE/Trump,%20Donald%20J.-05.08.2026-278T(2).pdf"
2026-02-12,purchase,AT&T INC,"$100,001 - $250,000",True,10,"https://extapps2.oge.gov/201/Presiden.nsf/PAS+Index/405E4EC4E27BE8D185258DF7002DD1C0/$FILE/Trump,%20Donald%20J.-05.08.2026-278T(2).pdf"
2026-01-06,purchase,CORPAY INC COM SHS,"$100,001 - $250,000",False,10,"https://extapps2.oge.gov/201/Presiden.nsf/PAS+Index/405E4EC4E27BE8D185258DF7002DD1C0/$FILE/Trump,%20Donald%20J.-05.08.2026-278T(2).pdf"
2026-01-06,purchase,COOPER COS INC COM,"$100,001 - $250,000",True,10,"https://extapps2.oge.gov/201/Presiden.nsf/PAS+Index/405E4EC4E27BE8D185258DF7002DD1C0/$FILE/Trump,%20Donald%20J.-05.08.2026-278T(2).pdf"
2026-01-06,purchase,TYLER TECHNOLOGIES INC,"$100,001 - $250,000",False,10,"https://extapps2.oge.gov/201/Presiden.nsf/PAS+Index/405E4EC4E27BE8D185258DF7002DD1C0/$FILE/Trump,%20Donald%20J.-05.08.2026-278T(2).pdf"
2026-01-12,purchase,ABBOTT LABS,"$100,001 - $250,000",False,10,"https://extapps2.oge.gov/201/Presiden.nsf/PAS+Index/405E4EC4E27BE8D185258DF7002DD1C0/$FILE/Trump,%20Donald%20J.-05.08.2026-278T(2).pdf"
2026-03-12,purchase,META PLATFORMS INC CL A UNSOLICITED,"$100,001 - $250,000",False,10,"https://extapps2.oge.gov/201/Presiden.nsf/PAS+Index/405E4EC4E27BE8D185258DF7002DD1C0/$FILE/Trump,%20Donald%20J.-05.08.2026-278T(2).pdf"
2026-02-10,purchase,QNITY ELECTRONICS INC COMMON STOCK,"$100,001 - $250,000",True,10,"https://extapps2.oge.gov/201/Presiden.nsf/PAS+Index/405E4EC4E27BE8D185258DF7002DD1C0/$FILE/Trump,%20Donald%20J.-05.08.2026-278T(2).pdf"
2026-01-12,purchase,MONDELEZ INTL INC CLASS A,"$100,001 - $250,000",True,11,"https://extapps2.oge.gov/201/Presiden.nsf/PAS+Index/405E4EC4E27BE8D185258DF7002DD1C0/$FILE/Trump,%20Donald%20J.-05.08.2026-278T(2).pdf"
2026-01-23,purchase,AT&T INC,"$100,001 - $250,000",False,11,"https://extapps2.oge.gov/201/Presiden.nsf/PAS+Index/405E4EC4E27BE8D185258DF7002DD1C0/$FILE/Trump,%20Donald%20J.-05.08.2026-278T(2).pdf"
2026-03-18,purchase,SERVICENOW INC,"$100,001 - $250,000",False,11,"https://extapps2.oge.gov/201/Presiden.nsf/PAS+Index/405E4EC4E27BE8D185258DF7002DD1C0/$FILE/Trump,%20Donald%20J.-05.08.2026-278T(2).pdf"
2026-03-21,purchase,CISCO SYSTEMS INC UNSOLICITED,"$100,001 - $250,000",True,11,"https://extapps2.oge.gov/201/Presiden.nsf/PAS+Index/405E4EC4E27BE8D185258DF7002DD1C0/$FILE/Trump,%20Donald%20J.-05.08.2026-278T(2).pdf"
2026-03-21,purchase,EXXON MOBIL CORP UNSOLICITED,"$100,001 - $250,000",True,11,"https://extapps2.oge.gov/201/Presiden.nsf/PAS+Index/405E4EC4E27BE8D185258DF7002DD1C0/$FILE/Trump,%20Donald%20J.-05.08.2026-278T(2).pdf"
2026-03-25,purchase,VERTIV HLDG CO UNSOLICITED,"$100,001 - $250,000",False,11,"https://extapps2.oge.gov/201/Presiden.nsf/PAS+Index/405E4EC4E27BE8D185258DF7002DD1C0/$FILE/Trump,%20Donald%20J.-05.08.2026-278T(2).pdf"
2026-03-10,purchase,STATE STREET FINANCIAL SELECT SECTOR SPDR ETF,"$100,001 - $250,000",False,11,"https://extapps2.oge.gov/201/Presiden.nsf/PAS+Index/405E4EC4E27BE8D185258DF7002DD1C0/$FILE/Trump,%20Donald%20J.-05.08.2026-278T(2).pdf"
2026-03-17,purchase,NVIDIA CORP,"$100,001 - $250,000",False,11,"https://extapps2.oge.gov/201/Presiden.nsf/PAS+Index/405E4EC4E27BE8D185258DF7002DD1C0/$FILE/Trump,%20Donald%20J.-05.08.2026-278T(2).pdf"
2026-02-10,purchase,ALPHABET INC CAP STI< CL A,"$100,001 - $250,000",True,11,"https://extapps2.oge.gov/201/Presiden.nsf/PAS+Index/405E4EC4E27BE8D185258DF7002DD1C0/$FILE/Trump,%20Donald%20J.-05.08.2026-278T(2).pdf"
2026-03-21,purchase,CADENCE DESIGN SYSTEM UNSOLICITED,"$100,001 - $250,000",True,11,"https://extapps2.oge.gov/201/Presiden.nsf/PAS+Index/405E4EC4E27BE8D185258DF7002DD1C0/$FILE/Trump,%20Donald%20J.-05.08.2026-278T(2).pdf"
2026-02-10,purchase,NEWS CORP NEW,"$100,001 - $250,000",True,11,"https://extapps2.oge.gov/201/Presiden.nsf/PAS+Index/405E4EC4E27BE8D185258DF7002DD1C0/$FILE/Trump,%20Donald%20J.-05.08.2026-278T(2).pdf"
2026-01-12,purchase,EATON CORP PLC F,"$100,001 - $250,000",True,11,"https://extapps2.oge.gov/201/Presiden.nsf/PAS+Index/405E4EC4E27BE8D185258DF7002DD1C0/$FILE/Trump,%20Donald%20J.-05.08.2026-278T(2).pdf"
2026-03-02,purchase,ANALOG DEVICES INC UNSOLICITED,"$100,001 - $250,000",False,12,"https://extapps2.oge.gov/201/Presiden.nsf/PAS+Index/405E4EC4E27BE8D185258DF7002DD1C0/$FILE/Trump,%20Donald%20J.-05.08.2026-278T(2).pdf"
2026-02-24,purchase,BOOKING HLDGS INC,"$100,001 - $250,000",False,12,"https://extapps2.oge.gov/201/Presiden.nsf/PAS+Index/405E4EC4E27BE8D185258DF7002DD1C0/$FILE/Trump,%20Donald%20J.-05.08.2026-278T(2).pdf"
2026-02-12,purchase,ZSCALERINC,"$100,001 - $250,000",False,12,"https://extapps2.oge.gov/201/Presiden.nsf/PAS+Index/405E4EC4E27BE8D185258DF7002DD1C0/$FILE/Trump,%20Donald%20J.-05.08.2026-278T(2).pdf"
2026-02-12,purchase,KKR&COINC,"$100,001 - $250,000",False,12,"https://extapps2.oge.gov/201/Presiden.nsf/PAS+Index/405E4EC4E27BE8D185258DF7002DD1C0/$FILE/Trump,%20Donald%20J.-05.08.2026-278T(2).pdf"
2026-03-10,purchase,ISHARES CORE MSCI PACIFIC ETF,"$100,001 - $250,000",True,12,"https://extapps2.oge.gov/201/Presiden.nsf/PAS+Index/405E4EC4E27BE8D185258DF7002DD1C0/$FILE/Trump,%20Donald%20J.-05.08.2026-278T(2).pdf"
2026-01-06,purchase,AMAZON COM INC,"$100,001 - $250,000",False,12,"https://extapps2.oge.gov/201/Presiden.nsf/PAS+Index/405E4EC4E27BE8D185258DF7002DD1C0/$FILE/Trump,%20Donald%20J.-05.08.2026-278T(2).pdf"
2026-03-23,purchase,JPMORGAN CHASE & CO UNSOLICITED,"$100,001 - $250,000",True,12,"https://extapps2.oge.gov/201/Presiden.nsf/PAS+Index/405E4EC4E27BE8D185258DF7002DD1C0/$FILE/Trump,%20Donald%20J.-05.08.2026-278T(2).pdf"
2026-01-12,purchase,CHEVRON CORP NEW,"$100,001 - $250,000",False,12,"https://extapps2.oge.gov/201/Presiden.nsf/PAS+Index/405E4EC4E27BE8D185258DF7002DD1C0/$FILE/Trump,%20Donald%20J.-05.08.2026-278T(2).pdf"
2026-01-23,purchase,UNITEDHEALTH GROUP INC,"$100,001 - $250,000",True,12,"https://extapps2.oge.gov/201/Presiden.nsf/PAS+Index/405E4EC4E27BE8D185258DF7002DD1C0/$FILE/Trump,%20Donald%20J.-05.08.2026-278T(2).pdf"
2026-03-10,purchase,STATE STREET CONSUMER STAPLES SELECT SECTOR SPDR ETF,"$100,001 - $250,000",True,12,"https://extapps2.oge.gov/201/Presiden.nsf/PAS+Index/405E4EC4E27BE8D185258DF7002DD1C0/$FILE/Trump,%20Donald%20J.-05.08.2026-278T(2).pdf"
2026-02-26,purchase,WAYSTAR HLDG CORP,"$100,001 - $250,000",True,12,"https://extapps2.oge.gov/201/Presiden.nsf/PAS+Index/405E4EC4E27BE8D185258DF7002DD1C0/$FILE/Trump,%20Donald%20J.-05.08.2026-278T(2).pdf"
2026-02-26,purchase,KORN FERRY,"$100,001 - $250,000",True,12,"https://extapps2.oge.gov/201/Presiden.nsf/PAS+Index/405E4EC4E27BE8D185258DF7002DD1C0/$FILE/Trump,%20Donald%20J.-05.08.2026-278T(2).pdf"
2026-03-14,purchase,!SHARES CORE MSCI INTRL DVLP MKT ETF,"$100,001 - $250,000",True,12,"https://extapps2.oge.gov/201/Presiden.nsf/PAS+Index/405E4EC4E27BE8D185258DF7002DD1C0/$FILE/Trump,%20Donald%20J.-05.08.2026-278T(2).pdf"
2026-03-02,purchase,JOHNSON & JOHNSON COM UNSOLICITED,"$100,001 - $250,000",False,12,"https://extapps2.oge.gov/201/Presiden.nsf/PAS+Index/405E4EC4E27BE8D185258DF7002DD1C0/$FILE/Trump,%20Donald%20J.-05.08.2026-278T(2).pdf"
2026-01-06,purchase,GRAINGER WW INC COM,"$100,001 - $250,000",True,12,"https://extapps2.oge.gov/201/Presiden.nsf/PAS+Index/405E4EC4E27BE8D185258DF7002DD1C0/$FILE/Trump,%20Donald%20J.-05.08.2026-278T(2).pdf"
2026-01-26,purchase,VERSANT MEDIA GROUP INC,"$100,001 - $250,000",True,12,"https://extapps2.oge.gov/201/Presiden.nsf/PAS+Index/405E4EC4E27BE8D185258DF7002DD1C0/$FILE/Trump,%20Donald%20J.-05.08.2026-278T(2).pdf"
2026-01-06,purchase,UNITED PARCEL SERVICE INC,"$100,001 - $250,000",False,12,"https://extapps2.oge.gov/201/Presiden.nsf/PAS+Index/405E4EC4E27BE8D185258DF7002DD1C0/$FILE/Trump,%20Donald%20J.-05.08.2026-278T(2).pdf"
2026-01-06,purchase,VERTEX PHARMACEUTICALS INC,"$50,001 - $100,000",True,13,"https://extapps2.oge.gov/201/Presiden.nsf/PAS+Index/405E4EC4E27BE8D185258DF7002DD1C0/$FILE/Trump,%20Donald%20J.-05.08.2026-278T(2).pdf"
2026-03-18,purchase,NVR INC,"$50,001 - $100,000",False,13,"https://extapps2.oge.gov/201/Presiden.nsf/PAS+Index/405E4EC4E27BE8D185258DF7002DD1C0/$FILE/Trump,%20Donald%20J.-05.08.2026-278T(2).pdf"
2026-03-21,purchase,SYNOPSYS INC UNSOLICITED,"$50,001 - $100,000",True,13,"https://extapps2.oge.gov/201/Presiden.nsf/PAS+Index/405E4EC4E27BE8D185258DF7002DD1C0/$FILE/Trump,%20Donald%20J.-05.08.2026-278T(2).pdf"
2026-01-06,purchase,SYNOPSYS INC COM,"$50,001 - $100,000",True,13,"https://extapps2.oge.gov/201/Presiden.nsf/PAS+Index/405E4EC4E27BE8D185258DF7002DD1C0/$FILE/Trump,%20Donald%20J.-05.08.2026-278T(2).pdf"
2026-03-18,purchase,DOORDASH INC CLASS A,"$50,001 - $100,000",False,13,"https://extapps2.oge.gov/201/Presiden.nsf/PAS+Index/405E4EC4E27BE8D185258DF7002DD1C0/$FILE/Trump,%20Donald%20J.-05.08.2026-278T(2).pdf"
2026-02-12,purchase,BENTLEY SYS INC CLASS B,"$50,001 - $100,000",True,13,"https://extapps2.oge.gov/201/Presiden.nsf/PAS+Index/405E4EC4E27BE8D185258DF7002DD1C0/$FILE/Trump,%20Donald%20J.-05.08.2026-278T(2).pdf"
2026-03-02,purchase,PALANTIR TECHNOLOGIES INC CL A UNSOLICITED,"$50,001 - $100,000",False,13,"https://extapps2.oge.gov/201/Presiden.nsf/PAS+Index/405E4EC4E27BE8D185258DF7002DD1C0/$FILE/Trump,%20Donald%20J.-05.08.2026-278T(2).pdf"
2026-03-04,purchase,!SHARES CRRNCY HOG MSC! EURZN ETF,"$50,001 - $100,000",False,13,"https://extapps2.oge.gov/201/Presiden.nsf/PAS+Index/405E4EC4E27BE8D185258DF7002DD1C0/$FILE/Trump,%20Donald%20J.-05.08.2026-278T(2).pdf"
2026-01-06,purchase,TRANSDIGM GROUP INC,"$50,001 - $100,000",True,13,"https://extapps2.oge.gov/201/Presiden.nsf/PAS+Index/405E4EC4E27BE8D185258DF7002DD1C0/$FILE/Trump,%20Donald%20J.-05.08.2026-278T(2).pdf"
2026-03-17,purchase,WILLIAMS SONOMA INC COM,"$50,001 - $100,000",False,13,"https://extapps2.oge.gov/201/Presiden.nsf/PAS+Index/405E4EC4E27BE8D185258DF7002DD1C0/$FILE/Trump,%20Donald%20J.-05.08.2026-278T(2).pdf"
2026-02-12,purchase,MORNINGSTAR INC,"$50,001 - $100,000",True,13,"https://extapps2.oge.gov/201/Presiden.nsf/PAS+Index/405E4EC4E27BE8D185258DF7002DD1C0/$FILE/Trump,%20Donald%20J.-05.08.2026-278T(2).pdf"
2026-03-23,purchase,RITHM CAPITAL CORP REIT,"$50,001 - $100,000",False,13,"https://extapps2.oge.gov/201/Presiden.nsf/PAS+Index/405E4EC4E27BE8D185258DF7002DD1C0/$FILE/Trump,%20Donald%20J.-05.08.2026-278T(2).pdf"
2026-02-12,purchase,T-MOBILE US INC,"$50,001 - $100,000",True,13,"https://extapps2.oge.gov/201/Presiden.nsf/PAS+Index/405E4EC4E27BE8D185258DF7002DD1C0/$FILE/Trump,%20Donald%20J.-05.08.2026-278T(2).pdf"
2026-03-30,purchase,MIRION TECHNOLOGIES INC CLASS A,"$50,001 - $100,000",False,13,"https://extapps2.oge.gov/201/Presiden.nsf/PAS+Index/405E4EC4E27BE8D185258DF7002DD1C0/$FILE/Trump,%20Donald%20J.-05.08.2026-278T(2).pdf"
2026-02-12,purchase,ARES MGMT CORP CLASS A,"$50,001 - $100,000",False,13,"https://extapps2.oge.gov/201/Presiden.nsf/PAS+Index/405E4EC4E27BE8D185258DF7002DD1C0/$FILE/Trump,%20Donald%20J.-05.08.2026-278T(2).pdf"
2026-01-12,purchase,GODAODY INC CLASS A,"$50,001 - $100,000",True,13,"https://extapps2.oge.gov/201/Presiden.nsf/PAS+Index/405E4EC4E27BE8D185258DF7002DD1C0/$FILE/Trump,%20Donald%20J.-05.08.2026-278T(2).pdf"
2026-02-10,purchase,CARNIVAL CORP PAIRED CTF 1 COM CARNI,"$50,001 - $100,000",False,14,"https://extapps2.oge.gov/201/Presiden.nsf/PAS+Index/405E4EC4E27BE8D185258DF7002DD1C0/$FILE/Trump,%20Donald%20J.-05.08.2026-278T(2).pdf"
2026-02-26,purchase,ALARM COM HLDGS INC,"$50,001 - $100,000",True,14,"https://extapps2.oge.gov/201/Presiden.nsf/PAS+Index/405E4EC4E27BE8D185258DF7002DD1C0/$FILE/Trump,%20Donald%20J.-05.08.2026-278T(2).pdf"
2026-03-17,purchase,LENNOX INTL INC,"$50,001 - $100,000",False,14,"https://extapps2.oge.gov/201/Presiden.nsf/PAS+Index/405E4EC4E27BE8D185258DF7002DD1C0/$FILE/Trump,%20Donald%20J.-05.08.2026-278T(2).pdf"
2026-01-06,purchase,PINNACLE WEST CAP CORP COM,"$50,001 - $100,000",False,14,"https://extapps2.oge.gov/201/Presiden.nsf/PAS+Index/405E4EC4E27BE8D185258DF7002DD1C0/$FILE/Trump,%20Donald%20J.-05.08.2026-278T(2).pdf"
2026-01-06,purchase,STARBUCKS CORP COM,"$50,001 - $100,000",False,14,"https://extapps2.oge.gov/201/Presiden.nsf/PAS+Index/405E4EC4E27BE8D185258DF7002DD1C0/$FILE/Trump,%20Donald%20J.-05.08.2026-278T(2).pdf"
2026-03-21,purchase,AMPHENOL CORP NEW CL A UNSOLICITED,"$50,001 - $100,000",True,14,"https://extapps2.oge.gov/201/Presiden.nsf/PAS+Index/405E4EC4E27BE8D185258DF7002DD1C0/$FILE/Trump,%20Donald%20J.-05.08.2026-278T(2).pdf"
2026-03-18,purchase,FIRST FINL BANKSHARES IN,"$50,001 - $100,000",False,14,"https://extapps2.oge.gov/201/Presiden.nsf/PAS+Index/405E4EC4E27BE8D185258DF7002DD1C0/$FILE/Trump,%20Donald%20J.-05.08.2026-278T(2).pdf"
2026-03-16,purchase,SYNCHRONY FINL,"$50,001 - $100,000",False,14,"https://extapps2.oge.gov/201/Presiden.nsf/PAS+Index/405E4EC4E27BE8D185258DF7002DD1C0/$FILE/Trump,%20Donald%20J.-05.08.2026-278T(2).pdf"
2026-03-02,purchase,CATERPILLAR INC UNSOLICITED,"$50,001 - $100,000",False,15,"https://extapps2.oge.gov/201/Presiden.nsf/PAS+Index/405E4EC4E27BE8D185258DF7002DD1C0/$FILE/Trump,%20Donald%20J.-05.08.2026-278T(2).pdf"
2026-03-30,purchase,STEPSTONE GROUP INC CLASS A,"$50,001 - $100,000",False,15,"https://extapps2.oge.gov/201/Presiden.nsf/PAS+Index/405E4EC4E27BE8D185258DF7002DD1C0/$FILE/Trump,%20Donald%20J.-05.08.2026-278T(2).pdf"
2026-03-02,purchase,ON SEMICONDUCTOR CORP UNSOLICITED,"$50,001 - $100,000",False,15,"https://extapps2.oge.gov/201/Presiden.nsf/PAS+Index/405E4EC4E27BE8D185258DF7002DD1C0/$FILE/Trump,%20Donald%20J.-05.08.2026-278T(2).pdf"
2026-03-25,purchase,CIENA CORP NEW UNSOLICITED,"$50,001 - $100,000",False,15,"https://extapps2.oge.gov/201/Presiden.nsf/PAS+Index/405E4EC4E27BE8D185258DF7002DD1C0/$FILE/Trump,%20Donald%20J.-05.08.2026-278T(2).pdf"
2026-01-12,purchase,COSTAR GROUP INC,"$50,001 - $100,000",False,15,"https://extapps2.oge.gov/201/Presiden.nsf/PAS+Index/405E4EC4E27BE8D185258DF7002DD1C0/$FILE/Trump,%20Donald%20J.-05.08.2026-278T(2).pdf"
2026-02-10,purchase,BALL CORP,"$50,001 - $100,000",False,16,"https://extapps2.oge.gov/201/Presiden.nsf/PAS+Index/405E4EC4E27BE8D185258DF7002DD1C0/$FILE/Trump,%20Donald%20J.-05.08.2026-278T(2).pdf"
2026-03-04,purchase,STATE STRT INDSTL SLCT SCTR SPDR ETF,"$50,001 - $100,000",False,16,"https://extapps2.oge.gov/201/Presiden.nsf/PAS+Index/405E4EC4E27BE8D185258DF7002DD1C0/$FILE/Trump,%20Donald%20J.-05.08.2026-278T(2).pdf"
2026-03-02,purchase,AUTODESK INC UNSOLICITED,"$50,001 - $100,000",False,16,"https://extapps2.oge.gov/201/Presiden.nsf/PAS+Index/405E4EC4E27BE8D185258DF7002DD1C0/$FILE/Trump,%20Donald%20J.-05.08.2026-278T(2).pdf"
2028-03-21,purchase,PROCTER & GAMBLE CO UNSOLICITED,"$50,001 - $100,000",True,17,"https://extapps2.oge.gov/201/Presiden.nsf/PAS+Index/405E4EC4E27BE8D185258DF7002DD1C0/$FILE/Trump,%20Donald%20J.-05.08.2026-278T(2).pdf"
2026-01-06,purchase,AKAMAITECHNOLOGIES INC,"$50,001 - $100,000",False,17,"https://extapps2.oge.gov/201/Presiden.nsf/PAS+Index/405E4EC4E27BE8D185258DF7002DD1C0/$FILE/Trump,%20Donald%20J.-05.08.2026-278T(2).pdf"
2026-03-23,purchase,JABIL INC UNSOLICITED,"$50,001 - $100,000",False,17,"https://extapps2.oge.gov/201/Presiden.nsf/PAS+Index/405E4EC4E27BE8D185258DF7002DD1C0/$FILE/Trump,%20Donald%20J.-05.08.2026-278T(2).pdf"
2026-02-12,purchase,STRATEGY INC CLASS A,"$50,001 - $100,000",False,17,"https://extapps2.oge.gov/201/Presiden.nsf/PAS+Index/405E4EC4E27BE8D185258DF7002DD1C0/$FILE/Trump,%20Donald%20J.-05.08.2026-278T(2).pdf"
2028-01-12,purchase,SOUTl1ERN CO,"$50,001 - $100,000",False,17,"https://extapps2.oge.gov/201/Presiden.nsf/PAS+Index/405E4EC4E27BE8D185258DF7002DD1C0/$FILE/Trump,%20Donald%20J.-05.08.2026-278T(2).pdf"
2026-02-12,purchase,BRIGHT HORIZONS FAMILY S,"$50,001 - $100,000",True,18,"https://extapps2.oge.gov/201/Presiden.nsf/PAS+Index/405E4EC4E27BE8D185258DF7002DD1C0/$FILE/Trump,%20Donald%20J.-05.08.2026-278T(2).pdf"
2026-02-12,purchase,DRAFTI<INGS INC NEW CLASS A,"$50,001 - $100,000",False,18,"https://extapps2.oge.gov/201/Presiden.nsf/PAS+Index/405E4EC4E27BE8D185258DF7002DD1C0/$FILE/Trump,%20Donald%20J.-05.08.2026-278T(2).pdf"
2028-03-30,purchase,GRIFFON CORP,"$50,001 - $100,000",False,18,"https://extapps2.oge.gov/201/Presiden.nsf/PAS+Index/405E4EC4E27BE8D185258DF7002DD1C0/$FILE/Trump,%20Donald%20J.-05.08.2026-278T(2).pdf"
2026-03-30,purchase,ALKERMES PLC F,"$50,001 - $100,000",False,18,"https://extapps2.oge.gov/201/Presiden.nsf/PAS+Index/405E4EC4E27BE8D185258DF7002DD1C0/$FILE/Trump,%20Donald%20J.-05.08.2026-278T(2).pdf"
2026-01-06,purchase,PG&E CORP,"$50,001 - $100,000",True,18,"https://extapps2.oge.gov/201/Presiden.nsf/PAS+Index/405E4EC4E27BE8D185258DF7002DD1C0/$FILE/Trump,%20Donald%20J.-05.08.2026-278T(2).pdf"
2026-03-18,purchase,FLOOR & DECOR HLDGS INC CLASS A,"$50,001 - $100,000",False,18,"https://extapps2.oge.gov/201/Presiden.nsf/PAS+Index/405E4EC4E27BE8D185258DF7002DD1C0/$FILE/Trump,%20Donald%20J.-05.08.2026-278T(2).pdf"
2026-03-04,purchase,ESSENTIAL PPTYS RLT Y TR REIT,"$50,001 - $100,000",False,18,"https://extapps2.oge.gov/201/Presiden.nsf/PAS+Index/405E4EC4E27BE8D185258DF7002DD1C0/$FILE/Trump,%20Donald%20J.-05.08.2026-278T(2).pdf"
2026-02-12,purchase,NUTANIX INC CLASS A,"$50,001 - $100,000",True,18,"https://extapps2.oge.gov/201/Presiden.nsf/PAS+Index/405E4EC4E27BE8D185258DF7002DD1C0/$FILE/Trump,%20Donald%20J.-05.08.2026-278T(2).pdf"
2026-03-18,purchase,TREXCOINC,"$50,001 - $100,000",False,18,"https://extapps2.oge.gov/201/Presiden.nsf/PAS+Index/405E4EC4E27BE8D185258DF7002DD1C0/$FILE/Trump,%20Donald%20J.-05.08.2026-278T(2).pdf"
2026-03-17,purchase,APPLE INC,"$50,001 - $100,000",False,18,"https://extapps2.oge.gov/201/Presiden.nsf/PAS+Index/405E4EC4E27BE8D185258DF7002DD1C0/$FILE/Trump,%20Donald%20J.-05.08.2026-278T(2).pdf"
2026-03-30,purchase,SPSCOMMINC,"$50,001 - $100,000",False,18,"https://extapps2.oge.gov/201/Presiden.nsf/PAS+Index/405E4EC4E27BE8D185258DF7002DD1C0/$FILE/Trump,%20Donald%20J.-05.08.2026-278T(2).pdf"
2026-03-23,purchase,CHEVRON CORP UNSOLICITED,"$50,001 - $100,000",False,18,"https://extapps2.oge.gov/201/Presiden.nsf/PAS+Index/405E4EC4E27BE8D185258DF7002DD1C0/$FILE/Trump,%20Donald%20J.-05.08.2026-278T(2).pdf"
2026-03-30,purchase,RITHM CAPITAL CORP REIT,"$50,001 - $100,000",True,18,"https://extapps2.oge.gov/201/Presiden.nsf/PAS+Index/405E4EC4E27BE8D185258DF7002DD1C0/$FILE/Trump,%20Donald%20J.-05.08.2026-278T(2).pdf"
2026-03-17,purchase,VISTRACORP,"$50,001 - $100,000",True,19,"https://extapps2.oge.gov/201/Presiden.nsf/PAS+Index/405E4EC4E27BE8D185258DF7002DD1C0/$FILE/Trump,%20Donald%20J.-05.08.2026-278T(2).pdf"
2026-01-12,purchase,ONEOK INC NEW,"$50,001 - $100,000",True,19,"https://extapps2.oge.gov/201/Presiden.nsf/PAS+Index/405E4EC4E27BE8D185258DF7002DD1C0/$FILE/Trump,%20Donald%20J.-05.08.2026-278T(2).pdf"
2026-03-17,purchase,PROCTER & GAMBLE CO,"$50,001 - $100,000",True,19,"https://extapps2.oge.gov/201/Presiden.nsf/PAS+Index/405E4EC4E27BE8D185258DF7002DD1C0/$FILE/Trump,%20Donald%20J.-05.08.2026-278T(2).pdf"
2026-03-21,purchase,MOTOROLA SOLUTIONS INC UNSOLICITED,"$50,001 - $100,000",True,19,"https://extapps2.oge.gov/201/Presiden.nsf/PAS+Index/405E4EC4E27BE8D185258DF7002DD1C0/$FILE/Trump,%20Donald%20J.-05.08.2026-278T(2).pdf"
2026-02-12,purchase,DOXIMITV INC CLASS A,"$50,001 - $100,000",True,19,"https://extapps2.oge.gov/201/Presiden.nsf/PAS+Index/405E4EC4E27BE8D185258DF7002DD1C0/$FILE/Trump,%20Donald%20J.-05.08.2026-278T(2).pdf"
2026-03-18,purchase,REVVITVINC,"$50,001 - $100,000",True,19,"https://extapps2.oge.gov/201/Presiden.nsf/PAS+Index/405E4EC4E27BE8D185258DF7002DD1C0/$FILE/Trump,%20Donald%20J.-05.08.2026-278T(2).pdf"
2026-03-30,purchase,ARTISAN PARTNERS ASSET M CLASS A,"$50,001 - $100,000",True,19,"https://extapps2.oge.gov/201/Presiden.nsf/PAS+Index/405E4EC4E27BE8D185258DF7002DD1C0/$FILE/Trump,%20Donald%20J.-05.08.2026-278T(2).pdf"
2026-02-10,purchase,ON SEMICONDUCTOR CORP,"$50,001 - $100,000",False,19,"https://extapps2.oge.gov/201/Presiden.nsf/PAS+Index/405E4EC4E27BE8D185258DF7002DD1C0/$FILE/Trump,%20Donald%20J.-05.08.2026-278T(2).pdf"
2026-02-12,purchase,ELASTIC NVF,"$50,001 - $100,000",True,19,"https://extapps2.oge.gov/201/Presiden.nsf/PAS+Index/405E4EC4E27BE8D185258DF7002DD1C0/$FILE/Trump,%20Donald%20J.-05.08.2026-278T(2).pdf"
2026-02-28,purchase,EVERTEC INC F,"$50,001 - $100,000",False,20,"https://extapps2.oge.gov/201/Presiden.nsf/PAS+Index/405E4EC4E27BE8D185258DF7002DD1C0/$FILE/Trump,%20Donald%20J.-05.08.2026-278T(2).pdf"
2026-03-30,purchase,DNOWINC,"$50,001 - $100,000",False,20,"https://extapps2.oge.gov/201/Presiden.nsf/PAS+Index/405E4EC4E27BE8D185258DF7002DD1C0/$FILE/Trump,%20Donald%20J.-05.08.2026-278T(2).pdf"
2028-03-18,purchase,CORPAYINC,"$50,001 - $100,000",False,20,"https://extapps2.oge.gov/201/Presiden.nsf/PAS+Index/405E4EC4E27BE8D185258DF7002DD1C0/$FILE/Trump,%20Donald%20J.-05.08.2026-278T(2).pdf"
2026-03-23,purchase,Kl.A CORP UNSOLICITED,"$50,001 - $100,000",False,20,"https://extapps2.oge.gov/201/Presiden.nsf/PAS+Index/405E4EC4E27BE8D185258DF7002DD1C0/$FILE/Trump,%20Donald%20J.-05.08.2026-278T(2).pdf"
2026-03-18,purchase,THE CAMPBELL'S CO,"$50,001 - $100,000",True,20,"https://extapps2.oge.gov/201/Presiden.nsf/PAS+Index/405E4EC4E27BE8D185258DF7002DD1C0/$FILE/Trump,%20Donald%20J.-05.08.2026-278T(2).pdf"
2026-03-23,purchase,LAM RESEARCH CORP UNSOLICITED,"$50,001 - $100,000",False,21,"https://extapps2.oge.gov/201/Presiden.nsf/PAS+Index/405E4EC4E27BE8D185258DF7002DD1C0/$FILE/Trump,%20Donald%20J.-05.08.2026-278T(2).pdf"
2026-03-11,purchase,MONOLITHIC POWER SYSTEMS INC UNSOLICITED,"$50,001 - $100,000",False,21,"https://extapps2.oge.gov/201/Presiden.nsf/PAS+Index/405E4EC4E27BE8D185258DF7002DD1C0/$FILE/Trump,%20Donald%20J.-05.08.2026-278T(2).pdf"
2026-03-04,purchase,ARCOSAINC,"$50,001 - $100,000",False,21,"https://extapps2.oge.gov/201/Presiden.nsf/PAS+Index/405E4EC4E27BE8D185258DF7002DD1C0/$FILE/Trump,%20Donald%20J.-05.08.2026-278T(2).pdf"
2026-02-02,purchase,APELLIS PHARMACEUTICALS,"$15,001 - $50,000",False,21,"https://extapps2.oge.gov/201/Presiden.nsf/PAS+Index/405E4EC4E27BE8D185258DF7002DD1C0/$FILE/Trump,%20Donald%20J.-05.08.2026-278T(2).pdf"
2028-03-10,purchase,VANGUARD INTERMEDIATE-TERM CORPORATE BOND INDEX FUN,"$15,001 - $50,000",False,21,"https://extapps2.oge.gov/201/Presiden.nsf/PAS+Index/405E4EC4E27BE8D185258DF7002DD1C0/$FILE/Trump,%20Donald%20J.-05.08.2026-278T(2).pdf"
2028-03-30,purchase,UPWORKINC,"$15,001 - $50,000",False,21,"https://extapps2.oge.gov/201/Presiden.nsf/PAS+Index/405E4EC4E27BE8D185258DF7002DD1C0/$FILE/Trump,%20Donald%20J.-05.08.2026-278T(2).pdf"
2028-03-04,purchase,SERVISFIRST BANCSHARES,"$15,001 - $50,000",False,21,"https://extapps2.oge.gov/201/Presiden.nsf/PAS+Index/405E4EC4E27BE8D185258DF7002DD1C0/$FILE/Trump,%20Donald%20J.-05.08.2026-278T(2).pdf"
2026-03-04,purchase,BLACKSTONE MTG TR INC REIT,"$15,001 - $50,000",False,22,"https://extapps2.oge.gov/201/Presiden.nsf/PAS+Index/405E4EC4E27BE8D185258DF7002DD1C0/$FILE/Trump,%20Donald%20J.-05.08.2026-278T(2).pdf"
2026-01-12,purchase,U HAUL HOLDING NON VOTIN CLASS SERIES N,"$15,001 - $50,000",False,23,"https://extapps2.oge.gov/201/Presiden.nsf/PAS+Index/405E4EC4E27BE8D185258DF7002DD1C0/$FILE/Trump,%20Donald%20J.-05.08.2026-278T(2).pdf"
2026-03-25,purchase,LINDE PLC NEW EUR UNSOLICITED,"$15,001 - $50,000",False,23,"https://extapps2.oge.gov/201/Presiden.nsf/PAS+Index/405E4EC4E27BE8D185258DF7002DD1C0/$FILE/Trump,%20Donald%20J.-05.08.2026-278T(2).pdf"
2026-03-17,purchase,MICROSOFT CORP,"$15,001 - $50,000",False,23,"https://extapps2.oge.gov/201/Presiden.nsf/PAS+Index/405E4EC4E27BE8D185258DF7002DD1C0/$FILE/Trump,%20Donald%20J.-05.08.2026-278T(2).pdf"
2026-03-25,purchase,GARMIN LTD SHS UNSOLICITED,"$15,001 - $50,000",True,23,"https://extapps2.oge.gov/201/Presiden.nsf/PAS+Index/405E4EC4E27BE8D185258DF7002DD1C0/$FILE/Trump,%20Donald%20J.-05.08.2026-278T(2).pdf"
2026-03-25,purchase,CARNIVAL CORP NEW IPAIREO STOCKI UNSOLICITED,"$15,001 - $50,000",False,23,"https://extapps2.oge.gov/201/Presiden.nsf/PAS+Index/405E4EC4E27BE8D185258DF7002DD1C0/$FILE/Trump,%20Donald%20J.-05.08.2026-278T(2).pdf"
2026-03-25,purchase,METTLER-TOLEDO INTL UNSOLICITED,"$15,001 - $50,000",False,23,"https://extapps2.oge.gov/201/Presiden.nsf/PAS+Index/405E4EC4E27BE8D185258DF7002DD1C0/$FILE/Trump,%20Donald%20J.-05.08.2026-278T(2).pdf"
2026-03-25,purchase,PFIZER INC UNSOLICITED,"$15,001 - $50,000",True,23,"https://extapps2.oge.gov/201/Presiden.nsf/PAS+Index/405E4EC4E27BE8D185258DF7002DD1C0/$FILE/Trump,%20Donald%20J.-05.08.2026-278T(2).pdf"
2026-03-11,purchase,WALMART INC UNSOLICITED,"$15,001 - $50,000",True,23,"https://extapps2.oge.gov/201/Presiden.nsf/PAS+Index/405E4EC4E27BE8D185258DF7002DD1C0/$FILE/Trump,%20Donald%20J.-05.08.2026-278T(2).pdf"
2026-03-25,purchase,MONOLITHIC POWER SYSTEMS INC UNSOLICITED,"$15,001 - $50,000",True,23,"https://extapps2.oge.gov/201/Presiden.nsf/PAS+Index/405E4EC4E27BE8D185258DF7002DD1C0/$FILE/Trump,%20Donald%20J.-05.08.2026-278T(2).pdf"
2026-03-25,purchase,QUALCOMM INC UNSOLICITED,"$15,001 - $50,000",False,23,"https://extapps2.oge.gov/201/Presiden.nsf/PAS+Index/405E4EC4E27BE8D185258DF7002DD1C0/$FILE/Trump,%20Donald%20J.-05.08.2026-278T(2).pdf"
2026-03-25,purchase,WALMART INC UNSOLICITED,"$15,001 - $50,000",False,23,"https://extapps2.oge.gov/201/Presiden.nsf/PAS+Index/405E4EC4E27BE8D185258DF7002DD1C0/$FILE/Trump,%20Donald%20J.-05.08.2026-278T(2).pdf"
2026-03-25,purchase,PHILIP MORRIS INTL INC UNSOLICITED,"$15,001 - $50,000",False,24,"https://extapps2.oge.gov/201/Presiden.nsf/PAS+Index/405E4EC4E27BE8D185258DF7002DD1C0/$FILE/Trump,%20Donald%20J.-05.08.2026-278T(2).pdf"
2026-03-25,purchase,HOME DEPOT INC UNSOLICITED,"$15,001 - $50,000",True,24,"https://extapps2.oge.gov/201/Presiden.nsf/PAS+Index/405E4EC4E27BE8D185258DF7002DD1C0/$FILE/Trump,%20Donald%20J.-05.08.2026-278T(2).pdf"
2026-03-25,purchase,VULCAN MATERIALS CO NEW (HOLDING COMPANY) UNSOLICITED,"$15,001 - $50,000",True,24,"https://extapps2.oge.gov/201/Presiden.nsf/PAS+Index/405E4EC4E27BE8D185258DF7002DD1C0/$FILE/Trump,%20Donald%20J.-05.08.2026-278T(2).pdf"
2026-03-25,purchase,DEXCOM INC UNSOLICITED,"$15,001 - $50,000",True,24,"https://extapps2.oge.gov/201/Presiden.nsf/PAS+Index/405E4EC4E27BE8D185258DF7002DD1C0/$FILE/Trump,%20Donald%20J.-05.08.2026-278T(2).pdf"
2026-02-12,purchase,UPSTART HLDGS INC,"$15,001 - $50,000",True,24,"https://extapps2.oge.gov/201/Presiden.nsf/PAS+Index/405E4EC4E27BE8D185258DF7002DD1C0/$FILE/Trump,%20Donald%20J.-05.08.2026-278T(2).pdf"
2028-03-25,purchase,SYNCHRONY FINL UNSOLICITED,"$15,001 - $50,000",True,24,"https://extapps2.oge.gov/201/Presiden.nsf/PAS+Index/405E4EC4E27BE8D185258DF7002DD1C0/$FILE/Trump,%20Donald%20J.-05.08.2026-278T(2).pdf"
2026-03-30,purchase,ITRON INC EQUITY CLASS EQUITY,"$15,001 - $50,000",False,24,"https://extapps2.oge.gov/201/Presiden.nsf/PAS+Index/405E4EC4E27BE8D185258DF7002DD1C0/$FILE/Trump,%20Donald%20J.-05.08.2026-278T(2).pdf"
2026-03-25,purchase,FISERV INC UNSOLICITED,"$15,001 - $50,000",False,24,"https://extapps2.oge.gov/201/Presiden.nsf/PAS+Index/405E4EC4E27BE8D185258DF7002DD1C0/$FILE/Trump,%20Donald%20J.-05.08.2026-278T(2).pdf"
2026-03-25,purchase,METLIFE INC UNSOLICITED,"$15,001 - $50,000",True,24,"https://extapps2.oge.gov/201/Presiden.nsf/PAS+Index/405E4EC4E27BE8D185258DF7002DD1C0/$FILE/Trump,%20Donald%20J.-05.08.2026-278T(2).pdf"
2026-02-12,purchase,VERTEX PHARMACEUTICALS,"$15,001 - $50,000",True,24,"https://extapps2.oge.gov/201/Presiden.nsf/PAS+Index/405E4EC4E27BE8D185258DF7002DD1C0/$FILE/Trump,%20Donald%20J.-05.08.2026-278T(2).pdf"
2026-03-25,purchase,OTIS WORLDWIDE CORP UNSOLICITED,"$15,001 - $50,000",False,24,"https://extapps2.oge.gov/201/Presiden.nsf/PAS+Index/405E4EC4E27BE8D185258DF7002DD1C0/$FILE/Trump,%20Donald%20J.-05.08.2026-278T(2).pdf"
2026-03-25,purchase,TKO GROUP HLDGS INC CL A UNSOLICITED,"$15,001 - $50,000",False,24,"https://extapps2.oge.gov/201/Presiden.nsf/PAS+Index/405E4EC4E27BE8D185258DF7002DD1C0/$FILE/Trump,%20Donald%20J.-05.08.2026-278T(2).pdf"
2026-03-25,purchase,AT&T INC UNSOLICITED,"$15,001 - $50,000",False,25,"https://extapps2.oge.gov/201/Presiden.nsf/PAS+Index/405E4EC4E27BE8D185258DF7002DD1C0/$FILE/Trump,%20Donald%20J.-05.08.2026-278T(2).pdf"
2026-03-25,purchase,GOLDMAN SACHS GROUP INC UNSOLICITED Ip,"$15,001 - $50,000",True,25,"https://extapps2.oge.gov/201/Presiden.nsf/PAS+Index/405E4EC4E27BE8D185258DF7002DD1C0/$FILE/Trump,%20Donald%20J.-05.08.2026-278T(2).pdf"
2026-03-02,purchase,RTX CORP UNSOLICITED,"$15,001 - $50,000",False,25,"https://extapps2.oge.gov/201/Presiden.nsf/PAS+Index/405E4EC4E27BE8D185258DF7002DD1C0/$FILE/Trump,%20Donald%20J.-05.08.2026-278T(2).pdf"
2026-03-25,purchase,WARNER BROS DISCOVERY INC UNSOLICITED,"$15,001 - $50,000",True,25,"https://extapps2.oge.gov/201/Presiden.nsf/PAS+Index/405E4EC4E27BE8D185258DF7002DD1C0/$FILE/Trump,%20Donald%20J.-05.08.2026-278T(2).pdf"
2026-03-18,purchase,ZILLOW GROUP INC CLASS C,"$15,001 - $50,000",True,25,"https://extapps2.oge.gov/201/Presiden.nsf/PAS+Index/405E4EC4E27BE8D185258DF7002DD1C0/$FILE/Trump,%20Donald%20J.-05.08.2026-278T(2).pdf"
2026-03-25,purchase,BERKSHIRE HATHAWAY INC NEW CL B UNSOLICITED,"$15,001 - $50,000",False,25,"https://extapps2.oge.gov/201/Presiden.nsf/PAS+Index/405E4EC4E27BE8D185258DF7002DD1C0/$FILE/Trump,%20Donald%20J.-05.08.2026-278T(2).pdf"
2026-03-25,purchase,APPLIED MATERIALS INC UNSOLICITED,"$15,001 - $50,000",True,25,"https://extapps2.oge.gov/201/Presiden.nsf/PAS+Index/405E4EC4E27BE8D185258DF7002DD1C0/$FILE/Trump,%20Donald%20J.-05.08.2026-278T(2).pdf"
2026-02-12,purchase,AURORA INNOVATION INC CLASS A,"$15,001 - $50,000",False,26,"https://extapps2.oge.gov/201/Presiden.nsf/PAS+Index/405E4EC4E27BE8D185258DF7002DD1C0/$FILE/Trump,%20Donald%20J.-05.08.2026-278T(2).pdf"
2026-03-04,purchase,PLEXUS CORP,"$15,001 - $50,000",True,26,"https://extapps2.oge.gov/201/Presiden.nsf/PAS+Index/405E4EC4E27BE8D185258DF7002DD1C0/$FILE/Trump,%20Donald%20J.-05.08.2026-278T(2).pdf"
2026-01-23,purchase,STARBUCKS CORP,"$15,001 - $50,000",False,26,"https://extapps2.oge.gov/201/Presiden.nsf/PAS+Index/405E4EC4E27BE8D185258DF7002DD1C0/$FILE/Trump,%20Donald%20J.-05.08.2026-278T(2).pdf"
2026-03-11,purchase,CISCO SYSTEMS INC UNSOLICITED,"$15,001 - $50,000",False,26,"https://extapps2.oge.gov/201/Presiden.nsf/PAS+Index/405E4EC4E27BE8D185258DF7002DD1C0/$FILE/Trump,%20Donald%20J.-05.08.2026-278T(2).pdf"
2026-03-18,purchase,WASTE MGMT INC DEL,"$15,001 - $50,000",False,26,"https://extapps2.oge.gov/201/Presiden.nsf/PAS+Index/405E4EC4E27BE8D185258DF7002DD1C0/$FILE/Trump,%20Donald%20J.-05.08.2026-278T(2).pdf"
2026-03-18,purchase,WATERS CORP,"$15,001 - $50,000",False,26,"https://extapps2.oge.gov/201/Presiden.nsf/PAS+Index/405E4EC4E27BE8D185258DF7002DD1C0/$FILE/Trump,%20Donald%20J.-05.08.2026-278T(2).pdf"
2026-03-16,purchase,AMERICAN INTL GROUP INC,"$15,001 - $50,000",False,27,"https://extapps2.oge.gov/201/Presiden.nsf/PAS+Index/405E4EC4E27BE8D185258DF7002DD1C0/$FILE/Trump,%20Donald%20J.-05.08.2026-278T(2).pdf"
2026-03-12,purchase,PEPSICO INC UNSOLICITED,"$15,001 - $50,000",False,28,"https://extapps2.oge.gov/201/Presiden.nsf/PAS+Index/405E4EC4E27BE8D185258DF7002DD1C0/$FILE/Trump,%20Donald%20J.-05.08.2026-278T(2).pdf"
2026-03-23,purchase,GE VERNOVA LLC COM UNSOLICITED,"$15,001 - $50,000",False,28,"https://extapps2.oge.gov/201/Presiden.nsf/PAS+Index/405E4EC4E27BE8D185258DF7002DD1C0/$FILE/Trump,%20Donald%20J.-05.08.2026-278T(2).pdf"
2026-03-23,purchase,FREEPORT-MCMORAN INC UNSOLICITED,"$15,001 - $50,000",False,28,"https://extapps2.oge.gov/201/Presiden.nsf/PAS+Index/405E4EC4E27BE8D185258DF7002DD1C0/$FILE/Trump,%20Donald%20J.-05.08.2026-278T(2).pdf"
2026-03-30,purchase,BLACKLINE INC,"$15,001 - $50,000",False,28,"https://extapps2.oge.gov/201/Presiden.nsf/PAS+Index/405E4EC4E27BE8D185258DF7002DD1C0/$FILE/Trump,%20Donald%20J.-05.08.2026-278T(2).pdf"
2026-03-23,purchase,VISTRA CORP UNSOLICITED,"$15,001 - $50,000",False,28,"https://extapps2.oge.gov/201/Presiden.nsf/PAS+Index/405E4EC4E27BE8D185258DF7002DD1C0/$FILE/Trump,%20Donald%20J.-05.08.2026-278T(2).pdf"
2026-03-23,purchase,IRON MTN INC NEW COM UNSOLICITED,"$15,001 - $50,000",False,28,"https://extapps2.oge.gov/201/Presiden.nsf/PAS+Index/405E4EC4E27BE8D185258DF7002DD1C0/$FILE/Trump,%20Donald%20J.-05.08.2026-278T(2).pdf"
2028-03-23,purchase,CUMMINS INC UNSOLICITED,"$15,001 - $50,000",False,29,"https://extapps2.oge.gov/201/Presiden.nsf/PAS+Index/405E4EC4E27BE8D185258DF7002DD1C0/$FILE/Trump,%20Donald%20J.-05.08.2026-278T(2).pdf"
2026-03-02,purchase,DATADOG INC UNSOLICITED,"$15,001 - $50,000",False,29,"https://extapps2.oge.gov/201/Presiden.nsf/PAS+Index/405E4EC4E27BE8D185258DF7002DD1C0/$FILE/Trump,%20Donald%20J.-05.08.2026-278T(2).pdf"
2028-03-23,purchase,NUCOR CORP UNSOLICITED,"$15,001 - $50,000",True,29,"https://extapps2.oge.gov/201/Presiden.nsf/PAS+Index/405E4EC4E27BE8D185258DF7002DD1C0/$FILE/Trump,%20Donald%20J.-05.08.2026-278T(2).pdf"
2026-03-23,purchase,BIO TECHNE CORP COM UNSOLICITED,"$15,001 - $50,000",False,29,"https://extapps2.oge.gov/201/Presiden.nsf/PAS+Index/405E4EC4E27BE8D185258DF7002DD1C0/$FILE/Trump,%20Donald%20J.-05.08.2026-278T(2).pdf"
2026-03-23,purchase,PAYCHEX INC UNSOLICITED,"$15,001 - $50,000",False,29,"https://extapps2.oge.gov/201/Presiden.nsf/PAS+Index/405E4EC4E27BE8D185258DF7002DD1C0/$FILE/Trump,%20Donald%20J.-05.08.2026-278T(2).pdf"
2026-03-23,purchase,PNC FINANCIAi. SERVICES GROUP UNSOLICITED,"$15,001 - $50,000",False,29,"https://extapps2.oge.gov/201/Presiden.nsf/PAS+Index/405E4EC4E27BE8D185258DF7002DD1C0/$FILE/Trump,%20Donald%20J.-05.08.2026-278T(2).pdf"
2028-03-23,purchase,TARGA RESOURCES CORP UNSOLICITED,"$15,001 - $50,000",False,30,"https://extapps2.oge.gov/201/Presiden.nsf/PAS+Index/405E4EC4E27BE8D185258DF7002DD1C0/$FILE/Trump,%20Donald%20J.-05.08.2026-278T(2).pdf"
2028-03-23,purchase,ALLSTATE CORP UNSOLICITED,"$15,001 - $50,000",True,30,"https://extapps2.oge.gov/201/Presiden.nsf/PAS+Index/405E4EC4E27BE8D185258DF7002DD1C0/$FILE/Trump,%20Donald%20J.-05.08.2026-278T(2).pdf"
2026-03-23,purchase,SCHWAB CHARLES CORP NEW UNSOLICITED,"$15,001 - $50,000",True,30,"https://extapps2.oge.gov/201/Presiden.nsf/PAS+Index/405E4EC4E27BE8D185258DF7002DD1C0/$FILE/Trump,%20Donald%20J.-05.08.2026-278T(2).pdf"
2026-03-23,purchase,MOTOROLA SOLUTIONS INC UNSOLICITED,"$15,001 - $50,000",True,30,"https://extapps2.oge.gov/201/Presiden.nsf/PAS+Index/405E4EC4E27BE8D185258DF7002DD1C0/$FILE/Trump,%20Donald%20J.-05.08.2026-278T(2).pdf"
2026-01-06,purchase,Mota Plat!Offfla. Inc,"$15,001 - $50,000",True,30,"https://extapps2.oge.gov/201/Presiden.nsf/PAS+Index/405E4EC4E27BE8D185258DF7002DD1C0/$FILE/Trump,%20Donald%20J.-05.08.2026-278T(2).pdf"
2026-03-23,purchase,GILEAD SCIENCES INC UNSOLICITED,"$15,001 - $50,000",True,30,"https://extapps2.oge.gov/201/Presiden.nsf/PAS+Index/405E4EC4E27BE8D185258DF7002DD1C0/$FILE/Trump,%20Donald%20J.-05.08.2026-278T(2).pdf"
2028-03-02,purchase,DELL TECHNOLOGIES INC CL C UNSOLICITED,"$15,001 - $50,000",False,30,"https://extapps2.oge.gov/201/Presiden.nsf/PAS+Index/405E4EC4E27BE8D185258DF7002DD1C0/$FILE/Trump,%20Donald%20J.-05.08.2026-278T(2).pdf"
2026-03-21,purchase,PARKER HANNIFIN CORP UNSOLICITED,"$15,001 - $50,000",True,31,"https://extapps2.oge.gov/201/Presiden.nsf/PAS+Index/405E4EC4E27BE8D185258DF7002DD1C0/$FILE/Trump,%20Donald%20J.-05.08.2026-278T(2).pdf"
2026-03-23,purchase,COSTAR GROUP INC UNSOLICITED,"$15,001 - $50,000",False,31,"https://extapps2.oge.gov/201/Presiden.nsf/PAS+Index/405E4EC4E27BE8D185258DF7002DD1C0/$FILE/Trump,%20Donald%20J.-05.08.2026-278T(2).pdf"
2026-03-23,purchase,QUALCOMM INC UNSOLICITED,"$15,001 - $50,000",False,31,"https://extapps2.oge.gov/201/Presiden.nsf/PAS+Index/405E4EC4E27BE8D185258DF7002DD1C0/$FILE/Trump,%20Donald%20J.-05.08.2026-278T(2).pdf"
2026-03-30,purchase,GIBRALTAR INOS INC,"$15,001 - $50,000",False,31,"https://extapps2.oge.gov/201/Presiden.nsf/PAS+Index/405E4EC4E27BE8D185258DF7002DD1C0/$FILE/Trump,%20Donald%20J.-05.08.2026-278T(2).pdf"
2026-03-23,purchase,UNITEDHEALTH GROUP INC UNSOLICITED Ip,"$15,001 - $50,000",False,31,"https://extapps2.oge.gov/201/Presiden.nsf/PAS+Index/405E4EC4E27BE8D185258DF7002DD1C0/$FILE/Trump,%20Donald%20J.-05.08.2026-278T(2).pdf"
2026-03-30,purchase,INSPIRE MEO SYS INC,"$15,001 - $50,000",False,31,"https://extapps2.oge.gov/201/Presiden.nsf/PAS+Index/405E4EC4E27BE8D185258DF7002DD1C0/$FILE/Trump,%20Donald%20J.-05.08.2026-278T(2).pdf"
2026-03-11,purchase,9n QNITY ELECTRONICS INC UNSOLICITED,"$15,001 - $50,000",True,31,"https://extapps2.oge.gov/201/Presiden.nsf/PAS+Index/405E4EC4E27BE8D185258DF7002DD1C0/$FILE/Trump,%20Donald%20J.-05.08.2026-278T(2).pdf"
2026-03-30,purchase,J&JSNACKFOODSCORP,"$15,001 - $50,000",False,31,"https://extapps2.oge.gov/201/Presiden.nsf/PAS+Index/405E4EC4E27BE8D185258DF7002DD1C0/$FILE/Trump,%20Donald%20J.-05.08.2026-278T(2).pdf"
2026-02-26,purchase,KKR REAL ESTATE FIN TR,"$15,001 - $50,000",True,31,"https://extapps2.oge.gov/201/Presiden.nsf/PAS+Index/405E4EC4E27BE8D185258DF7002DD1C0/$FILE/Trump,%20Donald%20J.-05.08.2026-278T(2).pdf"
2026-03-12,purchase,COCA COLA CO COM UNSOLICITED,"$15,001 - $50,000",False,32,"https://extapps2.oge.gov/201/Presiden.nsf/PAS+Index/405E4EC4E27BE8D185258DF7002DD1C0/$FILE/Trump,%20Donald%20J.-05.08.2026-278T(2).pdf"
2026-03-30,purchase,ARBOR RLTY TR INC REIT,"$15,001 - $50,000",False,32,"https://extapps2.oge.gov/201/Presiden.nsf/PAS+Index/405E4EC4E27BE8D185258DF7002DD1C0/$FILE/Trump,%20Donald%20J.-05.08.2026-278T(2).pdf"
2026-03-04,purchase,CATALYST PHARMACEUTICALS,"$15,001 - $50,000",True,32,"https://extapps2.oge.gov/201/Presiden.nsf/PAS+Index/405E4EC4E27BE8D185258DF7002DD1C0/$FILE/Trump,%20Donald%20J.-05.08.2026-278T(2).pdf"
2026-03-30,purchase,CERTARAINC,"$15,001 - $50,000",True,32,"https://extapps2.oge.gov/201/Presiden.nsf/PAS+Index/405E4EC4E27BE8D185258DF7002DD1C0/$FILE/Trump,%20Donald%20J.-05.08.2026-278T(2).pdf"
2026-03-21,purchase,LOWES COMPANIES INC UNSOLICITED,"$15,001 - $50,000",True,32,"https://extapps2.oge.gov/201/Presiden.nsf/PAS+Index/405E4EC4E27BE8D185258DF7002DD1C0/$FILE/Trump,%20Donald%20J.-05.08.2026-278T(2).pdf"
2026-03-12,purchase,SALESFORCE. INC. UNSOLICITED,"$15,001 - $50,000",True,32,"https://extapps2.oge.gov/201/Presiden.nsf/PAS+Index/405E4EC4E27BE8D185258DF7002DD1C0/$FILE/Trump,%20Donald%20J.-05.08.2026-278T(2).pdf"
2026-03-04,purchase,OSI SYS INC,"$15,001 - $50,000",True,32,"https://extapps2.oge.gov/201/Presiden.nsf/PAS+Index/405E4EC4E27BE8D185258DF7002DD1C0/$FILE/Trump,%20Donald%20J.-05.08.2026-278T(2).pdf"
2026-03-12,purchase,PALANTIR TECHNOLOGIES INC CL A UNSOLICITED,"$15,001 - $50,000",False,32,"https://extapps2.oge.gov/201/Presiden.nsf/PAS+Index/405E4EC4E27BE8D185258DF7002DD1C0/$FILE/Trump,%20Donald%20J.-05.08.2026-278T(2).pdf"
2026-03-12,purchase,CONS EDISON CO (HOLDING CO\ UNSOLICITED,"$15,001 - $50,000",True,32,"https://extapps2.oge.gov/201/Presiden.nsf/PAS+Index/405E4EC4E27BE8D185258DF7002DD1C0/$FILE/Trump,%20Donald%20J.-05.08.2026-278T(2).pdf"
2026-03-12,purchase,CONSTELLATION ENERGY UNSOLICITED,"$15,001 - $50,000",False,32,"https://extapps2.oge.gov/201/Presiden.nsf/PAS+Index/405E4EC4E27BE8D185258DF7002DD1C0/$FILE/Trump,%20Donald%20J.-05.08.2026-278T(2).pdf"
2026-03-04,purchase,MUELLER WATER PRODUC CLASS SERIES A,"$15,001 - $50,000",True,32,"https://extapps2.oge.gov/201/Presiden.nsf/PAS+Index/405E4EC4E27BE8D185258DF7002DD1C0/$FILE/Trump,%20Donald%20J.-05.08.2026-278T(2).pdf"
2026-01-26,purchase,ENPHASE ENERGY INC,"$15,001 - $50,000",False,32,"https://extapps2.oge.gov/201/Presiden.nsf/PAS+Index/405E4EC4E27BE8D185258DF7002DD1C0/$FILE/Trump,%20Donald%20J.-05.08.2026-278T(2).pdf"
2026-03-12,purchase,VERISIGN INC UNSOLICITED,"$15,001 - $50,000",False,32,"https://extapps2.oge.gov/201/Presiden.nsf/PAS+Index/405E4EC4E27BE8D185258DF7002DD1C0/$FILE/Trump,%20Donald%20J.-05.08.2026-278T(2).pdf"
2026-03-12,purchase,AON PLC CL A UNSOLICITED,"$15,001 - $50,000",False,32,"https://extapps2.oge.gov/201/Presiden.nsf/PAS+Index/405E4EC4E27BE8D185258DF7002DD1C0/$FILE/Trump,%20Donald%20J.-05.08.2026-278T(2).pdf"
2026-03-12,purchase,CROWDSTRIKE HLDGS INC CL A UNSOLICITED,"$15,001 - $50,000",False,33,"https://extapps2.oge.gov/201/Presiden.nsf/PAS+Index/405E4EC4E27BE8D185258DF7002DD1C0/$FILE/Trump,%20Donald%20J.-05.08.2026-278T(2).pdf"
2026-03-12,purchase,WILLIAMS COS INC IDEU UNSOLICITED,"$15,001 - $50,000",False,33,"https://extapps2.oge.gov/201/Presiden.nsf/PAS+Index/405E4EC4E27BE8D185258DF7002DD1C0/$FILE/Trump,%20Donald%20J.-05.08.2026-278T(2).pdf"
2026-03-12,purchase,HEWLETT PACKARD ENTERPRISE CO UNSOLICITED,"$15,001 - $50,000",True,33,"https://extapps2.oge.gov/201/Presiden.nsf/PAS+Index/405E4EC4E27BE8D185258DF7002DD1C0/$FILE/Trump,%20Donald%20J.-05.08.2026-278T(2).pdf"
2028-02-26,purchase,ENOVISCORP,"$15,001 - $50,000",True,33,"https://extapps2.oge.gov/201/Presiden.nsf/PAS+Index/405E4EC4E27BE8D185258DF7002DD1C0/$FILE/Trump,%20Donald%20J.-05.08.2026-278T(2).pdf"
2028-03-12,purchase,INTUIT UNSOLICITED,"$15,001 - $50,000",False,33,"https://extapps2.oge.gov/201/Presiden.nsf/PAS+Index/405E4EC4E27BE8D185258DF7002DD1C0/$FILE/Trump,%20Donald%20J.-05.08.2026-278T(2).pdf"
2028-03-12,purchase,PTC INC COM UNSOLICITED,"$15,001 - $50,000",True,33,"https://extapps2.oge.gov/201/Presiden.nsf/PAS+Index/405E4EC4E27BE8D185258DF7002DD1C0/$FILE/Trump,%20Donald%20J.-05.08.2026-278T(2).pdf"
2026-03-12,purchase,ROPER TECHNOLOGIES INC UNSOLICITED,"$15,001 - $50,000",True,33,"https://extapps2.oge.gov/201/Presiden.nsf/PAS+Index/405E4EC4E27BE8D185258DF7002DD1C0/$FILE/Trump,%20Donald%20J.-05.08.2026-278T(2).pdf"
2028-03-12,purchase,WARNER BROS DISCOVERY INC UNSOLICITED,"$15,001 - $50,000",False,33,"https://extapps2.oge.gov/201/Presiden.nsf/PAS+Index/405E4EC4E27BE8D185258DF7002DD1C0/$FILE/Trump,%20Donald%20J.-05.08.2026-278T(2).pdf"
2028-03-12,purchase,BOSTON SCIENTIFIC CORP UNSOLICITED,"$15,001 - $50,000",True,33,"https://extapps2.oge.gov/201/Presiden.nsf/PAS+Index/405E4EC4E27BE8D185258DF7002DD1C0/$FILE/Trump,%20Donald%20J.-05.08.2026-278T(2).pdf"
2026-03-04,purchase,PEROOCEO ED CORP,"$15,001 - $50,000",True,33,"https://extapps2.oge.gov/201/Presiden.nsf/PAS+Index/405E4EC4E27BE8D185258DF7002DD1C0/$FILE/Trump,%20Donald%20J.-05.08.2026-278T(2).pdf"
2026-03-12,purchase,BRISTOL MYERS SQUIBB CO UNSOLICITED,"$15,001 - $50,000",True,33,"https://extapps2.oge.gov/201/Presiden.nsf/PAS+Index/405E4EC4E27BE8D185258DF7002DD1C0/$FILE/Trump,%20Donald%20J.-05.08.2026-278T(2).pdf"
2028-02-26,purchase,QUINSTREET INC,"$15,001 - $50,000",True,33,"https://extapps2.oge.gov/201/Presiden.nsf/PAS+Index/405E4EC4E27BE8D185258DF7002DD1C0/$FILE/Trump,%20Donald%20J.-05.08.2026-278T(2).pdf"
2026-03-12,purchase,STARBUCKS CORP UNSOLICITED,"$15,001 - $50,000",False,33,"https://extapps2.oge.gov/201/Presiden.nsf/PAS+Index/405E4EC4E27BE8D185258DF7002DD1C0/$FILE/Trump,%20Donald%20J.-05.08.2026-278T(2).pdf"
2026-03-12,purchase,NEWMONT CORP UNSOLICITED,"$15,001 - $50,000",False,33,"https://extapps2.oge.gov/201/Presiden.nsf/PAS+Index/405E4EC4E27BE8D185258DF7002DD1C0/$FILE/Trump,%20Donald%20J.-05.08.2026-278T(2).pdf"
2026-03-12,purchase,ADOBE INC. (DELAWARE) UNSOLICITED,"$15,001 - $50,000",False,33,"https://extapps2.oge.gov/201/Presiden.nsf/PAS+Index/405E4EC4E27BE8D185258DF7002DD1C0/$FILE/Trump,%20Donald%20J.-05.08.2026-278T(2).pdf"
2028-03-12,purchase,MASTERCARD INC CL A UNSOLICITED,"$15,001 - $50,000",False,33,"https://extapps2.oge.gov/201/Presiden.nsf/PAS+Index/405E4EC4E27BE8D185258DF7002DD1C0/$FILE/Trump,%20Donald%20J.-05.08.2026-278T(2).pdf"
2025-01-06,purchase,PALANTIR TECHNOLOGIES INC CL A,"$15,001 - $50,000",False,34,"https://extapps2.oge.gov/201/Presiden.nsf/PAS+Index/405E4EC4E27BE8D185258DF7002DD1C0/$FILE/Trump,%20Donald%20J.-05.08.2026-278T(2).pdf"
2026-03-12,purchase,HUNT J B TRANS SVCS INC UNSOLICITED,"$15,001 - $50,000",True,34,"https://extapps2.oge.gov/201/Presiden.nsf/PAS+Index/405E4EC4E27BE8D185258DF7002DD1C0/$FILE/Trump,%20Donald%20J.-05.08.2026-278T(2).pdf"
2026-03-23,purchase,AMAZON.COM INC,"$15,001 - $50,000",False,35,"https://extapps2.oge.gov/201/Presiden.nsf/PAS+Index/405E4EC4E27BE8D185258DF7002DD1C0/$FILE/Trump,%20Donald%20J.-05.08.2026-278T(2).pdf"
2026-03-12,purchase,DOORDASH INC CL A UNSOLICITED,"$15,001 - $50,000",False,35,"https://extapps2.oge.gov/201/Presiden.nsf/PAS+Index/405E4EC4E27BE8D185258DF7002DD1C0/$FILE/Trump,%20Donald%20J.-05.08.2026-278T(2).pdf"
2026-03-04,purchase,PTC THERAPEUTICS INC,"$15,001 - $50,000",False,35,"https://extapps2.oge.gov/201/Presiden.nsf/PAS+Index/405E4EC4E27BE8D185258DF7002DD1C0/$FILE/Trump,%20Donald%20J.-05.08.2026-278T(2).pdf"
2026-03-30,purchase,MARA HLDGS INC,"$15,001 - $50,000",False,35,"https://extapps2.oge.gov/201/Presiden.nsf/PAS+Index/405E4EC4E27BE8D185258DF7002DD1C0/$FILE/Trump,%20Donald%20J.-05.08.2026-278T(2).pdf"
2026-03-13,purchase,ALBEMARLE CORP UNSOLICITED,"$15,001 - $50,000",False,35,"https://extapps2.oge.gov/201/Presiden.nsf/PAS+Index/405E4EC4E27BE8D185258DF7002DD1C0/$FILE/Trump,%20Donald%20J.-05.08.2026-278T(2).pdf"
2026-03-30,purchase,CHESAPEAKE UTILS CORP,"$15,001 - $50,000",False,36,"https://extapps2.oge.gov/201/Presiden.nsf/PAS+Index/405E4EC4E27BE8D185258DF7002DD1C0/$FILE/Trump,%20Donald%20J.-05.08.2026-278T(2).pdf"
2026-03-02,purchase,VERISIGN INC UNSOLICITED,"$15,001 - $50,000",False,36,"https://extapps2.oge.gov/201/Presiden.nsf/PAS+Index/405E4EC4E27BE8D185258DF7002DD1C0/$FILE/Trump,%20Donald%20J.-05.08.2026-278T(2).pdf"
2026-03-30,purchase,GRID DYNAMICS HLDGS INC CLASS A Ip,"$15,001 - $50,000",False,36,"https://extapps2.oge.gov/201/Presiden.nsf/PAS+Index/405E4EC4E27BE8D185258DF7002DD1C0/$FILE/Trump,%20Donald%20J.-05.08.2026-278T(2).pdf"
2026-03-11,purchase,UBER TECHNOLOGIES INC UNSOLICITED,"$15,001 - $50,000",True,36,"https://extapps2.oge.gov/201/Presiden.nsf/PAS+Index/405E4EC4E27BE8D185258DF7002DD1C0/$FILE/Trump,%20Donald%20J.-05.08.2026-278T(2).pdf"
2026-03-30,purchase,INTEGRA LIFESCIENCES HLD,"$15,001 - $50,000",False,36,"https://extapps2.oge.gov/201/Presiden.nsf/PAS+Index/405E4EC4E27BE8D185258DF7002DD1C0/$FILE/Trump,%20Donald%20J.-05.08.2026-278T(2).pdf"
2026-03-30,purchase,HARMONY BIOSCIENCES HLDG,"$15,001 - $50,000",True,37,"https://extapps2.oge.gov/201/Presiden.nsf/PAS+Index/405E4EC4E27BE8D185258DF7002DD1C0/$FILE/Trump,%20Donald%20J.-05.08.2026-278T(2).pdf"
2026-03-17,purchase,LAMB WESTON HLDGS INC COM,"$15,001 - $50,000",False,37,"https://extapps2.oge.gov/201/Presiden.nsf/PAS+Index/405E4EC4E27BE8D185258DF7002DD1C0/$FILE/Trump,%20Donald%20J.-05.08.2026-278T(2).pdf"
2026-03-30,purchase,NAPCO SEC TECHNOLOGIES,"$15,001 - $50,000",False,37,"https://extapps2.oge.gov/201/Presiden.nsf/PAS+Index/405E4EC4E27BE8D185258DF7002DD1C0/$FILE/Trump,%20Donald%20J.-05.08.2026-278T(2).pdf"
2026-03-02,purchase,F5 INC UNSOLICITED,"$15,001 - $50,000",False,37,"https://extapps2.oge.gov/201/Presiden.nsf/PAS+Index/405E4EC4E27BE8D185258DF7002DD1C0/$FILE/Trump,%20Donald%20J.-05.08.2026-278T(2).pdf"
2026-03-11,purchase,DELL TECHNOLOGIES INC CL C UNSOLICITED,"$15,001 - $50,000",False,37,"https://extapps2.oge.gov/201/Presiden.nsf/PAS+Index/405E4EC4E27BE8D185258DF7002DD1C0/$FILE/Trump,%20Donald%20J.-05.08.2026-278T(2).pdf"
2026-03-11,purchase,INTEL CORP UNSOLICITED,"$15,001 - $50,000",False,37,"https://extapps2.oge.gov/201/Presiden.nsf/PAS+Index/405E4EC4E27BE8D185258DF7002DD1C0/$FILE/Trump,%20Donald%20J.-05.08.2026-278T(2).pdf"
2026-03-04,purchase,AMNEAL PHARMACEUTICALS I CLASS A,"$15,001 - $50,000",False,37,"https://extapps2.oge.gov/201/Presiden.nsf/PAS+Index/405E4EC4E27BE8D185258DF7002DD1C0/$FILE/Trump,%20Donald%20J.-05.08.2026-278T(2).pdf"
2026-03-11,purchase,11611 TERAOYNE INC UNSOLICITED,"$15,001 - $50,000",False,37,"https://extapps2.oge.gov/201/Presiden.nsf/PAS+Index/405E4EC4E27BE8D185258DF7002DD1C0/$FILE/Trump,%20Donald%20J.-05.08.2026-278T(2).pdf"
2026-03-11,purchase,SKYWORKS SOLUTIONS INC UNSOLICITED,"$15,001 - $50,000",False,37,"https://extapps2.oge.gov/201/Presiden.nsf/PAS+Index/405E4EC4E27BE8D185258DF7002DD1C0/$FILE/Trump,%20Donald%20J.-05.08.2026-278T(2).pdf"
2026-03-11,purchase,RTX CORP UNSOLICITED,"$15,001 - $50,000",False,37,"https://extapps2.oge.gov/201/Presiden.nsf/PAS+Index/405E4EC4E27BE8D185258DF7002DD1C0/$FILE/Trump,%20Donald%20J.-05.08.2026-278T(2).pdf"
2026-03-11,purchase,DUKE ENERGY CORP NEW UNSOLICITED,"$15,001 - $50,000",False,37,"https://extapps2.oge.gov/201/Presiden.nsf/PAS+Index/405E4EC4E27BE8D185258DF7002DD1C0/$FILE/Trump,%20Donald%20J.-05.08.2026-278T(2).pdf"
2026-03-11,purchase,TELEDYNE TECHNOLOGIES INC UNSOLICITED,"$15,001 - $50,000",False,37,"https://extapps2.oge.gov/201/Presiden.nsf/PAS+Index/405E4EC4E27BE8D185258DF7002DD1C0/$FILE/Trump,%20Donald%20J.-05.08.2026-278T(2).pdf"
2026-03-11,purchase,MICROCHIP TECHNOLOGY INC UNSOLICITED,"$15,001 - $50,000",False,37,"https://extapps2.oge.gov/201/Presiden.nsf/PAS+Index/405E4EC4E27BE8D185258DF7002DD1C0/$FILE/Trump,%20Donald%20J.-05.08.2026-278T(2).pdf"
2026-03-11,purchase,DIGITAL REALTY TRUST INC REIT UNSOLICITED,"$15,001 - $50,000",False,37,"https://extapps2.oge.gov/201/Presiden.nsf/PAS+Index/405E4EC4E27BE8D185258DF7002DD1C0/$FILE/Trump,%20Donald%20J.-05.08.2026-278T(2).pdf"
2026-03-11,purchase,CDW CORP UNSOLICITED,"$15,001 - $50,000",False,38,"https://extapps2.oge.gov/201/Presiden.nsf/PAS+Index/405E4EC4E27BE8D185258DF7002DD1C0/$FILE/Trump,%20Donald%20J.-05.08.2026-278T(2).pdf"
2026-03-11,purchase,PALANTIR TECHNOLOGIES INC CL A UNSOLICITED,"$15,001 - $50,000",False,38,"https://extapps2.oge.gov/201/Presiden.nsf/PAS+Index/405E4EC4E27BE8D185258DF7002DD1C0/$FILE/Trump,%20Donald%20J.-05.08.2026-278T(2).pdf"
2026-03-11,purchase,ROBINHOOD MKTS INC CL A UNSOLICITED,"$15,001 - $50,000",False,38,"https://extapps2.oge.gov/201/Presiden.nsf/PAS+Index/405E4EC4E27BE8D185258DF7002DD1C0/$FILE/Trump,%20Donald%20J.-05.08.2026-278T(2).pdf"
2026-03-04,purchase,PATTERSON-UTI ENERGY INC,"$15,001 - $50,000",False,38,"https://extapps2.oge.gov/201/Presiden.nsf/PAS+Index/405E4EC4E27BE8D185258DF7002DD1C0/$FILE/Trump,%20Donald%20J.-05.08.2026-278T(2).pdf"
2026-03-11,purchase,WALT DISNEY CO !HOLDING COi DISNEY COM UNSOLICITED,"$15,001 - $50,000",False,38,"https://extapps2.oge.gov/201/Presiden.nsf/PAS+Index/405E4EC4E27BE8D185258DF7002DD1C0/$FILE/Trump,%20Donald%20J.-05.08.2026-278T(2).pdf"
2026-03-11,purchase,MCDONALDS CORP UNSOLICITED,"$15,001 - $50,000",False,38,"https://extapps2.oge.gov/201/Presiden.nsf/PAS+Index/405E4EC4E27BE8D185258DF7002DD1C0/$FILE/Trump,%20Donald%20J.-05.08.2026-278T(2).pdf"
2026-03-11,purchase,AUTODESK INC UNSOLICITED,"$15,001 - $50,000",False,38,"https://extapps2.oge.gov/201/Presiden.nsf/PAS+Index/405E4EC4E27BE8D185258DF7002DD1C0/$FILE/Trump,%20Donald%20J.-05.08.2026-278T(2).pdf"
2028-03-11,purchase,ADOBE INC. !DELAWARE\ UNSOLICITED,"$15,001 - $50,000",False,39,"https://extapps2.oge.gov/201/Presiden.nsf/PAS+Index/405E4EC4E27BE8D185258DF7002DD1C0/$FILE/Trump,%20Donald%20J.-05.08.2026-278T(2).pdf"
2026-03-02,purchase,BRISTOL MYERS SQUIBB CO UNSOLICITED,"$15,001 - $50,000",False,39,"https://extapps2.oge.gov/201/Presiden.nsf/PAS+Index/405E4EC4E27BE8D185258DF7002DD1C0/$FILE/Trump,%20Donald%20J.-05.08.2026-278T(2).pdf"
2028-03-11,purchase,GOLDMAN SACHS GROUP INC UNSOLICITED,"$15,001 - $50,000",False,39,"https://extapps2.oge.gov/201/Presiden.nsf/PAS+Index/405E4EC4E27BE8D185258DF7002DD1C0/$FILE/Trump,%20Donald%20J.-05.08.2026-278T(2).pdf"
2026-03-11,purchase,CORNING INC UNSOLICITED,"$15,001 - $50,000",False,39,"https://extapps2.oge.gov/201/Presiden.nsf/PAS+Index/405E4EC4E27BE8D185258DF7002DD1C0/$FILE/Trump,%20Donald%20J.-05.08.2026-278T(2).pdf"
2028-03-11,purchase,AT&T INC UNSOLICITED,"$15,001 - $50,000",False,39,"https://extapps2.oge.gov/201/Presiden.nsf/PAS+Index/405E4EC4E27BE8D185258DF7002DD1C0/$FILE/Trump,%20Donald%20J.-05.08.2026-278T(2).pdf"
2028-03-11,purchase,WORKDAY INC CL A UNSOLICITED,"$15,001 - $50,000",False,39,"https://extapps2.oge.gov/201/Presiden.nsf/PAS+Index/405E4EC4E27BE8D185258DF7002DD1C0/$FILE/Trump,%20Donald%20J.-05.08.2026-278T(2).pdf"
2026-01-26,purchase,RYMAN HOSPITALITY PPTYS REIT,"$15,001 - $50,000",False,40,"https://extapps2.oge.gov/201/Presiden.nsf/PAS+Index/405E4EC4E27BE8D185258DF7002DD1C0/$FILE/Trump,%20Donald%20J.-05.08.2026-278T(2).pdf"
2026-03-04,purchase,URBAN OUTFITTERS INC,"$15,001 - $50,000",False,40,"https://extapps2.oge.gov/201/Presiden.nsf/PAS+Index/405E4EC4E27BE8D185258DF7002DD1C0/$FILE/Trump,%20Donald%20J.-05.08.2026-278T(2).pdf"
2026-03-02,purchase,12n AXON ENTERPRISE INC COM UNSOLICITED,"$15,001 - $50,000",False,40,"https://extapps2.oge.gov/201/Presiden.nsf/PAS+Index/405E4EC4E27BE8D185258DF7002DD1C0/$FILE/Trump,%20Donald%20J.-05.08.2026-278T(2).pdf"
2026-03-17,purchase,BROADRIDGE FINL SOLUTIONS INC,"$15,001 - $50,000",False,40,"https://extapps2.oge.gov/201/Presiden.nsf/PAS+Index/405E4EC4E27BE8D185258DF7002DD1C0/$FILE/Trump,%20Donald%20J.-05.08.2026-278T(2).pdf"
2026-02-26,purchase,TRUPANION INC,"$15,001 - $50,000",False,40,"https://extapps2.oge.gov/201/Presiden.nsf/PAS+Index/405E4EC4E27BE8D185258DF7002DD1C0/$FILE/Trump,%20Donald%20J.-05.08.2026-278T(2).pdf"
2026-02-26,purchase,ADTINCOEL,"$15,001 - $50,000",True,40,"https://extapps2.oge.gov/201/Presiden.nsf/PAS+Index/405E4EC4E27BE8D185258DF7002DD1C0/$FILE/Trump,%20Donald%20J.-05.08.2026-278T(2).pdf"
2026-03-21,purchase,FAIR ISAAC CORP UNSOLICITED,"$15,001 - $50,000",True,41,"https://extapps2.oge.gov/201/Presiden.nsf/PAS+Index/405E4EC4E27BE8D185258DF7002DD1C0/$FILE/Trump,%20Donald%20J.-05.08.2026-278T(2).pdf"
2026-03-21,purchase,TEXAS PAC LAND CORP UNSOLICITED,"$15,001 - $50,000",True,41,"https://extapps2.oge.gov/201/Presiden.nsf/PAS+Index/405E4EC4E27BE8D185258DF7002DD1C0/$FILE/Trump,%20Donald%20J.-05.08.2026-278T(2).pdf"
2026-03-04,purchase,AVISTA CORP,"$15,001 - $50,000",False,41,"https://extapps2.oge.gov/201/Presiden.nsf/PAS+Index/405E4EC4E27BE8D185258DF7002DD1C0/$FILE/Trump,%20Donald%20J.-05.08.2026-278T(2).pdf"
2026-03-21,purchase,GENERAC HLDGS INC UNSOLICITED,"$15,001 - $50,000",True,41,"https://extapps2.oge.gov/201/Presiden.nsf/PAS+Index/405E4EC4E27BE8D185258DF7002DD1C0/$FILE/Trump,%20Donald%20J.-05.08.2026-278T(2).pdf"
2026-03-21,purchase,ARES MANAGEMENT CORPORATION CL A COM .UNSOLICITED,"$15,001 - $50,000",True,41,"https://extapps2.oge.gov/201/Presiden.nsf/PAS+Index/405E4EC4E27BE8D185258DF7002DD1C0/$FILE/Trump,%20Donald%20J.-05.08.2026-278T(2).pdf"
2026-03-02,purchase,MORGAN STANLEY UNSOLICITED,"$15,001 - $50,000",False,42,"https://extapps2.oge.gov/201/Presiden.nsf/PAS+Index/405E4EC4E27BE8D185258DF7002DD1C0/$FILE/Trump,%20Donald%20J.-05.08.2026-278T(2).pdf"
2026-02-26,purchase,PRA GROUP INC,"$15,001 - $50,000",True,42,"https://extapps2.oge.gov/201/Presiden.nsf/PAS+Index/405E4EC4E27BE8D185258DF7002DD1C0/$FILE/Trump,%20Donald%20J.-05.08.2026-278T(2).pdf"
2026-03-02,purchase,AMER ELECTRIC POWER CO UNSOLICITED,"$15,001 - $50,000",False,42,"https://extapps2.oge.gov/201/Presiden.nsf/PAS+Index/405E4EC4E27BE8D185258DF7002DD1C0/$FILE/Trump,%20Donald%20J.-05.08.2026-278T(2).pdf"
2026-03-02,purchase,EXPEDITORS INTL WASH INC UNSOLICITED,"$15,001 - $50,000",False,42,"https://extapps2.oge.gov/201/Presiden.nsf/PAS+Index/405E4EC4E27BE8D185258DF7002DD1C0/$FILE/Trump,%20Donald%20J.-05.08.2026-278T(2).pdf"
2026-03-21,purchase,MSCI INC UNSOLICITED,"$15,001 - $50,000",True,42,"https://extapps2.oge.gov/201/Presiden.nsf/PAS+Index/405E4EC4E27BE8D185258DF7002DD1C0/$FILE/Trump,%20Donald%20J.-05.08.2026-278T(2).pdf"
2026-03-02,purchase,AIRBNB INC CL A UNSOLICITED,"$15,001 - $50,000",False,42,"https://extapps2.oge.gov/201/Presiden.nsf/PAS+Index/405E4EC4E27BE8D185258DF7002DD1C0/$FILE/Trump,%20Donald%20J.-05.08.2026-278T(2).pdf"
2026-03-02,purchase,APTIV PLC UNSOLICITED,"$15,001 - $50,000",False,42,"https://extapps2.oge.gov/201/Presiden.nsf/PAS+Index/405E4EC4E27BE8D185258DF7002DD1C0/$FILE/Trump,%20Donald%20J.-05.08.2026-278T(2).pdf"
2026-03-02,purchase,UNITED PARCEL SERVICE INC CL B UNSOLICITED,"$15,001 - $50,000",False,42,"https://extapps2.oge.gov/201/Presiden.nsf/PAS+Index/405E4EC4E27BE8D185258DF7002DD1C0/$FILE/Trump,%20Donald%20J.-05.08.2026-278T(2).pdf"
2026-03-02,purchase,GE HEALTHCARE TECHNOLOGIES INC UNSOLICITED,"$15,001 - $50,000",False,43,"https://extapps2.oge.gov/201/Presiden.nsf/PAS+Index/405E4EC4E27BE8D185258DF7002DD1C0/$FILE/Trump,%20Donald%20J.-05.08.2026-278T(2).pdf"
2026-03-30,purchase,INSPERITY INC,"$15,001 - $50,000",False,44,"https://extapps2.oge.gov/201/Presiden.nsf/PAS+Index/405E4EC4E27BE8D185258DF7002DD1C0/$FILE/Trump,%20Donald%20J.-05.08.2026-278T(2).pdf"
2026-02-02,purchase,ITRON INC EQUITY CLASS EQUITY,"$15,001 - $50,000",False,44,"https://extapps2.oge.gov/201/Presiden.nsf/PAS+Index/405E4EC4E27BE8D185258DF7002DD1C0/$FILE/Trump,%20Donald%20J.-05.08.2026-278T(2).pdf"
2026-03-23,purchase,META PLATFORMS INC CLASS A,"$15,001 - $50,000",False,44,"https://extapps2.oge.gov/201/Presiden.nsf/PAS+Index/405E4EC4E27BE8D185258DF7002DD1C0/$FILE/Trump,%20Donald%20J.-05.08.2026-278T(2).pdf"
2026-03-30,purchase,BRIGHTSPRING HEALTH SVCS,"$15,001 - $50,000",False,46,"https://extapps2.oge.gov/201/Presiden.nsf/PAS+Index/405E4EC4E27BE8D185258DF7002DD1C0/$FILE/Trump,%20Donald%20J.-05.08.2026-278T(2).pdf"
2026-02-10,purchase,BUNGE GLOBAL SA COM SHS,"$15,001 - $50,000",False,46,"https://extapps2.oge.gov/201/Presiden.nsf/PAS+Index/405E4EC4E27BE8D185258DF7002DD1C0/$FILE/Trump,%20Donald%20J.-05.08.2026-278T(2).pdf"
2026-02-02,purchase,LEGAL2OOM COM INC,"$15,001 - $50,000",False,46,"https://extapps2.oge.gov/201/Presiden.nsf/PAS+Index/405E4EC4E27BE8D185258DF7002DD1C0/$FILE/Trump,%20Donald%20J.-05.08.2026-278T(2).pdf"
2026-01-26,purchase,HARMONY BIOSCIENCES HLDG,"$15,001 - $50,000",False,46,"https://extapps2.oge.gov/201/Presiden.nsf/PAS+Index/405E4EC4E27BE8D185258DF7002DD1C0/$FILE/Trump,%20Donald%20J.-05.08.2026-278T(2).pdf"
2026-01-26,purchase,MARCUS & MILLICHAP INC,"$15,001 - $50,000",False,46,"https://extapps2.oge.gov/201/Presiden.nsf/PAS+Index/405E4EC4E27BE8D185258DF7002DD1C0/$FILE/Trump,%20Donald%20J.-05.08.2026-278T(2).pdf"
2028-03-04,purchase,KINETIK HLDGS INC CLASS A,"$15,001 - $50,000",False,46,"https://extapps2.oge.gov/201/Presiden.nsf/PAS+Index/405E4EC4E27BE8D185258DF7002DD1C0/$FILE/Trump,%20Donald%20J.-05.08.2026-278T(2).pdf"
2026-03-04,purchase,LIQUIDITY SVCS INC Ip,"$15,001 - $50,000",False,46,"https://extapps2.oge.gov/201/Presiden.nsf/PAS+Index/405E4EC4E27BE8D185258DF7002DD1C0/$FILE/Trump,%20Donald%20J.-05.08.2026-278T(2).pdf"
2026-03-04,purchase,ENERGIZER HLDGS INC NEW,"$15,001 - $50,000",False,46,"https://extapps2.oge.gov/201/Presiden.nsf/PAS+Index/405E4EC4E27BE8D185258DF7002DD1C0/$FILE/Trump,%20Donald%20J.-05.08.2026-278T(2).pdf"
2026-03-30,purchase,SOUTHSIDE BANCSHARES INC,"$15,001 - $50,000",False,46,"https://extapps2.oge.gov/201/Presiden.nsf/PAS+Index/405E4EC4E27BE8D185258DF7002DD1C0/$FILE/Trump,%20Donald%20J.-05.08.2026-278T(2).pdf"
2026-03-30,purchase,UNIFIRST CORP MASS,"$15,001 - $50,000",False,46,"https://extapps2.oge.gov/201/Presiden.nsf/PAS+Index/405E4EC4E27BE8D185258DF7002DD1C0/$FILE/Trump,%20Donald%20J.-05.08.2026-278T(2).pdf"
2028-01-26,purchase,MATSON INC,"$15,001 - $50,000",True,46,"https://extapps2.oge.gov/201/Presiden.nsf/PAS+Index/405E4EC4E27BE8D185258DF7002DD1C0/$FILE/Trump,%20Donald%20J.-05.08.2026-278T(2).pdf"
2026-03-30,purchase,lWO HARBORS INVESTME,"$15,001 - $50,000",False,46,"https://extapps2.oge.gov/201/Presiden.nsf/PAS+Index/405E4EC4E27BE8D185258DF7002DD1C0/$FILE/Trump,%20Donald%20J.-05.08.2026-278T(2).pdf"
2026-01-23,purchase,0 REIUY AUTOMOTIVE INC,"$15,001 - $50,000",False,46,"https://extapps2.oge.gov/201/Presiden.nsf/PAS+Index/405E4EC4E27BE8D185258DF7002DD1C0/$FILE/Trump,%20Donald%20J.-05.08.2026-278T(2).pdf"
2026-03-04,purchase,BOX INC CLASS A,"$15,001 - $50,000",False,46,"https://extapps2.oge.gov/201/Presiden.nsf/PAS+Index/405E4EC4E27BE8D185258DF7002DD1C0/$FILE/Trump,%20Donald%20J.-05.08.2026-278T(2).pdf"
2026-03-04,purchase,WILLSCOT HOLDINGS CO A CLASS A,"$15,001 - $50,000",False,46,"https://extapps2.oge.gov/201/Presiden.nsf/PAS+Index/405E4EC4E27BE8D185258DF7002DD1C0/$FILE/Trump,%20Donald%20J.-05.08.2026-278T(2).pdf"
2026-02-26,purchase,OTTER TAIL CORP,"$15,001 - $50,000",False,46,"https://extapps2.oge.gov/201/Presiden.nsf/PAS+Index/405E4EC4E27BE8D185258DF7002DD1C0/$FILE/Trump,%20Donald%20J.-05.08.2026-278T(2).pdf"
2026-01-06,purchase,MARTIN MARIETTA MATLS INC,"$15,001 - $50,000",False,46,"https://extapps2.oge.gov/201/Presiden.nsf/PAS+Index/405E4EC4E27BE8D185258DF7002DD1C0/$FILE/Trump,%20Donald%20J.-05.08.2026-278T(2).pdf"
2026-02-26,purchase,DAVE & BUSTERS ENTMT INC,"$15,001 - $50,000",False,46,"https://extapps2.oge.gov/201/Presiden.nsf/PAS+Index/405E4EC4E27BE8D185258DF7002DD1C0/$FILE/Trump,%20Donald%20J.-05.08.2026-278T(2).pdf"
2026-03-04,purchase,1486. BREAD FINL HOLDINGS,"$15,001 - $50,000",True,47,"https://extapps2.oge.gov/201/Presiden.nsf/PAS+Index/405E4EC4E27BE8D185258DF7002DD1C0/$FILE/Trump,%20Donald%20J.-05.08.2026-278T(2).pdf"
2026-03-04,purchase,MOELIS & CO ClASS A,"$15,001 - $50,000",False,47,"https://extapps2.oge.gov/201/Presiden.nsf/PAS+Index/405E4EC4E27BE8D185258DF7002DD1C0/$FILE/Trump,%20Donald%20J.-05.08.2026-278T(2).pdf"
2026-03-04,purchase,ALARM COM HLDGS INC,"$15,001 - $50,000",True,47,"https://extapps2.oge.gov/201/Presiden.nsf/PAS+Index/405E4EC4E27BE8D185258DF7002DD1C0/$FILE/Trump,%20Donald%20J.-05.08.2026-278T(2).pdf"
2026-03-04,purchase,BANC CALIF INC,"$15,001 - $50,000",True,47,"https://extapps2.oge.gov/201/Presiden.nsf/PAS+Index/405E4EC4E27BE8D185258DF7002DD1C0/$FILE/Trump,%20Donald%20J.-05.08.2026-278T(2).pdf"
2026-03-04,purchase,ORGANON&CO,"$15,001 - $50,000",False,47,"https://extapps2.oge.gov/201/Presiden.nsf/PAS+Index/405E4EC4E27BE8D185258DF7002DD1C0/$FILE/Trump,%20Donald%20J.-05.08.2026-278T(2).pdf"
2026-03-04,purchase,TELEFLEX INC,"$15,001 - $50,000",True,47,"https://extapps2.oge.gov/201/Presiden.nsf/PAS+Index/405E4EC4E27BE8D185258DF7002DD1C0/$FILE/Trump,%20Donald%20J.-05.08.2026-278T(2).pdf"
2026-03-04,purchase,OPENLANE INC 1o,"$15,001 - $50,000",True,47,"https://extapps2.oge.gov/201/Presiden.nsf/PAS+Index/405E4EC4E27BE8D185258DF7002DD1C0/$FILE/Trump,%20Donald%20J.-05.08.2026-278T(2).pdf"
2026-03-04,purchase,ADDUS HOMECARE CORP,"$15,001 - $50,000",True,47,"https://extapps2.oge.gov/201/Presiden.nsf/PAS+Index/405E4EC4E27BE8D185258DF7002DD1C0/$FILE/Trump,%20Donald%20J.-05.08.2026-278T(2).pdf"
2026-03-04,purchase,BEACON FINL CORP,"$15,001 - $50,000",True,47,"https://extapps2.oge.gov/201/Presiden.nsf/PAS+Index/405E4EC4E27BE8D185258DF7002DD1C0/$FILE/Trump,%20Donald%20J.-05.08.2026-278T(2).pdf"
2026-03-04,purchase,GENTHERM INC,"$15,001 - $50,000",True,47,"https://extapps2.oge.gov/201/Presiden.nsf/PAS+Index/405E4EC4E27BE8D185258DF7002DD1C0/$FILE/Trump,%20Donald%20J.-05.08.2026-278T(2).pdf"
2026-03-04,purchase,BADGER METER INC,"$15,001 - $50,000",True,47,"https://extapps2.oge.gov/201/Presiden.nsf/PAS+Index/405E4EC4E27BE8D185258DF7002DD1C0/$FILE/Trump,%20Donald%20J.-05.08.2026-278T(2).pdf"
2026-03-04,purchase,OOUBLEVERIFY HLDGS INC,"$15,001 - $50,000",True,47,"https://extapps2.oge.gov/201/Presiden.nsf/PAS+Index/405E4EC4E27BE8D185258DF7002DD1C0/$FILE/Trump,%20Donald%20J.-05.08.2026-278T(2).pdf"
2026-03-04,purchase,NTNL BK HLDGS CORP A CLASS A,"$15,001 - $50,000",True,47,"https://extapps2.oge.gov/201/Presiden.nsf/PAS+Index/405E4EC4E27BE8D185258DF7002DD1C0/$FILE/Trump,%20Donald%20J.-05.08.2026-278T(2).pdf"
2026-03-04,purchase,CSG SYS INTL INC,"$15,001 - $50,000",True,48,"https://extapps2.oge.gov/201/Presiden.nsf/PAS+Index/405E4EC4E27BE8D185258DF7002DD1C0/$FILE/Trump,%20Donald%20J.-05.08.2026-278T(2).pdf"
2026-03-04,purchase,STRIDE INC,"$15,001 - $50,000",True,49,"https://extapps2.oge.gov/201/Presiden.nsf/PAS+Index/405E4EC4E27BE8D185258DF7002DD1C0/$FILE/Trump,%20Donald%20J.-05.08.2026-278T(2).pdf"
2026-02-26,purchase,WILLSCOT HOLDINGS CO A CLASS A,"$15,001 - $50,000",False,49,"https://extapps2.oge.gov/201/Presiden.nsf/PAS+Index/405E4EC4E27BE8D185258DF7002DD1C0/$FILE/Trump,%20Donald%20J.-05.08.2026-278T(2).pdf"
2026-01-08,purchase,CRH PLC ORD SHS .32 EACH ORD EUR UNSOLICITED,"$15,001 - $50,000",False,49,"https://extapps2.oge.gov/201/Presiden.nsf/PAS+Index/405E4EC4E27BE8D185258DF7002DD1C0/$FILE/Trump,%20Donald%20J.-05.08.2026-278T(2).pdf"
2026-01-21,purchase,MASTERCARD INC CLASS A,"$15,001 - $50,000",False,49,"https://extapps2.oge.gov/201/Presiden.nsf/PAS+Index/405E4EC4E27BE8D185258DF7002DD1C0/$FILE/Trump,%20Donald%20J.-05.08.2026-278T(2).pdf"
2026-02-26,purchase,PAPA JOHNS INTL INC,"$15,001 - $50,000",False,49,"https://extapps2.oge.gov/201/Presiden.nsf/PAS+Index/405E4EC4E27BE8D185258DF7002DD1C0/$FILE/Trump,%20Donald%20J.-05.08.2026-278T(2).pdf"
2026-02-12,purchase,DIODES INC,"$15,001 - $50,000",False,49,"https://extapps2.oge.gov/201/Presiden.nsf/PAS+Index/405E4EC4E27BE8D185258DF7002DD1C0/$FILE/Trump,%20Donald%20J.-05.08.2026-278T(2).pdf"
2026-01-26,purchase,LCI INDS,"$15,001 - $50,000",False,50,"https://extapps2.oge.gov/201/Presiden.nsf/PAS+Index/405E4EC4E27BE8D185258DF7002DD1C0/$FILE/Trump,%20Donald%20J.-05.08.2026-278T(2).pdf"
2028-02-12,purchase,INSPERITY INC,"$15,001 - $50,000",False,51,"https://extapps2.oge.gov/201/Presiden.nsf/PAS+Index/405E4EC4E27BE8D185258DF7002DD1C0/$FILE/Trump,%20Donald%20J.-05.08.2026-278T(2).pdf"
2026-01-23,purchase,KEURIG DR PEPPER INC Ip,"$15,001 - $50,000",False,51,"https://extapps2.oge.gov/201/Presiden.nsf/PAS+Index/405E4EC4E27BE8D185258DF7002DD1C0/$FILE/Trump,%20Donald%20J.-05.08.2026-278T(2).pdf"
2026-01-23,purchase,PUBLIC SERVICE ENTERPRISE GROUP INC,"$1,001 - $15,000",False,51,"https://extapps2.oge.gov/201/Presiden.nsf/PAS+Index/405E4EC4E27BE8D185258DF7002DD1C0/$FILE/Trump,%20Donald%20J.-05.08.2026-278T(2).pdf"
2026-03-26,purchase,NETFLIXINC,"$1,001 - $15,000",True,52,"https://extapps2.oge.gov/201/Presiden.nsf/PAS+Index/405E4EC4E27BE8D185258DF7002DD1C0/$FILE/Trump,%20Donald%20J.-05.08.2026-278T(2).pdf"
2026-02-23,purchase,PROGRESSIVE CORP OH,"$1,001 - $15,000",False,52,"https://extapps2.oge.gov/201/Presiden.nsf/PAS+Index/405E4EC4E27BE8D185258DF7002DD1C0/$FILE/Trump,%20Donald%20J.-05.08.2026-278T(2).pdf"
2026-02-12,purchase,MICROSOFT CORP,"$1,001 - $15,000",False,52,"https://extapps2.oge.gov/201/Presiden.nsf/PAS+Index/405E4EC4E27BE8D185258DF7002DD1C0/$FILE/Trump,%20Donald%20J.-05.08.2026-278T(2).pdf"
2026-01-06,purchase,SANDISK CORP COM,"$1,001 - $15,000",False,52,"https://extapps2.oge.gov/201/Presiden.nsf/PAS+Index/405E4EC4E27BE8D185258DF7002DD1C0/$FILE/Trump,%20Donald%20J.-05.08.2026-278T(2).pdf"
2026-03-23,purchase,JPMORGAN CHASE & CO,"$1,001 - $15,000",False,52,"https://extapps2.oge.gov/201/Presiden.nsf/PAS+Index/405E4EC4E27BE8D185258DF7002DD1C0/$FILE/Trump,%20Donald%20J.-05.08.2026-278T(2).pdf"
2026-01-23,purchase,INSMED INC PAR $.01,"$1,001 - $15,000",False,52,"https://extapps2.oge.gov/201/Presiden.nsf/PAS+Index/405E4EC4E27BE8D185258DF7002DD1C0/$FILE/Trump,%20Donald%20J.-05.08.2026-278T(2).pdf"
2026-02-19,purchase,MICROSOFT CORP,"$1,001 - $15,000",False,52,"https://extapps2.oge.gov/201/Presiden.nsf/PAS+Index/405E4EC4E27BE8D185258DF7002DD1C0/$FILE/Trump,%20Donald%20J.-05.08.2026-278T(2).pdf"
2026-01-23,purchase,CONSOLIDATED EDISON INC,"$1,001 - $15,000",False,54,"https://extapps2.oge.gov/201/Presiden.nsf/PAS+Index/405E4EC4E27BE8D185258DF7002DD1C0/$FILE/Trump,%20Donald%20J.-05.08.2026-278T(2).pdf"
2026-02-19,purchase,META PLATFORMS INC CL A,"$1,001 - $15,000",False,54,"https://extapps2.oge.gov/201/Presiden.nsf/PAS+Index/405E4EC4E27BE8D185258DF7002DD1C0/$FILE/Trump,%20Donald%20J.-05.08.2026-278T(2).pdf"
2026-03-28,purchase,BOSTON SCIENTIFIC CORP,"$1,001 - $15,000",False,54,"https://extapps2.oge.gov/201/Presiden.nsf/PAS+Index/405E4EC4E27BE8D185258DF7002DD1C0/$FILE/Trump,%20Donald%20J.-05.08.2026-278T(2).pdf"
2026-02-19,purchase,17'll ON SEMICONDUCTOR CORP,"$1,001 - $15,000",False,54,"https://extapps2.oge.gov/201/Presiden.nsf/PAS+Index/405E4EC4E27BE8D185258DF7002DD1C0/$FILE/Trump,%20Donald%20J.-05.08.2026-278T(2).pdf"
2026-03-17,purchase,PROCTER & GAMBLE CO,"$1,001 - $15,000",True,54,"https://extapps2.oge.gov/201/Presiden.nsf/PAS+Index/405E4EC4E27BE8D185258DF7002DD1C0/$FILE/Trump,%20Donald%20J.-05.08.2026-278T(2).pdf"
2026-03-17,purchase,UBER TECHNOLOGIES INC,"$1,001 - $15,000",True,54,"https://extapps2.oge.gov/201/Presiden.nsf/PAS+Index/405E4EC4E27BE8D185258DF7002DD1C0/$FILE/Trump,%20Donald%20J.-05.08.2026-278T(2).pdf"
2026-03-17,purchase,ILLINOIS TOOL WKS INC,"$1,001 - $15,000",True,54,"https://extapps2.oge.gov/201/Presiden.nsf/PAS+Index/405E4EC4E27BE8D185258DF7002DD1C0/$FILE/Trump,%20Donald%20J.-05.08.2026-278T(2).pdf"
2026-03-17,purchase,MICRON TECHNOLOGY INC,"$1,001 - $15,000",False,55,"https://extapps2.oge.gov/201/Presiden.nsf/PAS+Index/405E4EC4E27BE8D185258DF7002DD1C0/$FILE/Trump,%20Donald%20J.-05.08.2026-278T(2).pdf"
2026-03-17,purchase,HONEYWELL INTL INC,"$1,001 - $15,000",False,55,"https://extapps2.oge.gov/201/Presiden.nsf/PAS+Index/405E4EC4E27BE8D185258DF7002DD1C0/$FILE/Trump,%20Donald%20J.-05.08.2026-278T(2).pdf"
2026-03-17,purchase,DELTA AIR LINES INC DEL,"$1,001 - $15,000",False,55,"https://extapps2.oge.gov/201/Presiden.nsf/PAS+Index/405E4EC4E27BE8D185258DF7002DD1C0/$FILE/Trump,%20Donald%20J.-05.08.2026-278T(2).pdf"
2026-03-17,purchase,BLACKSTONE INC,"$1,001 - $15,000",False,55,"https://extapps2.oge.gov/201/Presiden.nsf/PAS+Index/405E4EC4E27BE8D185258DF7002DD1C0/$FILE/Trump,%20Donald%20J.-05.08.2026-278T(2).pdf"
2026-03-17,purchase,CHEVRON CORP NEW,"$1,001 - $15,000",False,55,"https://extapps2.oge.gov/201/Presiden.nsf/PAS+Index/405E4EC4E27BE8D185258DF7002DD1C0/$FILE/Trump,%20Donald%20J.-05.08.2026-278T(2).pdf"
2026-03-17,purchase,TJX COS INC NEW,"$1,001 - $15,000",False,55,"https://extapps2.oge.gov/201/Presiden.nsf/PAS+Index/405E4EC4E27BE8D185258DF7002DD1C0/$FILE/Trump,%20Donald%20J.-05.08.2026-278T(2).pdf"
2026-03-17,purchase,MERCK & CO. INC,"$1,001 - $15,000",False,55,"https://extapps2.oge.gov/201/Presiden.nsf/PAS+Index/405E4EC4E27BE8D185258DF7002DD1C0/$FILE/Trump,%20Donald%20J.-05.08.2026-278T(2).pdf"
2026-03-23,purchase,PROCTER & GAMBLE CO,"$1,001 - $15,000",False,55,"https://extapps2.oge.gov/201/Presiden.nsf/PAS+Index/405E4EC4E27BE8D185258DF7002DD1C0/$FILE/Trump,%20Donald%20J.-05.08.2026-278T(2).pdf"
2026-01-23,purchase,SYSCO CORP,"$1,001 - $15,000",False,55,"https://extapps2.oge.gov/201/Presiden.nsf/PAS+Index/405E4EC4E27BE8D185258DF7002DD1C0/$FILE/Trump,%20Donald%20J.-05.08.2026-278T(2).pdf"
2026-01-21,purchase,",no BROWN & BROWN INC","$1,001 - $15,000",False,55,"https://extapps2.oge.gov/201/Presiden.nsf/PAS+Index/405E4EC4E27BE8D185258DF7002DD1C0/$FILE/Trump,%20Donald%20J.-05.08.2026-278T(2).pdf"
2026-03-04,purchase,1n7 BRISTOL MYERS SQUIBB COMPANY,"$1,001 - $15,000",True,55,"https://extapps2.oge.gov/201/Presiden.nsf/PAS+Index/405E4EC4E27BE8D185258DF7002DD1C0/$FILE/Trump,%20Donald%20J.-05.08.2026-278T(2).pdf"
2026-03-23,purchase,1TT8 CHEVRON CORP NEW,"$1,001 - $15,000",False,55,"https://extapps2.oge.gov/201/Presiden.nsf/PAS+Index/405E4EC4E27BE8D185258DF7002DD1C0/$FILE/Trump,%20Donald%20J.-05.08.2026-278T(2).pdf"
2026-03-17,purchase,TARGET CORP,"$1,001 - $15,000",False,56,"https://extapps2.oge.gov/201/Presiden.nsf/PAS+Index/405E4EC4E27BE8D185258DF7002DD1C0/$FILE/Trump,%20Donald%20J.-05.08.2026-278T(2).pdf"
2026-02-23,purchase,MORNINGSTAR INC,"$1,001 - $15,000",True,56,"https://extapps2.oge.gov/201/Presiden.nsf/PAS+Index/405E4EC4E27BE8D185258DF7002DD1C0/$FILE/Trump,%20Donald%20J.-05.08.2026-278T(2).pdf"
2026-02-23,purchase,BLUE OWL CAP INC CLASS A,"$1,001 - $15,000",False,56,"https://extapps2.oge.gov/201/Presiden.nsf/PAS+Index/405E4EC4E27BE8D185258DF7002DD1C0/$FILE/Trump,%20Donald%20J.-05.08.2026-278T(2).pdf"
2026-03-23,purchase,SOMNIGROUP INTERNTNL,"$1,001 - $15,000",False,56,"https://extapps2.oge.gov/201/Presiden.nsf/PAS+Index/405E4EC4E27BE8D185258DF7002DD1C0/$FILE/Trump,%20Donald%20J.-05.08.2026-278T(2).pdf"
2026-02-23,purchase,FORTINET INC,"$1,001 - $15,000",False,56,"https://extapps2.oge.gov/201/Presiden.nsf/PAS+Index/405E4EC4E27BE8D185258DF7002DD1C0/$FILE/Trump,%20Donald%20J.-05.08.2026-278T(2).pdf"
2028-03-17,purchase,GOLDMAN SACHS GROUP INC,"$1,001 - $15,000",False,56,"https://extapps2.oge.gov/201/Presiden.nsf/PAS+Index/405E4EC4E27BE8D185258DF7002DD1C0/$FILE/Trump,%20Donald%20J.-05.08.2026-278T(2).pdf"
2028-02-12,purchase,SALESFORCE INC,"$1,001 - $15,000",False,56,"https://extapps2.oge.gov/201/Presiden.nsf/PAS+Index/405E4EC4E27BE8D185258DF7002DD1C0/$FILE/Trump,%20Donald%20J.-05.08.2026-278T(2).pdf"
2028-03-17,purchase,PHILIP MORRIS INTI. INC,"$1,001 - $15,000",False,56,"https://extapps2.oge.gov/201/Presiden.nsf/PAS+Index/405E4EC4E27BE8D185258DF7002DD1C0/$FILE/Trump,%20Donald%20J.-05.08.2026-278T(2).pdf"
2026-03-23,purchase,MASTERCARD INC CLASS A,"$1,001 - $15,000",False,56,"https://extapps2.oge.gov/201/Presiden.nsf/PAS+Index/405E4EC4E27BE8D185258DF7002DD1C0/$FILE/Trump,%20Donald%20J.-05.08.2026-278T(2).pdf"
2026-03-17,purchase,TEXAS INSTRS INC,"$1,001 - $15,000",False,56,"https://extapps2.oge.gov/201/Presiden.nsf/PAS+Index/405E4EC4E27BE8D185258DF7002DD1C0/$FILE/Trump,%20Donald%20J.-05.08.2026-278T(2).pdf"
2026-03-23,purchase,CISCO SYS INC,"$1,001 - $15,000",False,56,"https://extapps2.oge.gov/201/Presiden.nsf/PAS+Index/405E4EC4E27BE8D185258DF7002DD1C0/$FILE/Trump,%20Donald%20J.-05.08.2026-278T(2).pdf"
2026-01-21,purchase,PAYCHEX INC,"$1,001 - $15,000",False,56,"https://extapps2.oge.gov/201/Presiden.nsf/PAS+Index/405E4EC4E27BE8D185258DF7002DD1C0/$FILE/Trump,%20Donald%20J.-05.08.2026-278T(2).pdf"
2026-02-19,purchase,CADENCE DESIGN SYSTEMS INC,"$1,001 - $15,000",False,56,"https://extapps2.oge.gov/201/Presiden.nsf/PAS+Index/405E4EC4E27BE8D185258DF7002DD1C0/$FILE/Trump,%20Donald%20J.-05.08.2026-278T(2).pdf"
2026-01-21,purchase,DUKE ENERGY CORP NEW,"$1,001 - $15,000",False,58,"https://extapps2.oge.gov/201/Presiden.nsf/PAS+Index/405E4EC4E27BE8D185258DF7002DD1C0/$FILE/Trump,%20Donald%20J.-05.08.2026-278T(2).pdf"
2026-03-26,purchase,MCDONALOS CORP,"$1,001 - $15,000",False,58,"https://extapps2.oge.gov/201/Presiden.nsf/PAS+Index/405E4EC4E27BE8D185258DF7002DD1C0/$FILE/Trump,%20Donald%20J.-05.08.2026-278T(2).pdf"
2026-03-23,purchase,CARLYLE GROUP INC,"$1,001 - $15,000",False,58,"https://extapps2.oge.gov/201/Presiden.nsf/PAS+Index/405E4EC4E27BE8D185258DF7002DD1C0/$FILE/Trump,%20Donald%20J.-05.08.2026-278T(2).pdf"
2026-03-23,purchase,UNITEDHEALTH GROUP INC,"$1,001 - $15,000",True,59,"https://extapps2.oge.gov/201/Presiden.nsf/PAS+Index/405E4EC4E27BE8D185258DF7002DD1C0/$FILE/Trump,%20Donald%20J.-05.08.2026-278T(2).pdf"
2026-03-17,purchase,GALLAGHER ARTHUR J & CO,"$1,001 - $15,000",False,59,"https://extapps2.oge.gov/201/Presiden.nsf/PAS+Index/405E4EC4E27BE8D185258DF7002DD1C0/$FILE/Trump,%20Donald%20J.-05.08.2026-278T(2).pdf"
2026-03-23,purchase,VITAL FARMS INC,"$1,001 - $15,000",False,59,"https://extapps2.oge.gov/201/Presiden.nsf/PAS+Index/405E4EC4E27BE8D185258DF7002DD1C0/$FILE/Trump,%20Donald%20J.-05.08.2026-278T(2).pdf"
2026-03-17,purchase,AMERICAN EXPRESS CO,"$1,001 - $15,000",False,59,"https://extapps2.oge.gov/201/Presiden.nsf/PAS+Index/405E4EC4E27BE8D185258DF7002DD1C0/$FILE/Trump,%20Donald%20J.-05.08.2026-278T(2).pdf"
2026-03-17,purchase,WELLS FARGO & CO,"$1,001 - $15,000",False,59,"https://extapps2.oge.gov/201/Presiden.nsf/PAS+Index/405E4EC4E27BE8D185258DF7002DD1C0/$FILE/Trump,%20Donald%20J.-05.08.2026-278T(2).pdf"
2026-03-26,purchase,KKR&COINC,"$1,001 - $15,000",False,59,"https://extapps2.oge.gov/201/Presiden.nsf/PAS+Index/405E4EC4E27BE8D185258DF7002DD1C0/$FILE/Trump,%20Donald%20J.-05.08.2026-278T(2).pdf"
2026-01-23,purchase,EBAY INC,"$1,001 - $15,000",False,59,"https://extapps2.oge.gov/201/Presiden.nsf/PAS+Index/405E4EC4E27BE8D185258DF7002DD1C0/$FILE/Trump,%20Donald%20J.-05.08.2026-278T(2).pdf"
2026-03-26,purchase,HEICO CORP NEW,"$1,001 - $15,000",False,59,"https://extapps2.oge.gov/201/Presiden.nsf/PAS+Index/405E4EC4E27BE8D185258DF7002DD1C0/$FILE/Trump,%20Donald%20J.-05.08.2026-278T(2).pdf"
2026-01-21,purchase,TRANE TECHNOLOGIES PLC F,"$1,001 - $15,000",False,59,"https://extapps2.oge.gov/201/Presiden.nsf/PAS+Index/405E4EC4E27BE8D185258DF7002DD1C0/$FILE/Trump,%20Donald%20J.-05.08.2026-278T(2).pdf"
2026-03-26,purchase,FISERV INC,"$1,001 - $15,000",False,59,"https://extapps2.oge.gov/201/Presiden.nsf/PAS+Index/405E4EC4E27BE8D185258DF7002DD1C0/$FILE/Trump,%20Donald%20J.-05.08.2026-278T(2).pdf"
2026-02-19,purchase,AUTODESK INC,"$1,001 - $15,000",False,59,"https://extapps2.oge.gov/201/Presiden.nsf/PAS+Index/405E4EC4E27BE8D185258DF7002DD1C0/$FILE/Trump,%20Donald%20J.-05.08.2026-278T(2).pdf"
2026-02-23,purchase,TOAST INC CLASS A,"$1,001 - $15,000",True,59,"https://extapps2.oge.gov/201/Presiden.nsf/PAS+Index/405E4EC4E27BE8D185258DF7002DD1C0/$FILE/Trump,%20Donald%20J.-05.08.2026-278T(2).pdf"
2026-03-17,purchase,CITIGROUP INC,"$1,001 - $15,000",True,59,"https://extapps2.oge.gov/201/Presiden.nsf/PAS+Index/405E4EC4E27BE8D185258DF7002DD1C0/$FILE/Trump,%20Donald%20J.-05.08.2026-278T(2).pdf"
2026-03-23,purchase,ORACLE CORP,"$1,001 - $15,000",False,60,"https://extapps2.oge.gov/201/Presiden.nsf/PAS+Index/405E4EC4E27BE8D185258DF7002DD1C0/$FILE/Trump,%20Donald%20J.-05.08.2026-278T(2).pdf"
2026-03-17,purchase,RB GLOBAL INC F,"$1,001 - $15,000",False,60,"https://extapps2.oge.gov/201/Presiden.nsf/PAS+Index/405E4EC4E27BE8D185258DF7002DD1C0/$FILE/Trump,%20Donald%20J.-05.08.2026-278T(2).pdf"
2026-03-23,purchase,CATERPILLAR INC,"$1,001 - $15,000",False,60,"https://extapps2.oge.gov/201/Presiden.nsf/PAS+Index/405E4EC4E27BE8D185258DF7002DD1C0/$FILE/Trump,%20Donald%20J.-05.08.2026-278T(2).pdf"
2026-02-12,purchase,WORKDAY INC ClASS A,"$1,001 - $15,000",False,60,"https://extapps2.oge.gov/201/Presiden.nsf/PAS+Index/405E4EC4E27BE8D185258DF7002DD1C0/$FILE/Trump,%20Donald%20J.-05.08.2026-278T(2).pdf"
2026-02-12,purchase,ROPER TECHNOLOGIES INC,"$1,001 - $15,000",False,60,"https://extapps2.oge.gov/201/Presiden.nsf/PAS+Index/405E4EC4E27BE8D185258DF7002DD1C0/$FILE/Trump,%20Donald%20J.-05.08.2026-278T(2).pdf"
2026-02-19,purchase,STARBUCKS CORP,"$1,001 - $15,000",False,60,"https://extapps2.oge.gov/201/Presiden.nsf/PAS+Index/405E4EC4E27BE8D185258DF7002DD1C0/$FILE/Trump,%20Donald%20J.-05.08.2026-278T(2).pdf"
2026-03-23,purchase,FERGUSON ENTERPRISES INC,"$1,001 - $15,000",True,61,"https://extapps2.oge.gov/201/Presiden.nsf/PAS+Index/405E4EC4E27BE8D185258DF7002DD1C0/$FILE/Trump,%20Donald%20J.-05.08.2026-278T(2).pdf"
2026-03-23,purchase,ROBINHOOO MKTS INC CLASS A,"$1,001 - $15,000",True,62,"https://extapps2.oge.gov/201/Presiden.nsf/PAS+Index/405E4EC4E27BE8D185258DF7002DD1C0/$FILE/Trump,%20Donald%20J.-05.08.2026-278T(2).pdf"
2026-03-23,purchase,MEDTRONIC PLC F,"$1,001 - $15,000",False,62,"https://extapps2.oge.gov/201/Presiden.nsf/PAS+Index/405E4EC4E27BE8D185258DF7002DD1C0/$FILE/Trump,%20Donald%20J.-05.08.2026-278T(2).pdf"
2026-03-17,purchase,APPLOVIN CORP CLASS A,"$1,001 - $15,000",False,62,"https://extapps2.oge.gov/201/Presiden.nsf/PAS+Index/405E4EC4E27BE8D185258DF7002DD1C0/$FILE/Trump,%20Donald%20J.-05.08.2026-278T(2).pdf"
2026-02-12,purchase,AGILENT TECHNOLOGIES INC,"$1,001 - $15,000",True,62,"https://extapps2.oge.gov/201/Presiden.nsf/PAS+Index/405E4EC4E27BE8D185258DF7002DD1C0/$FILE/Trump,%20Donald%20J.-05.08.2026-278T(2).pdf"
2026-03-17,purchase,WOODWARD INC,"$1,001 - $15,000",True,62,"https://extapps2.oge.gov/201/Presiden.nsf/PAS+Index/405E4EC4E27BE8D185258DF7002DD1C0/$FILE/Trump,%20Donald%20J.-05.08.2026-278T(2).pdf"
2026-03-23,purchase,SMUCKER J M CO,"$1,001 - $15,000",True,62,"https://extapps2.oge.gov/201/Presiden.nsf/PAS+Index/405E4EC4E27BE8D185258DF7002DD1C0/$FILE/Trump,%20Donald%20J.-05.08.2026-278T(2).pdf"
2026-03-26,purchase,KRAFT HEINZ CO,"$1,001 - $15,000",False,63,"https://extapps2.oge.gov/201/Presiden.nsf/PAS+Index/405E4EC4E27BE8D185258DF7002DD1C0/$FILE/Trump,%20Donald%20J.-05.08.2026-278T(2).pdf"
2026-03-17,purchase,BOSTON SCIENTIFIC CORP,"$1,001 - $15,000",True,63,"https://extapps2.oge.gov/201/Presiden.nsf/PAS+Index/405E4EC4E27BE8D185258DF7002DD1C0/$FILE/Trump,%20Donald%20J.-05.08.2026-278T(2).pdf"
2026-03-17,purchase,QUANTA SVCS INC,"$1,001 - $15,000",True,63,"https://extapps2.oge.gov/201/Presiden.nsf/PAS+Index/405E4EC4E27BE8D185258DF7002DD1C0/$FILE/Trump,%20Donald%20J.-05.08.2026-278T(2).pdf"
2026-03-23,purchase,TE CONNECTIVITY PLC F,"$1,001 - $15,000",False,63,"https://extapps2.oge.gov/201/Presiden.nsf/PAS+Index/405E4EC4E27BE8D185258DF7002DD1C0/$FILE/Trump,%20Donald%20J.-05.08.2026-278T(2).pdf"
2026-03-23,purchase,ITTINC,"$1,001 - $15,000",False,63,"https://extapps2.oge.gov/201/Presiden.nsf/PAS+Index/405E4EC4E27BE8D185258DF7002DD1C0/$FILE/Trump,%20Donald%20J.-05.08.2026-278T(2).pdf"
2026-03-23,purchase,GUIDEWIRE SOFTWARE INC,"$1,001 - $15,000",False,64,"https://extapps2.oge.gov/201/Presiden.nsf/PAS+Index/405E4EC4E27BE8D185258DF7002DD1C0/$FILE/Trump,%20Donald%20J.-05.08.2026-278T(2).pdf"
2026-02-12,purchase,COUPANG INC CLASS A,"$1,001 - $15,000",False,64,"https://extapps2.oge.gov/201/Presiden.nsf/PAS+Index/405E4EC4E27BE8D185258DF7002DD1C0/$FILE/Trump,%20Donald%20J.-05.08.2026-278T(2).pdf"
2026-03-17,purchase,EOG RES INC,"$1,001 - $15,000",False,64,"https://extapps2.oge.gov/201/Presiden.nsf/PAS+Index/405E4EC4E27BE8D185258DF7002DD1C0/$FILE/Trump,%20Donald%20J.-05.08.2026-278T(2).pdf"
2026-03-17,purchase,VERTEX PHARMACEUTICALS,"$1,001 - $15,000",False,64,"https://extapps2.oge.gov/201/Presiden.nsf/PAS+Index/405E4EC4E27BE8D185258DF7002DD1C0/$FILE/Trump,%20Donald%20J.-05.08.2026-278T(2).pdf"
2026-03-17,purchase,PFIZER INC,"$1,001 - $15,000",False,64,"https://extapps2.oge.gov/201/Presiden.nsf/PAS+Index/405E4EC4E27BE8D185258DF7002DD1C0/$FILE/Trump,%20Donald%20J.-05.08.2026-278T(2).pdf"
2026-03-23,purchase,EVEREST REINSURANCE GR F,"$1,001 - $15,000",False,64,"https://extapps2.oge.gov/201/Presiden.nsf/PAS+Index/405E4EC4E27BE8D185258DF7002DD1C0/$FILE/Trump,%20Donald%20J.-05.08.2026-278T(2).pdf"
2026-02-23,purchase,ELASTIC NVF,"$1,001 - $15,000",True,65,"https://extapps2.oge.gov/201/Presiden.nsf/PAS+Index/405E4EC4E27BE8D185258DF7002DD1C0/$FILE/Trump,%20Donald%20J.-05.08.2026-278T(2).pdf"
2026-03-23,purchase,FABRINETF,"$1,001 - $15,000",True,65,"https://extapps2.oge.gov/201/Presiden.nsf/PAS+Index/405E4EC4E27BE8D185258DF7002DD1C0/$FILE/Trump,%20Donald%20J.-05.08.2026-278T(2).pdf"
2026-03-23,purchase,RESMEDINC,"$1,001 - $15,000",True,65,"https://extapps2.oge.gov/201/Presiden.nsf/PAS+Index/405E4EC4E27BE8D185258DF7002DD1C0/$FILE/Trump,%20Donald%20J.-05.08.2026-278T(2).pdf"
2026-03-23,purchase,GENERAL MTRS CO,"$1,001 - $15,000",False,65,"https://extapps2.oge.gov/201/Presiden.nsf/PAS+Index/405E4EC4E27BE8D185258DF7002DD1C0/$FILE/Trump,%20Donald%20J.-05.08.2026-278T(2).pdf"
2026-03-23,purchase,PG&E CORP,"$1,001 - $15,000",True,65,"https://extapps2.oge.gov/201/Presiden.nsf/PAS+Index/405E4EC4E27BE8D185258DF7002DD1C0/$FILE/Trump,%20Donald%20J.-05.08.2026-278T(2).pdf"
2026-03-23,purchase,COGNIZANT TECHNOLOGY SOL CLASS A,"$1,001 - $15,000",True,65,"https://extapps2.oge.gov/201/Presiden.nsf/PAS+Index/405E4EC4E27BE8D185258DF7002DD1C0/$FILE/Trump,%20Donald%20J.-05.08.2026-278T(2).pdf"
2026-03-23,purchase,CORNING INC,"$1,001 - $15,000",False,66,"https://extapps2.oge.gov/201/Presiden.nsf/PAS+Index/405E4EC4E27BE8D185258DF7002DD1C0/$FILE/Trump,%20Donald%20J.-05.08.2026-278T(2).pdf"
2026-03-23,purchase,ABBOTT LABS,"$1,001 - $15,000",False,66,"https://extapps2.oge.gov/201/Presiden.nsf/PAS+Index/405E4EC4E27BE8D185258DF7002DD1C0/$FILE/Trump,%20Donald%20J.-05.08.2026-278T(2).pdf"
2026-03-17,purchase,CARVANA CO CLASS A,"$1,001 - $15,000",False,66,"https://extapps2.oge.gov/201/Presiden.nsf/PAS+Index/405E4EC4E27BE8D185258DF7002DD1C0/$FILE/Trump,%20Donald%20J.-05.08.2026-278T(2).pdf"
2026-03-23,purchase,NEXTPOWER INC CLASS A,"$1,001 - $15,000",False,66,"https://extapps2.oge.gov/201/Presiden.nsf/PAS+Index/405E4EC4E27BE8D185258DF7002DD1C0/$FILE/Trump,%20Donald%20J.-05.08.2026-278T(2).pdf"
2026-03-23,purchase,HANOVER INS GROUP INC,"$1,001 - $15,000",False,66,"https://extapps2.oge.gov/201/Presiden.nsf/PAS+Index/405E4EC4E27BE8D185258DF7002DD1C0/$FILE/Trump,%20Donald%20J.-05.08.2026-278T(2).pdf"
2026-03-17,purchase,CVS HEALTH CORP,"$1,001 - $15,000",False,66,"https://extapps2.oge.gov/201/Presiden.nsf/PAS+Index/405E4EC4E27BE8D185258DF7002DD1C0/$FILE/Trump,%20Donald%20J.-05.08.2026-278T(2).pdf"
2026-03-23,purchase,SYNOPSYS INC,"$1,001 - $15,000",False,66,"https://extapps2.oge.gov/201/Presiden.nsf/PAS+Index/405E4EC4E27BE8D185258DF7002DD1C0/$FILE/Trump,%20Donald%20J.-05.08.2026-278T(2).pdf"
2026-03-23,purchase,ALNYLAM PHARMACEUTICALS,"$1,001 - $15,000",False,66,"https://extapps2.oge.gov/201/Presiden.nsf/PAS+Index/405E4EC4E27BE8D185258DF7002DD1C0/$FILE/Trump,%20Donald%20J.-05.08.2026-278T(2).pdf"
2026-03-17,purchase,21<14 ROYAL GOLD INC,"$1,001 - $15,000",False,67,"https://extapps2.oge.gov/201/Presiden.nsf/PAS+Index/405E4EC4E27BE8D185258DF7002DD1C0/$FILE/Trump,%20Donald%20J.-05.08.2026-278T(2).pdf"
2026-01-12,purchase,STRATEGY INC CLASS A,"$1,001 - $15,000",False,67,"https://extapps2.oge.gov/201/Presiden.nsf/PAS+Index/405E4EC4E27BE8D185258DF7002DD1C0/$FILE/Trump,%20Donald%20J.-05.08.2026-278T(2).pdf"
2026-01-12,purchase,HOME DEPOT INC,"$1,001 - $15,000",False,67,"https://extapps2.oge.gov/201/Presiden.nsf/PAS+Index/405E4EC4E27BE8D185258DF7002DD1C0/$FILE/Trump,%20Donald%20J.-05.08.2026-278T(2).pdf"
2026-03-26,purchase,ESABCORP,"$1,001 - $15,000",False,67,"https://extapps2.oge.gov/201/Presiden.nsf/PAS+Index/405E4EC4E27BE8D185258DF7002DD1C0/$FILE/Trump,%20Donald%20J.-05.08.2026-278T(2).pdf"
2026-02-23,purchase,SERVlCETITAN INC CLASS A,"$1,001 - $15,000",True,67,"https://extapps2.oge.gov/201/Presiden.nsf/PAS+Index/405E4EC4E27BE8D185258DF7002DD1C0/$FILE/Trump,%20Donald%20J.-05.08.2026-278T(2).pdf"
2026-02-12,purchase,VISA INC CLASS A,"$1,001 - $15,000",False,67,"https://extapps2.oge.gov/201/Presiden.nsf/PAS+Index/405E4EC4E27BE8D185258DF7002DD1C0/$FILE/Trump,%20Donald%20J.-05.08.2026-278T(2).pdf"
2026-03-04,purchase,GENUINE PARTS CO,"$1,001 - $15,000",False,67,"https://extapps2.oge.gov/201/Presiden.nsf/PAS+Index/405E4EC4E27BE8D185258DF7002DD1C0/$FILE/Trump,%20Donald%20J.-05.08.2026-278T(2).pdf"
2026-03-17,purchase,SHERWIN-WILLIAMS CO,"$1,001 - $15,000",False,67,"https://extapps2.oge.gov/201/Presiden.nsf/PAS+Index/405E4EC4E27BE8D185258DF7002DD1C0/$FILE/Trump,%20Donald%20J.-05.08.2026-278T(2).pdf"
2026-03-17,purchase,AMGEN INC,"$1,001 - $15,000",False,67,"https://extapps2.oge.gov/201/Presiden.nsf/PAS+Index/405E4EC4E27BE8D185258DF7002DD1C0/$FILE/Trump,%20Donald%20J.-05.08.2026-278T(2).pdf"
2025-03-17,purchase,NORTHROP GRUMMAN CORP,"$1,001 - $15,000",False,67,"https://extapps2.oge.gov/201/Presiden.nsf/PAS+Index/405E4EC4E27BE8D185258DF7002DD1C0/$FILE/Trump,%20Donald%20J.-05.08.2026-278T(2).pdf"
2026-03-17,purchase,AIR PRODS & CHEMS INC,"$1,001 - $15,000",False,67,"https://extapps2.oge.gov/201/Presiden.nsf/PAS+Index/405E4EC4E27BE8D185258DF7002DD1C0/$FILE/Trump,%20Donald%20J.-05.08.2026-278T(2).pdf"
2026-01-21,purchase,SENTINELONE INC CLASS A,"$1,001 - $15,000",False,67,"https://extapps2.oge.gov/201/Presiden.nsf/PAS+Index/405E4EC4E27BE8D185258DF7002DD1C0/$FILE/Trump,%20Donald%20J.-05.08.2026-278T(2).pdf"
2026-02-19,purchase,SEAGATE TECHNOLOGY HOLDINGS PUBLIC LTD CO,"$1,001 - $15,000",False,67,"https://extapps2.oge.gov/201/Presiden.nsf/PAS+Index/405E4EC4E27BE8D185258DF7002DD1C0/$FILE/Trump,%20Donald%20J.-05.08.2026-278T(2).pdf"
2026-03-17,purchase,ASTERA LABS INC,"$1,001 - $15,000",True,69,"https://extapps2.oge.gov/201/Presiden.nsf/PAS+Index/405E4EC4E27BE8D185258DF7002DD1C0/$FILE/Trump,%20Donald%20J.-05.08.2026-278T(2).pdf"
2028-02-12,purchase,OOXIMITY INC CLASS A,"$1,001 - $15,000",False,69,"https://extapps2.oge.gov/201/Presiden.nsf/PAS+Index/405E4EC4E27BE8D185258DF7002DD1C0/$FILE/Trump,%20Donald%20J.-05.08.2026-278T(2).pdf"
2026-03-17,purchase,lliE CIGNA GROUP,"$1,001 - $15,000",True,69,"https://extapps2.oge.gov/201/Presiden.nsf/PAS+Index/405E4EC4E27BE8D185258DF7002DD1C0/$FILE/Trump,%20Donald%20J.-05.08.2026-278T(2).pdf"
2026-03-26,purchase,PHILIP MORRIS INTL INC,"$1,001 - $15,000",False,69,"https://extapps2.oge.gov/201/Presiden.nsf/PAS+Index/405E4EC4E27BE8D185258DF7002DD1C0/$FILE/Trump,%20Donald%20J.-05.08.2026-278T(2).pdf"
2026-01-12,purchase,BOSTON SCIENTIFIC CORP,"$1,001 - $15,000",False,69,"https://extapps2.oge.gov/201/Presiden.nsf/PAS+Index/405E4EC4E27BE8D185258DF7002DD1C0/$FILE/Trump,%20Donald%20J.-05.08.2026-278T(2).pdf"
2026-02-19,purchase,CHARTER COMMUNICATIONS INC NEW CL A,"$1,001 - $15,000",False,69,"https://extapps2.oge.gov/201/Presiden.nsf/PAS+Index/405E4EC4E27BE8D185258DF7002DD1C0/$FILE/Trump,%20Donald%20J.-05.08.2026-278T(2).pdf"
2026-02-23,purchase,DUOLINGO INC CLASS A,"$1,001 - $15,000",False,69,"https://extapps2.oge.gov/201/Presiden.nsf/PAS+Index/405E4EC4E27BE8D185258DF7002DD1C0/$FILE/Trump,%20Donald%20J.-05.08.2026-278T(2).pdf"
2026-02-23,purchase,AURORA INNOVATION INC CLASS A,"$1,001 - $15,000",True,69,"https://extapps2.oge.gov/201/Presiden.nsf/PAS+Index/405E4EC4E27BE8D185258DF7002DD1C0/$FILE/Trump,%20Donald%20J.-05.08.2026-278T(2).pdf"
2026-03-17,purchase,AXON ENTERPRISE INC,"$1,001 - $15,000",True,69,"https://extapps2.oge.gov/201/Presiden.nsf/PAS+Index/405E4EC4E27BE8D185258DF7002DD1C0/$FILE/Trump,%20Donald%20J.-05.08.2026-278T(2).pdf"
2026-02-23,purchase,DOXIMITY INC CLASS A,"$1,001 - $15,000",False,69,"https://extapps2.oge.gov/201/Presiden.nsf/PAS+Index/405E4EC4E27BE8D185258DF7002DD1C0/$FILE/Trump,%20Donald%20J.-05.08.2026-278T(2).pdf"
2026-01-21,purchase,CROWN CASTLE INC REIT REIT,"$1,001 - $15,000",False,69,"https://extapps2.oge.gov/201/Presiden.nsf/PAS+Index/405E4EC4E27BE8D185258DF7002DD1C0/$FILE/Trump,%20Donald%20J.-05.08.2026-278T(2).pdf"
2026-02-12,purchase,CROWN CASTLE INC REIT REIT,"$1,001 - $15,000",False,69,"https://extapps2.oge.gov/201/Presiden.nsf/PAS+Index/405E4EC4E27BE8D185258DF7002DD1C0/$FILE/Trump,%20Donald%20J.-05.08.2026-278T(2).pdf"
2026-01-21,purchase,OMNICOM GROUP INC,"$1,001 - $15,000",False,69,"https://extapps2.oge.gov/201/Presiden.nsf/PAS+Index/405E4EC4E27BE8D185258DF7002DD1C0/$FILE/Trump,%20Donald%20J.-05.08.2026-278T(2).pdf"
2026-03-26,purchase,COSTAR GROUP INC,"$1,001 - $15,000",False,70,"https://extapps2.oge.gov/201/Presiden.nsf/PAS+Index/405E4EC4E27BE8D185258DF7002DD1C0/$FILE/Trump,%20Donald%20J.-05.08.2026-278T(2).pdf"
2026-01-12,purchase,GODAODY INC CLASS A,"$1,001 - $15,000",True,70,"https://extapps2.oge.gov/201/Presiden.nsf/PAS+Index/405E4EC4E27BE8D185258DF7002DD1C0/$FILE/Trump,%20Donald%20J.-05.08.2026-278T(2).pdf"
2026-03-26,purchase,PAYCHEX INC,"$1,001 - $15,000",False,70,"https://extapps2.oge.gov/201/Presiden.nsf/PAS+Index/405E4EC4E27BE8D185258DF7002DD1C0/$FILE/Trump,%20Donald%20J.-05.08.2026-278T(2).pdf"
2026-03-26,purchase,KIMBERLY CLARK CORP,"$1,001 - $15,000",True,71,"https://extapps2.oge.gov/201/Presiden.nsf/PAS+Index/405E4EC4E27BE8D185258DF7002DD1C0/$FILE/Trump,%20Donald%20J.-05.08.2026-278T(2).pdf"
2026-03-26,purchase,CADENCE DESIGN SYS INC,"$1,001 - $15,000",True,71,"https://extapps2.oge.gov/201/Presiden.nsf/PAS+Index/405E4EC4E27BE8D185258DF7002DD1C0/$FILE/Trump,%20Donald%20J.-05.08.2026-278T(2).pdf"
2026-02-12,purchase,ROBLOX CORP CLASS A,"$1,001 - $15,000",True,71,"https://extapps2.oge.gov/201/Presiden.nsf/PAS+Index/405E4EC4E27BE8D185258DF7002DD1C0/$FILE/Trump,%20Donald%20J.-05.08.2026-278T(2).pdf"
2026-03-26,purchase,ZSCALERINC,"$1,001 - $15,000",False,72,"https://extapps2.oge.gov/201/Presiden.nsf/PAS+Index/405E4EC4E27BE8D185258DF7002DD1C0/$FILE/Trump,%20Donald%20J.-05.08.2026-278T(2).pdf"
2026-03-26,purchase,FNFGROUPCLASSA,"$1,001 - $15,000",False,72,"https://extapps2.oge.gov/201/Presiden.nsf/PAS+Index/405E4EC4E27BE8D185258DF7002DD1C0/$FILE/Trump,%20Donald%20J.-05.08.2026-278T(2).pdf"
2026-03-26,purchase,CHEMED CORP NEW,"$1,001 - $15,000",False,72,"https://extapps2.oge.gov/201/Presiden.nsf/PAS+Index/405E4EC4E27BE8D185258DF7002DD1C0/$FILE/Trump,%20Donald%20J.-05.08.2026-278T(2).pdf"
2026-01-12,purchase,ACUITY INC,"$1,001 - $15,000",True,72,"https://extapps2.oge.gov/201/Presiden.nsf/PAS+Index/405E4EC4E27BE8D185258DF7002DD1C0/$FILE/Trump,%20Donald%20J.-05.08.2026-278T(2).pdf"
2026-02-23,purchase,KYNDRYL HLDGS INC,"$1,001 - $15,000",False,72,"https://extapps2.oge.gov/201/Presiden.nsf/PAS+Index/405E4EC4E27BE8D185258DF7002DD1C0/$FILE/Trump,%20Donald%20J.-05.08.2026-278T(2).pdf"
2026-03-26,purchase,AMERICAN INTL GROUP INC,"$1,001 - $15,000",True,72,"https://extapps2.oge.gov/201/Presiden.nsf/PAS+Index/405E4EC4E27BE8D185258DF7002DD1C0/$FILE/Trump,%20Donald%20J.-05.08.2026-278T(2).pdf"
2026-03-26,purchase,PENSKE AUTOMOTIVE GROUP,"$1,001 - $15,000",False,72,"https://extapps2.oge.gov/201/Presiden.nsf/PAS+Index/405E4EC4E27BE8D185258DF7002DD1C0/$FILE/Trump,%20Donald%20J.-05.08.2026-278T(2).pdf"
2026-03-26,purchase,RYAN SPECIALTY HOLDINGS CLASS A,"$1,001 - $15,000",True,72,"https://extapps2.oge.gov/201/Presiden.nsf/PAS+Index/405E4EC4E27BE8D185258DF7002DD1C0/$FILE/Trump,%20Donald%20J.-05.08.2026-278T(2).pdf"
2026-03-26,purchase,SMURFIT WESTROCK PLC F,"$1,001 - $15,000",False,72,"https://extapps2.oge.gov/201/Presiden.nsf/PAS+Index/405E4EC4E27BE8D185258DF7002DD1C0/$FILE/Trump,%20Donald%20J.-05.08.2026-278T(2).pdf"
2026-03-26,purchase,KENVUEINC,"$1,001 - $15,000",False,72,"https://extapps2.oge.gov/201/Presiden.nsf/PAS+Index/405E4EC4E27BE8D185258DF7002DD1C0/$FILE/Trump,%20Donald%20J.-05.08.2026-278T(2).pdf"
2026-03-26,purchase,POOL CORP,"$1,001 - $15,000",True,72,"https://extapps2.oge.gov/201/Presiden.nsf/PAS+Index/405E4EC4E27BE8D185258DF7002DD1C0/$FILE/Trump,%20Donald%20J.-05.08.2026-278T(2).pdf"
2026-03-26,purchase,ALTRIA GROUP INC,"$1,001 - $15,000",False,72,"https://extapps2.oge.gov/201/Presiden.nsf/PAS+Index/405E4EC4E27BE8D185258DF7002DD1C0/$FILE/Trump,%20Donald%20J.-05.08.2026-278T(2).pdf"
2026-03-17,sale,BROWN & BROWN INC,"$1,001 - $15,000",False,73,"https://extapps2.oge.gov/201/Presiden.nsf/PAS+Index/405E4EC4E27BE8D185258DF7002DD1C0/$FILE/Trump,%20Donald%20J.-05.08.2026-278T(2).pdf"
2026-02-23,sale,EPAMSYSINC,"$1,001 - $15,000",False,73,"https://extapps2.oge.gov/201/Presiden.nsf/PAS+Index/405E4EC4E27BE8D185258DF7002DD1C0/$FILE/Trump,%20Donald%20J.-05.08.2026-278T(2).pdf"
2026-02-12,sale,DYNATRACE INC,"$1,001 - $15,000",False,73,"https://extapps2.oge.gov/201/Presiden.nsf/PAS+Index/405E4EC4E27BE8D185258DF7002DD1C0/$FILE/Trump,%20Donald%20J.-05.08.2026-278T(2).pdf"
2026-01-12,sale,THE CIGNA GROUP,"$1,001 - $15,000",False,73,"https://extapps2.oge.gov/201/Presiden.nsf/PAS+Index/405E4EC4E27BE8D185258DF7002DD1C0/$FILE/Trump,%20Donald%20J.-05.08.2026-278T(2).pdf"
2026-02-12,sale,ZSCALERINC,"$1,001 - $15,000",False,73,"https://extapps2.oge.gov/201/Presiden.nsf/PAS+Index/405E4EC4E27BE8D185258DF7002DD1C0/$FILE/Trump,%20Donald%20J.-05.08.2026-278T(2).pdf"
2026-02-12,sale,TYLER TECHNOLOGIES INC,"$1,001 - $15,000",False,73,"https://extapps2.oge.gov/201/Presiden.nsf/PAS+Index/405E4EC4E27BE8D185258DF7002DD1C0/$FILE/Trump,%20Donald%20J.-05.08.2026-278T(2).pdf"
2026-02-23,sale,BANK OF AMERICA CORP,"$1,001 - $15,000",False,73,"https://extapps2.oge.gov/201/Presiden.nsf/PAS+Index/405E4EC4E27BE8D185258DF7002DD1C0/$FILE/Trump,%20Donald%20J.-05.08.2026-278T(2).pdf"
2026-03-26,sale,CROWDSTRIKE HLDGS INC CLASS A,"$1,001 - $15,000",False,73,"https://extapps2.oge.gov/201/Presiden.nsf/PAS+Index/405E4EC4E27BE8D185258DF7002DD1C0/$FILE/Trump,%20Donald%20J.-05.08.2026-278T(2).pdf"
2026-01-06,sale,VERSANT MEDIA GROUP INC CL A UNSOLICITED,"$1,001 - $15,000",False,73,"https://extapps2.oge.gov/201/Presiden.nsf/PAS+Index/405E4EC4E27BE8D185258DF7002DD1C0/$FILE/Trump,%20Donald%20J.-05.08.2026-278T(2).pdf"
2026-01-21,sale,BANK OF AMERICA CORP,"$1,001 - $15,000",False,73,"https://extapps2.oge.gov/201/Presiden.nsf/PAS+Index/405E4EC4E27BE8D185258DF7002DD1C0/$FILE/Trump,%20Donald%20J.-05.08.2026-278T(2).pdf"
2026-02-12,sale,VARONIS SYS INC,"$1,001 - $15,000",False,73,"https://extapps2.oge.gov/201/Presiden.nsf/PAS+Index/405E4EC4E27BE8D185258DF7002DD1C0/$FILE/Trump,%20Donald%20J.-05.08.2026-278T(2).pdf"
2026-03-26,sale,RUBRIK INC CLASS A,"$1,001 - $15,000",False,74,"https://extapps2.oge.gov/201/Presiden.nsf/PAS+Index/405E4EC4E27BE8D185258DF7002DD1C0/$FILE/Trump,%20Donald%20J.-05.08.2026-278T(2).pdf"
2026-03-17,sale,HUNTINGTON BANCSHARES INC,"$1,001 - $15,000",True,74,"https://extapps2.oge.gov/201/Presiden.nsf/PAS+Index/405E4EC4E27BE8D185258DF7002DD1C0/$FILE/Trump,%20Donald%20J.-05.08.2026-278T(2).pdf"
2028-03-26,sale,MOLINA HEALTHCARE INC,"$1,001 - $15,000",False,74,"https://extapps2.oge.gov/201/Presiden.nsf/PAS+Index/405E4EC4E27BE8D185258DF7002DD1C0/$FILE/Trump,%20Donald%20J.-05.08.2026-278T(2).pdf"
2026-01-12,sale,ADVANCED MICRO DEVIC,"$1,001 - $15,000",False,74,"https://extapps2.oge.gov/201/Presiden.nsf/PAS+Index/405E4EC4E27BE8D185258DF7002DD1C0/$FILE/Trump,%20Donald%20J.-05.08.2026-278T(2).pdf"
2026-01-12,sale,EOG RES INC,"$1,001 - $15,000",False,74,"https://extapps2.oge.gov/201/Presiden.nsf/PAS+Index/405E4EC4E27BE8D185258DF7002DD1C0/$FILE/Trump,%20Donald%20J.-05.08.2026-278T(2).pdf"
2026-02-12,sale,HUMANA INC,"$1,001 - $15,000",False,74,"https://extapps2.oge.gov/201/Presiden.nsf/PAS+Index/405E4EC4E27BE8D185258DF7002DD1C0/$FILE/Trump,%20Donald%20J.-05.08.2026-278T(2).pdf"
2026-03-26,sale,TALEN ENERGY CORP NEW ClASS EQUITY,"$1,001 - $15,000",False,74,"https://extapps2.oge.gov/201/Presiden.nsf/PAS+Index/405E4EC4E27BE8D185258DF7002DD1C0/$FILE/Trump,%20Donald%20J.-05.08.2026-278T(2).pdf"
2026-02-12,sale,FIDELITY NATL INFORMATIO,"$1,001 - $15,000",False,74,"https://extapps2.oge.gov/201/Presiden.nsf/PAS+Index/405E4EC4E27BE8D185258DF7002DD1C0/$FILE/Trump,%20Donald%20J.-05.08.2026-278T(2).pdf"
2028-02-12,sale,ASTERA LABS INC,"$1,001 - $15,000",False,74,"https://extapps2.oge.gov/201/Presiden.nsf/PAS+Index/405E4EC4E27BE8D185258DF7002DD1C0/$FILE/Trump,%20Donald%20J.-05.08.2026-278T(2).pdf"
2026-02-23,sale,ROBINHOOD MKTS INC Cl.ASS A,"$1,001 - $15,000",False,74,"https://extapps2.oge.gov/201/Presiden.nsf/PAS+Index/405E4EC4E27BE8D185258DF7002DD1C0/$FILE/Trump,%20Donald%20J.-05.08.2026-278T(2).pdf"
2026-01-21,sale,XYLEM INC,"$1,001 - $15,000",False,74,"https://extapps2.oge.gov/201/Presiden.nsf/PAS+Index/405E4EC4E27BE8D185258DF7002DD1C0/$FILE/Trump,%20Donald%20J.-05.08.2026-278T(2).pdf"
2026-01-21,sale,GODADDY INC ClASS A,"$1,001 - $15,000",False,74,"https://extapps2.oge.gov/201/Presiden.nsf/PAS+Index/405E4EC4E27BE8D185258DF7002DD1C0/$FILE/Trump,%20Donald%20J.-05.08.2026-278T(2).pdf"
2028-02-23,sale,CONSTELLATION ENERGY COR,"$1,001 - $15,000",False,74,"https://extapps2.oge.gov/201/Presiden.nsf/PAS+Index/405E4EC4E27BE8D185258DF7002DD1C0/$FILE/Trump,%20Donald%20J.-05.08.2026-278T(2).pdf"
2026-01-12,sale,FIDELITY NATL INFORMATIO,"$1,001 - $15,000",False,74,"https://extapps2.oge.gov/201/Presiden.nsf/PAS+Index/405E4EC4E27BE8D185258DF7002DD1C0/$FILE/Trump,%20Donald%20J.-05.08.2026-278T(2).pdf"
2026-03-14,sale,FORD MOTOR CO,"$1,001 - $15,000",True,74,"https://extapps2.oge.gov/201/Presiden.nsf/PAS+Index/405E4EC4E27BE8D185258DF7002DD1C0/$FILE/Trump,%20Donald%20J.-05.08.2026-278T(2).pdf"
2026-01-21,sale,SBA COMMUNICATIONS CORP CLASS A,"$1,001 - $15,000",False,74,"https://extapps2.oge.gov/201/Presiden.nsf/PAS+Index/405E4EC4E27BE8D185258DF7002DD1C0/$FILE/Trump,%20Donald%20J.-05.08.2026-278T(2).pdf"
2026-02-12,sale,CCC INTELLIGENT SOLUTION,"$1,001 - $15,000",True,75,"https://extapps2.oge.gov/201/Presiden.nsf/PAS+Index/405E4EC4E27BE8D185258DF7002DD1C0/$FILE/Trump,%20Donald%20J.-05.08.2026-278T(2).pdf"
2026-01-21,sale,AUTODESK INC,"$1,001 - $15,000",False,75,"https://extapps2.oge.gov/201/Presiden.nsf/PAS+Index/405E4EC4E27BE8D185258DF7002DD1C0/$FILE/Trump,%20Donald%20J.-05.08.2026-278T(2).pdf"
2026-02-12,sale,GARTNER INC,"$1,001 - $15,000",False,75,"https://extapps2.oge.gov/201/Presiden.nsf/PAS+Index/405E4EC4E27BE8D185258DF7002DD1C0/$FILE/Trump,%20Donald%20J.-05.08.2026-278T(2).pdf"
2026-02-23,sale,DRAFTKINGS INC NEW CLASS A,"$1,001 - $15,000",False,75,"https://extapps2.oge.gov/201/Presiden.nsf/PAS+Index/405E4EC4E27BE8D185258DF7002DD1C0/$FILE/Trump,%20Donald%20J.-05.08.2026-278T(2).pdf"
2026-01-21,sale,PROCTER & GAMBLE CO,"$1,001 - $15,000",False,75,"https://extapps2.oge.gov/201/Presiden.nsf/PAS+Index/405E4EC4E27BE8D185258DF7002DD1C0/$FILE/Trump,%20Donald%20J.-05.08.2026-278T(2).pdf"
2026-02-19,sale,WARNER MUSIC GROUP CORP CL A,"$1,001 - $15,000",False,75,"https://extapps2.oge.gov/201/Presiden.nsf/PAS+Index/405E4EC4E27BE8D185258DF7002DD1C0/$FILE/Trump,%20Donald%20J.-05.08.2026-278T(2).pdf"
2026-02-23,sale,VERISK ANALYTICS INC CLASS A,"$1,001 - $15,000",False,75,"https://extapps2.oge.gov/201/Presiden.nsf/PAS+Index/405E4EC4E27BE8D185258DF7002DD1C0/$FILE/Trump,%20Donald%20J.-05.08.2026-278T(2).pdf"
2026-01-21,sale,REPUBLIC SVCS INC,"$1,001 - $15,000",False,75,"https://extapps2.oge.gov/201/Presiden.nsf/PAS+Index/405E4EC4E27BE8D185258DF7002DD1C0/$FILE/Trump,%20Donald%20J.-05.08.2026-278T(2).pdf"
2026-01-21,sale,RLICORP,"$1,001 - $15,000",False,75,"https://extapps2.oge.gov/201/Presiden.nsf/PAS+Index/405E4EC4E27BE8D185258DF7002DD1C0/$FILE/Trump,%20Donald%20J.-05.08.2026-278T(2).pdf"
2026-02-12,sale,GLOBAL PMTS INC,"$1,001 - $15,000",True,75,"https://extapps2.oge.gov/201/Presiden.nsf/PAS+Index/405E4EC4E27BE8D185258DF7002DD1C0/$FILE/Trump,%20Donald%20J.-05.08.2026-278T(2).pdf"
2026-02-23,sale,AMERICAN WTR WKS CO INC,"$1,001 - $15,000",False,75,"https://extapps2.oge.gov/201/Presiden.nsf/PAS+Index/405E4EC4E27BE8D185258DF7002DD1C0/$FILE/Trump,%20Donald%20J.-05.08.2026-278T(2).pdf"
2026-01-26,sale,ACI WORLDWIDE INC,"$1,001 - $15,000",False,75,"https://extapps2.oge.gov/201/Presiden.nsf/PAS+Index/405E4EC4E27BE8D185258DF7002DD1C0/$FILE/Trump,%20Donald%20J.-05.08.2026-278T(2).pdf"
2026-03-26,sale,MCCORMICK & CO INC CLASS N,"$1,001 - $15,000",False,76,"https://extapps2.oge.gov/201/Presiden.nsf/PAS+Index/405E4EC4E27BE8D185258DF7002DD1C0/$FILE/Trump,%20Donald%20J.-05.08.2026-278T(2).pdf"
2026-02-12,sale,FLEX LTD F,"$1,001 - $15,000",False,76,"https://extapps2.oge.gov/201/Presiden.nsf/PAS+Index/405E4EC4E27BE8D185258DF7002DD1C0/$FILE/Trump,%20Donald%20J.-05.08.2026-278T(2).pdf"
2026-03-26,sale,LPL FINL HLDGS INC,"$1,001 - $15,000",False,76,"https://extapps2.oge.gov/201/Presiden.nsf/PAS+Index/405E4EC4E27BE8D185258DF7002DD1C0/$FILE/Trump,%20Donald%20J.-05.08.2026-278T(2).pdf"
2026-03-26,sale,SBA COMMUNICATIONS CORP REIT,"$1,001 - $15,000",True,76,"https://extapps2.oge.gov/201/Presiden.nsf/PAS+Index/405E4EC4E27BE8D185258DF7002DD1C0/$FILE/Trump,%20Donald%20J.-05.08.2026-278T(2).pdf"
2026-03-26,sale,GENERAL MILLS INC,"$1,001 - $15,000",False,76,"https://extapps2.oge.gov/201/Presiden.nsf/PAS+Index/405E4EC4E27BE8D185258DF7002DD1C0/$FILE/Trump,%20Donald%20J.-05.08.2026-278T(2).pdf"
2026-02-23,sale,JONES LANG LASALLE INC,"$1,001 - $15,000",True,76,"https://extapps2.oge.gov/201/Presiden.nsf/PAS+Index/405E4EC4E27BE8D185258DF7002DD1C0/$FILE/Trump,%20Donald%20J.-05.08.2026-278T(2).pdf"
2026-02-23,sale,ZSCALERINC,"$1,001 - $15,000",False,76,"https://extapps2.oge.gov/201/Presiden.nsf/PAS+Index/405E4EC4E27BE8D185258DF7002DD1C0/$FILE/Trump,%20Donald%20J.-05.08.2026-278T(2).pdf"
2026-02-12,sale,GODADDY INC CLASS A,"$1,001 - $15,000",False,76,"https://extapps2.oge.gov/201/Presiden.nsf/PAS+Index/405E4EC4E27BE8D185258DF7002DD1C0/$FILE/Trump,%20Donald%20J.-05.08.2026-278T(2).pdf"
2026-03-26,sale,VULCAN MATtS CO,"$1,001 - $15,000",True,76,"https://extapps2.oge.gov/201/Presiden.nsf/PAS+Index/405E4EC4E27BE8D185258DF7002DD1C0/$FILE/Trump,%20Donald%20J.-05.08.2026-278T(2).pdf"
2026-03-17,sale,GENERAL MILLS INC,"$1,001 - $15,000",False,76,"https://extapps2.oge.gov/201/Presiden.nsf/PAS+Index/405E4EC4E27BE8D185258DF7002DD1C0/$FILE/Trump,%20Donald%20J.-05.08.2026-278T(2).pdf"
2026-01-12,sale,INVITATION HOMES INC,"$1,001 - $15,000",True,76,"https://extapps2.oge.gov/201/Presiden.nsf/PAS+Index/405E4EC4E27BE8D185258DF7002DD1C0/$FILE/Trump,%20Donald%20J.-05.08.2026-278T(2).pdf"
2026-03-17,sale,SMURFIT WESTROCK PLC F,"$1,001 - $15,000",False,76,"https://extapps2.oge.gov/201/Presiden.nsf/PAS+Index/405E4EC4E27BE8D185258DF7002DD1C0/$FILE/Trump,%20Donald%20J.-05.08.2026-278T(2).pdf"
2026-02-23,sale,ROCKET LAB CORP CLASS A,"$1,001 - $15,000",False,76,"https://extapps2.oge.gov/201/Presiden.nsf/PAS+Index/405E4EC4E27BE8D185258DF7002DD1C0/$FILE/Trump,%20Donald%20J.-05.08.2026-278T(2).pdf"
2026-02-23,sale,CAPITAL ONE FINL CORP,"$1,001 - $15,000",True,76,"https://extapps2.oge.gov/201/Presiden.nsf/PAS+Index/405E4EC4E27BE8D185258DF7002DD1C0/$FILE/Trump,%20Donald%20J.-05.08.2026-278T(2).pdf"
2026-01-21,sale,ATLASSIAN CORP CLASS A,"$1,001 - $15,000",True,76,"https://extapps2.oge.gov/201/Presiden.nsf/PAS+Index/405E4EC4E27BE8D185258DF7002DD1C0/$FILE/Trump,%20Donald%20J.-05.08.2026-278T(2).pdf"
2026-02-23,sale,ARES MGMT CORP CLASS A,"$1,001 - $15,000",True,76,"https://extapps2.oge.gov/201/Presiden.nsf/PAS+Index/405E4EC4E27BE8D185258DF7002DD1C0/$FILE/Trump,%20Donald%20J.-05.08.2026-278T(2).pdf"
2026-01-26,sale,AGILYSYS INC,"$1,001 - $15,000",False,77,"https://extapps2.oge.gov/201/Presiden.nsf/PAS+Index/405E4EC4E27BE8D185258DF7002DD1C0/$FILE/Trump,%20Donald%20J.-05.08.2026-278T(2).pdf"
2028-02-23,sale,METLIFEINC,"$1,001 - $15,000",False,77,"https://extapps2.oge.gov/201/Presiden.nsf/PAS+Index/405E4EC4E27BE8D185258DF7002DD1C0/$FILE/Trump,%20Donald%20J.-05.08.2026-278T(2).pdf"
2026-03-26,sale,ALEXANDRIA REAL ESTATE E REIT,"$1,001 - $15,000",True,77,"https://extapps2.oge.gov/201/Presiden.nsf/PAS+Index/405E4EC4E27BE8D185258DF7002DD1C0/$FILE/Trump,%20Donald%20J.-05.08.2026-278T(2).pdf"
2026-02-12,sale,GEN DIGITAL INC,"$1,001 - $15,000",False,77,"https://extapps2.oge.gov/201/Presiden.nsf/PAS+Index/405E4EC4E27BE8D185258DF7002DD1C0/$FILE/Trump,%20Donald%20J.-05.08.2026-278T(2).pdf"
2026-01-23,sale,BEST BUY COMPANY INC,"$1,001 - $15,000",False,77,"https://extapps2.oge.gov/201/Presiden.nsf/PAS+Index/405E4EC4E27BE8D185258DF7002DD1C0/$FILE/Trump,%20Donald%20J.-05.08.2026-278T(2).pdf"
2026-01-12,sale,DICKS SPORTING GOODS INC,"$1,001 - $15,000",False,77,"https://extapps2.oge.gov/201/Presiden.nsf/PAS+Index/405E4EC4E27BE8D185258DF7002DD1C0/$FILE/Trump,%20Donald%20J.-05.08.2026-278T(2).pdf"
2026-03-26,sale,FACTSET RESH SYS INC,"$1,001 - $15,000",True,77,"https://extapps2.oge.gov/201/Presiden.nsf/PAS+Index/405E4EC4E27BE8D185258DF7002DD1C0/$FILE/Trump,%20Donald%20J.-05.08.2026-278T(2).pdf"
2026-03-26,sale,COMMVAULT SYS INC,"$1,001 - $15,000",False,78,"https://extapps2.oge.gov/201/Presiden.nsf/PAS+Index/405E4EC4E27BE8D185258DF7002DD1C0/$FILE/Trump,%20Donald%20J.-05.08.2026-278T(2).pdf"
2026-03-26,sale,ARCHER AVIATION INC CLASS A,"$1,001 - $15,000",False,78,"https://extapps2.oge.gov/201/Presiden.nsf/PAS+Index/405E4EC4E27BE8D185258DF7002DD1C0/$FILE/Trump,%20Donald%20J.-05.08.2026-278T(2).pdf"
2026-02-12,sale,VERISK ANALYTICS INC CLASS A,"$1,001 - $15,000",False,78,"https://extapps2.oge.gov/201/Presiden.nsf/PAS+Index/405E4EC4E27BE8D185258DF7002DD1C0/$FILE/Trump,%20Donald%20J.-05.08.2026-278T(2).pdf"
2026-03-26,sale,OTIS WORLDWIDE CORP,"$1,001 - $15,000",False,78,"https://extapps2.oge.gov/201/Presiden.nsf/PAS+Index/405E4EC4E27BE8D185258DF7002DD1C0/$FILE/Trump,%20Donald%20J.-05.08.2026-278T(2).pdf"
2026-01-26,sale,DORMAN PRODS INC,"$1,001 - $15,000",False,78,"https://extapps2.oge.gov/201/Presiden.nsf/PAS+Index/405E4EC4E27BE8D185258DF7002DD1C0/$FILE/Trump,%20Donald%20J.-05.08.2026-278T(2).pdf"
2026-03-26,sale,TRANSUNION,"$1,001 - $15,000",False,78,"https://extapps2.oge.gov/201/Presiden.nsf/PAS+Index/405E4EC4E27BE8D185258DF7002DD1C0/$FILE/Trump,%20Donald%20J.-05.08.2026-278T(2).pdf"
2026-03-26,sale,OMNICOM GROUP INC,"$1,001 - $15,000",False,78,"https://extapps2.oge.gov/201/Presiden.nsf/PAS+Index/405E4EC4E27BE8D185258DF7002DD1C0/$FILE/Trump,%20Donald%20J.-05.08.2026-278T(2).pdf"
2026-03-26,sale,SERVICETITAN INC CLASS A,"$1,001 - $15,000",False,78,"https://extapps2.oge.gov/201/Presiden.nsf/PAS+Index/405E4EC4E27BE8D185258DF7002DD1C0/$FILE/Trump,%20Donald%20J.-05.08.2026-278T(2).pdf"
2026-03-26,sale,lHE CIGNA GROUP,"$1,001 - $15,000",False,79,"https://extapps2.oge.gov/201/Presiden.nsf/PAS+Index/405E4EC4E27BE8D185258DF7002DD1C0/$FILE/Trump,%20Donald%20J.-05.08.2026-278T(2).pdf"
2028-02-19,sale,LIBERTY MEDIA CORP LIBERTY FORMULA ONE SER C,"$1,001 - $15,000",False,79,"https://extapps2.oge.gov/201/Presiden.nsf/PAS+Index/405E4EC4E27BE8D185258DF7002DD1C0/$FILE/Trump,%20Donald%20J.-05.08.2026-278T(2).pdf"
2026-02-23,sale,FAIR ISAAC CORP,"$1,001 - $15,000",False,79,"https://extapps2.oge.gov/201/Presiden.nsf/PAS+Index/405E4EC4E27BE8D185258DF7002DD1C0/$FILE/Trump,%20Donald%20J.-05.08.2026-278T(2).pdf"
2026-02-23,sale,AXON ENTERPRISE INC,"$1,001 - $15,000",False,79,"https://extapps2.oge.gov/201/Presiden.nsf/PAS+Index/405E4EC4E27BE8D185258DF7002DD1C0/$FILE/Trump,%20Donald%20J.-05.08.2026-278T(2).pdf"
2026-02-23,sale,SENTINELONE INC CLASS A,"$1,001 - $15,000",False,79,"https://extapps2.oge.gov/201/Presiden.nsf/PAS+Index/405E4EC4E27BE8D185258DF7002DD1C0/$FILE/Trump,%20Donald%20J.-05.08.2026-278T(2).pdf"
2026-03-26,sale,FIDELITY NATL INFORMATIO,"$1,001 - $15,000",False,79,"https://extapps2.oge.gov/201/Presiden.nsf/PAS+Index/405E4EC4E27BE8D185258DF7002DD1C0/$FILE/Trump,%20Donald%20J.-05.08.2026-278T(2).pdf"
2026-03-04,sale,CARLYLE GROUP INC,"$1,001 - $15,000",False,79,"https://extapps2.oge.gov/201/Presiden.nsf/PAS+Index/405E4EC4E27BE8D185258DF7002DD1C0/$FILE/Trump,%20Donald%20J.-05.08.2026-278T(2).pdf"
2026-01-12,sale,ROBLOX CORP CLASS A,"$1,001 - $15,000",False,79,"https://extapps2.oge.gov/201/Presiden.nsf/PAS+Index/405E4EC4E27BE8D185258DF7002DD1C0/$FILE/Trump,%20Donald%20J.-05.08.2026-278T(2).pdf"
2026-01-21,sale,UNION PAC CORP,"$1,001 - $15,000",False,80,"https://extapps2.oge.gov/201/Presiden.nsf/PAS+Index/405E4EC4E27BE8D185258DF7002DD1C0/$FILE/Trump,%20Donald%20J.-05.08.2026-278T(2).pdf"
2026-03-17,sale,HORMEL FOODS CORP,"$1,001 - $15,000",False,80,"https://extapps2.oge.gov/201/Presiden.nsf/PAS+Index/405E4EC4E27BE8D185258DF7002DD1C0/$FILE/Trump,%20Donald%20J.-05.08.2026-278T(2).pdf"
2026-01-21,sale,SOUTHERN CO,"$1,001 - $15,000",False,80,"https://extapps2.oge.gov/201/Presiden.nsf/PAS+Index/405E4EC4E27BE8D185258DF7002DD1C0/$FILE/Trump,%20Donald%20J.-05.08.2026-278T(2).pdf"
2026-02-23,sale,POOL CORP,"$1,001 - $15,000",False,80,"https://extapps2.oge.gov/201/Presiden.nsf/PAS+Index/405E4EC4E27BE8D185258DF7002DD1C0/$FILE/Trump,%20Donald%20J.-05.08.2026-278T(2).pdf"
2026-02-23,sale,EQUIFAX INC,"$1,001 - $15,000",False,80,"https://extapps2.oge.gov/201/Presiden.nsf/PAS+Index/405E4EC4E27BE8D185258DF7002DD1C0/$FILE/Trump,%20Donald%20J.-05.08.2026-278T(2).pdf"
2026-02-12,sale,SOFI TECHNOLOGIES INC,"$1,001 - $15,000",False,80,"https://extapps2.oge.gov/201/Presiden.nsf/PAS+Index/405E4EC4E27BE8D185258DF7002DD1C0/$FILE/Trump,%20Donald%20J.-05.08.2026-278T(2).pdf"
2026-01-26,sale,Q2HLDGSINC,"$1,001 - $15,000",False,80,"https://extapps2.oge.gov/201/Presiden.nsf/PAS+Index/405E4EC4E27BE8D185258DF7002DD1C0/$FILE/Trump,%20Donald%20J.-05.08.2026-278T(2).pdf"
2026-01-12,sale,ADVANCED MICRO DEVIC,"$1,001 - $15,000",False,80,"https://extapps2.oge.gov/201/Presiden.nsf/PAS+Index/405E4EC4E27BE8D185258DF7002DD1C0/$FILE/Trump,%20Donald%20J.-05.08.2026-278T(2).pdf"
2026-01-12,sale,WORKDAY INC CLASS A,"$1,001 - $15,000",False,80,"https://extapps2.oge.gov/201/Presiden.nsf/PAS+Index/405E4EC4E27BE8D185258DF7002DD1C0/$FILE/Trump,%20Donald%20J.-05.08.2026-278T(2).pdf"
2026-03-27,sale,SIJoer Micro Comouter Inc Com Now Solldtod Order Dlsaetion Exorc:lsod,"$1,001 - $15,000",False,80,"https://extapps2.oge.gov/201/Presiden.nsf/PAS+Index/405E4EC4E27BE8D185258DF7002DD1C0/$FILE/Trump,%20Donald%20J.-05.08.2026-278T(2).pdf"
2026-03-17,sale,IDEXX LABORATORIES INC,"$1,001 - $15,000",False,80,"https://extapps2.oge.gov/201/Presiden.nsf/PAS+Index/405E4EC4E27BE8D185258DF7002DD1C0/$FILE/Trump,%20Donald%20J.-05.08.2026-278T(2).pdf"
2026-01-12,sale,CROWN CASTLE INC REIT REIT,"$1,001 - $15,000",False,80,"https://extapps2.oge.gov/201/Presiden.nsf/PAS+Index/405E4EC4E27BE8D185258DF7002DD1C0/$FILE/Trump,%20Donald%20J.-05.08.2026-278T(2).pdf"
2026-02-19,sale,INTUITIVE SURGICAL INC,"$1,001 - $15,000",False,80,"https://extapps2.oge.gov/201/Presiden.nsf/PAS+Index/405E4EC4E27BE8D185258DF7002DD1C0/$FILE/Trump,%20Donald%20J.-05.08.2026-278T(2).pdf"
2026-02-26,sale,GROCERY OUTLET HLDG CORP,"$1,001 - $15,000",False,80,"https://extapps2.oge.gov/201/Presiden.nsf/PAS+Index/405E4EC4E27BE8D185258DF7002DD1C0/$FILE/Trump,%20Donald%20J.-05.08.2026-278T(2).pdf"
2026-02-26,sale,GLAUKOS CORP,"$1,001 - $15,000",False,80,"https://extapps2.oge.gov/201/Presiden.nsf/PAS+Index/405E4EC4E27BE8D185258DF7002DD1C0/$FILE/Trump,%20Donald%20J.-05.08.2026-278T(2).pdf"
2026-02-23,sale,AUTODESK INC,"$1,001 - $15,000",False,80,"https://extapps2.oge.gov/201/Presiden.nsf/PAS+Index/405E4EC4E27BE8D185258DF7002DD1C0/$FILE/Trump,%20Donald%20J.-05.08.2026-278T(2).pdf"
2026-03-26,sale,THE TRADE DESK INC CLASS A,"$1,001 - $15,000",False,80,"https://extapps2.oge.gov/201/Presiden.nsf/PAS+Index/405E4EC4E27BE8D185258DF7002DD1C0/$FILE/Trump,%20Donald%20J.-05.08.2026-278T(2).pdf"
2026-02-12,sale,TAKE-TWO INTERACTIVE SOF,"$1,001 - $15,000",False,80,"https://extapps2.oge.gov/201/Presiden.nsf/PAS+Index/405E4EC4E27BE8D185258DF7002DD1C0/$FILE/Trump,%20Donald%20J.-05.08.2026-278T(2).pdf"
2026-01-21,sale,OOORDASH INC CLASS A,"$1,001 - $15,000",False,80,"https://extapps2.oge.gov/201/Presiden.nsf/PAS+Index/405E4EC4E27BE8D185258DF7002DD1C0/$FILE/Trump,%20Donald%20J.-05.08.2026-278T(2).pdf"
2026-02-23,sale,HUBSPOTINC,"$1,001 - $15,000",False,80,"https://extapps2.oge.gov/201/Presiden.nsf/PAS+Index/405E4EC4E27BE8D185258DF7002DD1C0/$FILE/Trump,%20Donald%20J.-05.08.2026-278T(2).pdf"
2026-01-26,sale,GOGOINC,"$1,001 - $15,000",False,80,"https://extapps2.oge.gov/201/Presiden.nsf/PAS+Index/405E4EC4E27BE8D185258DF7002DD1C0/$FILE/Trump,%20Donald%20J.-05.08.2026-278T(2).pdf"
2026-01-21,sale,ARCH CAPITAL GROUP LTD F,"$1,001 - $15,000",False,80,"https://extapps2.oge.gov/201/Presiden.nsf/PAS+Index/405E4EC4E27BE8D185258DF7002DD1C0/$FILE/Trump,%20Donald%20J.-05.08.2026-278T(2).pdf"
2026-03-17,sale,LENNAR CORP CLASS A,"$1,001 - $15,000",True,81,"https://extapps2.oge.gov/201/Presiden.nsf/PAS+Index/405E4EC4E27BE8D185258DF7002DD1C0/$FILE/Trump,%20Donald%20J.-05.08.2026-278T(2).pdf"
2026-01-12,sale,2t!08 COSTAR GROUP INC,"$1,001 - $15,000",False,81,"https://extapps2.oge.gov/201/Presiden.nsf/PAS+Index/405E4EC4E27BE8D185258DF7002DD1C0/$FILE/Trump,%20Donald%20J.-05.08.2026-278T(2).pdf"
2026-03-30,sale,VERSANT MEDIA GROUP INC,"$1,001 - $15,000",False,81,"https://extapps2.oge.gov/201/Presiden.nsf/PAS+Index/405E4EC4E27BE8D185258DF7002DD1C0/$FILE/Trump,%20Donald%20J.-05.08.2026-278T(2).pdf"
2026-02-12,sale,BLACKSTONE INC,"$1,001 - $15,000",False,81,"https://extapps2.oge.gov/201/Presiden.nsf/PAS+Index/405E4EC4E27BE8D185258DF7002DD1C0/$FILE/Trump,%20Donald%20J.-05.08.2026-278T(2).pdf"
2026-02-23,sale,CADENCE DESIGN SYS INC,"$1,001 - $15,000",False,81,"https://extapps2.oge.gov/201/Presiden.nsf/PAS+Index/405E4EC4E27BE8D185258DF7002DD1C0/$FILE/Trump,%20Donald%20J.-05.08.2026-278T(2).pdf"
2028-03-18,sale,AUTOZONE INC,"$1,001 - $15,000",True,81,"https://extapps2.oge.gov/201/Presiden.nsf/PAS+Index/405E4EC4E27BE8D185258DF7002DD1C0/$FILE/Trump,%20Donald%20J.-05.08.2026-278T(2).pdf"
2026-03-26,sale,ERIE INDTY CO CLASS A,"$1,001 - $15,000",False,81,"https://extapps2.oge.gov/201/Presiden.nsf/PAS+Index/405E4EC4E27BE8D185258DF7002DD1C0/$FILE/Trump,%20Donald%20J.-05.08.2026-278T(2).pdf"
2026-01-26,sale,ARBOR RLTY TR INC REIT,"$1,001 - $15,000",False,81,"https://extapps2.oge.gov/201/Presiden.nsf/PAS+Index/405E4EC4E27BE8D185258DF7002DD1C0/$FILE/Trump,%20Donald%20J.-05.08.2026-278T(2).pdf"
2026-02-23,sale,ROBLDX CORP CLASS A,"$1,001 - $15,000",False,81,"https://extapps2.oge.gov/201/Presiden.nsf/PAS+Index/405E4EC4E27BE8D185258DF7002DD1C0/$FILE/Trump,%20Donald%20J.-05.08.2026-278T(2).pdf"
2026-01-21,sale,FORTINET INC,"$1,001 - $15,000",False,81,"https://extapps2.oge.gov/201/Presiden.nsf/PAS+Index/405E4EC4E27BE8D185258DF7002DD1C0/$FILE/Trump,%20Donald%20J.-05.08.2026-278T(2).pdf"
2026-02-19,sale,TRADE DESK INC fTHE) CL A,"$1,001 - $15,000",False,81,"https://extapps2.oge.gov/201/Presiden.nsf/PAS+Index/405E4EC4E27BE8D185258DF7002DD1C0/$FILE/Trump,%20Donald%20J.-05.08.2026-278T(2).pdf"
2026-02-12,sale,MARSH & MCLENNAN COS INC,"$1,001 - $15,000",False,81,"https://extapps2.oge.gov/201/Presiden.nsf/PAS+Index/405E4EC4E27BE8D185258DF7002DD1C0/$FILE/Trump,%20Donald%20J.-05.08.2026-278T(2).pdf"
2026-02-23,sale,SS&C TECHNOLOGIES HLDGS,"$1,001 - $15,000",False,82,"https://extapps2.oge.gov/201/Presiden.nsf/PAS+Index/405E4EC4E27BE8D185258DF7002DD1C0/$FILE/Trump,%20Donald%20J.-05.08.2026-278T(2).pdf"
2026-03-17,sale,BLUE OWL CAP INC CLASS A,"$1,001 - $15,000",False,82,"https://extapps2.oge.gov/201/Presiden.nsf/PAS+Index/405E4EC4E27BE8D185258DF7002DD1C0/$FILE/Trump,%20Donald%20J.-05.08.2026-278T(2).pdf"
2026-02-23,sale,BLACKSTONE INC,"$1,001 - $15,000",False,82,"https://extapps2.oge.gov/201/Presiden.nsf/PAS+Index/405E4EC4E27BE8D185258DF7002DD1C0/$FILE/Trump,%20Donald%20J.-05.08.2026-278T(2).pdf"
2026-02-12,sale,UBER TECHNOLOGIES INC,"$1,001 - $15,000",False,82,"https://extapps2.oge.gov/201/Presiden.nsf/PAS+Index/405E4EC4E27BE8D185258DF7002DD1C0/$FILE/Trump,%20Donald%20J.-05.08.2026-278T(2).pdf"
2026-03-18,sale,HEICO CORP NEW CLASS A,"$1,001 - $15,000",False,82,"https://extapps2.oge.gov/201/Presiden.nsf/PAS+Index/405E4EC4E27BE8D185258DF7002DD1C0/$FILE/Trump,%20Donald%20J.-05.08.2026-278T(2).pdf"
2026-01-26,sale,INSIGHT ENTERPRISES INC,"$1,001 - $15,000",False,82,"https://extapps2.oge.gov/201/Presiden.nsf/PAS+Index/405E4EC4E27BE8D185258DF7002DD1C0/$FILE/Trump,%20Donald%20J.-05.08.2026-278T(2).pdf"
2026-02-26,sale,APELLIS PHARMACEUTICALS,"$1,001 - $15,000",False,82,"https://extapps2.oge.gov/201/Presiden.nsf/PAS+Index/405E4EC4E27BE8D185258DF7002DD1C0/$FILE/Trump,%20Donald%20J.-05.08.2026-278T(2).pdf"
2026-01-12,sale,OLO REP INTI. CORP,"$1,001 - $15,000",False,82,"https://extapps2.oge.gov/201/Presiden.nsf/PAS+Index/405E4EC4E27BE8D185258DF7002DD1C0/$FILE/Trump,%20Donald%20J.-05.08.2026-278T(2).pdf"
2026-03-26,sale,BOEING CO,"$1,001 - $15,000",False,82,"https://extapps2.oge.gov/201/Presiden.nsf/PAS+Index/405E4EC4E27BE8D185258DF7002DD1C0/$FILE/Trump,%20Donald%20J.-05.08.2026-278T(2).pdf"
2026-03-26,sale,PTCINC,"$1,001 - $15,000",False,82,"https://extapps2.oge.gov/201/Presiden.nsf/PAS+Index/405E4EC4E27BE8D185258DF7002DD1C0/$FILE/Trump,%20Donald%20J.-05.08.2026-278T(2).pdf"
2026-02-12,sale,INTUIT,"$1,001 - $15,000",False,82,"https://extapps2.oge.gov/201/Presiden.nsf/PAS+Index/405E4EC4E27BE8D185258DF7002DD1C0/$FILE/Trump,%20Donald%20J.-05.08.2026-278T(2).pdf"
2026-03-26,sale,FLUTTER ENTMT PLC F,"$1,001 - $15,000",False,82,"https://extapps2.oge.gov/201/Presiden.nsf/PAS+Index/405E4EC4E27BE8D185258DF7002DD1C0/$FILE/Trump,%20Donald%20J.-05.08.2026-278T(2).pdf"
2026-03-26,sale,GEN DIGITAL INC,"$1,001 - $15,000",False,82,"https://extapps2.oge.gov/201/Presiden.nsf/PAS+Index/405E4EC4E27BE8D185258DF7002DD1C0/$FILE/Trump,%20Donald%20J.-05.08.2026-278T(2).pdf"
2026-03-26,sale,CHIPOTI.E MEXICAN GRILL,"$1,001 - $15,000",False,82,"https://extapps2.oge.gov/201/Presiden.nsf/PAS+Index/405E4EC4E27BE8D185258DF7002DD1C0/$FILE/Trump,%20Donald%20J.-05.08.2026-278T(2).pdf"
2026-02-23,sale,QUALCOMM INC,"$1,001 - $15,000",False,82,"https://extapps2.oge.gov/201/Presiden.nsf/PAS+Index/405E4EC4E27BE8D185258DF7002DD1C0/$FILE/Trump,%20Donald%20J.-05.08.2026-278T(2).pdf"
2026-01-22,sale,SCHWAB GOVERNMENT MONEY FIJND,"$1,001 - $15,000",False,82,"https://extapps2.oge.gov/201/Presiden.nsf/PAS+Index/405E4EC4E27BE8D185258DF7002DD1C0/$FILE/Trump,%20Donald%20J.-05.08.2026-278T(2).pdf"
2026-02-12,sale,MID-AMER APT CMNTYS INC REIT,"$1,001 - $15,000",False,83,"https://extapps2.oge.gov/201/Presiden.nsf/PAS+Index/405E4EC4E27BE8D185258DF7002DD1C0/$FILE/Trump,%20Donald%20J.-05.08.2026-278T(2).pdf"
2026-03-28,sale,PROGRESSIVE CORP OH,"$1,001 - $15,000",True,83,"https://extapps2.oge.gov/201/Presiden.nsf/PAS+Index/405E4EC4E27BE8D185258DF7002DD1C0/$FILE/Trump,%20Donald%20J.-05.08.2026-278T(2).pdf"
2028-01-12,sale,ALBERTSON$ CO SHS CL A CLASS A,"$1,001 - $15,000",False,83,"https://extapps2.oge.gov/201/Presiden.nsf/PAS+Index/405E4EC4E27BE8D185258DF7002DD1C0/$FILE/Trump,%20Donald%20J.-05.08.2026-278T(2).pdf"
2028-02-12,sale,PAYCHEX INC,"$1,001 - $15,000",False,83,"https://extapps2.oge.gov/201/Presiden.nsf/PAS+Index/405E4EC4E27BE8D185258DF7002DD1C0/$FILE/Trump,%20Donald%20J.-05.08.2026-278T(2).pdf"
2026-02-12,sale,ABBOTT LABS,"$1,001 - $15,000",False,83,"https://extapps2.oge.gov/201/Presiden.nsf/PAS+Index/405E4EC4E27BE8D185258DF7002DD1C0/$FILE/Trump,%20Donald%20J.-05.08.2026-278T(2).pdf"
2026-03-28,sale,DOORDASH INC CLASS A,"$1,001 - $15,000",True,83,"https://extapps2.oge.gov/201/Presiden.nsf/PAS+Index/405E4EC4E27BE8D185258DF7002DD1C0/$FILE/Trump,%20Donald%20J.-05.08.2026-278T(2).pdf"
2028-03-17,sale,21584 FLUTTER ENTMT PLC F,"$1,001 - $15,000",False,83,"https://extapps2.oge.gov/201/Presiden.nsf/PAS+Index/405E4EC4E27BE8D185258DF7002DD1C0/$FILE/Trump,%20Donald%20J.-05.08.2026-278T(2).pdf"
2028-01-23,sale,TESLA INC,"$1,001 - $15,000",False,83,"https://extapps2.oge.gov/201/Presiden.nsf/PAS+Index/405E4EC4E27BE8D185258DF7002DD1C0/$FILE/Trump,%20Donald%20J.-05.08.2026-278T(2).pdf"
2028-01-21,sale,ORACLE CORP,"$1,001 - $15,000",False,83,"https://extapps2.oge.gov/201/Presiden.nsf/PAS+Index/405E4EC4E27BE8D185258DF7002DD1C0/$FILE/Trump,%20Donald%20J.-05.08.2026-278T(2).pdf"
2026-02-23,sale,DYNATRACE INC,"$1,001 - $15,000",False,83,"https://extapps2.oge.gov/201/Presiden.nsf/PAS+Index/405E4EC4E27BE8D185258DF7002DD1C0/$FILE/Trump,%20Donald%20J.-05.08.2026-278T(2).pdf"
2028-01-21,sale,MCOONALOS CORP,"$1,001 - $15,000",False,83,"https://extapps2.oge.gov/201/Presiden.nsf/PAS+Index/405E4EC4E27BE8D185258DF7002DD1C0/$FILE/Trump,%20Donald%20J.-05.08.2026-278T(2).pdf"
2026-03-30,sale,JBG SMITH PPTYS,"$1,001 - $15,000",False,83,"https://extapps2.oge.gov/201/Presiden.nsf/PAS+Index/405E4EC4E27BE8D185258DF7002DD1C0/$FILE/Trump,%20Donald%20J.-05.08.2026-278T(2).pdf"
2026-02-23,sale,KKR&COINC,"$1,001 - $15,000",True,83,"https://extapps2.oge.gov/201/Presiden.nsf/PAS+Index/405E4EC4E27BE8D185258DF7002DD1C0/$FILE/Trump,%20Donald%20J.-05.08.2026-278T(2).pdf"
2026-02-26,sale,ONESPAWORLO HLDGS LTD F,"$1,001 - $15,000",False,83,"https://extapps2.oge.gov/201/Presiden.nsf/PAS+Index/405E4EC4E27BE8D185258DF7002DD1C0/$FILE/Trump,%20Donald%20J.-05.08.2026-278T(2).pdf"
2026-02-12,sale,AMAZON.COM INC,"$1,001 - $15,000",False,84,"https://extapps2.oge.gov/201/Presiden.nsf/PAS+Index/405E4EC4E27BE8D185258DF7002DD1C0/$FILE/Trump,%20Donald%20J.-05.08.2026-278T(2).pdf"
2026-02-28,sale,ETHAN ALLEN INTERIORS IN,"$1,001 - $15,000",True,84,"https://extapps2.oge.gov/201/Presiden.nsf/PAS+Index/405E4EC4E27BE8D185258DF7002DD1C0/$FILE/Trump,%20Donald%20J.-05.08.2026-278T(2).pdf"
2026-02-12,sale,UNITEDHEALT H GROUP INC,"$1,001 - $15,000",False,84,"https://extapps2.oge.gov/201/Presiden.nsf/PAS+Index/405E4EC4E27BE8D185258DF7002DD1C0/$FILE/Trump,%20Donald%20J.-05.08.2026-278T(2).pdf"
2026-03-17,sale,COOPER COS INC PAR,"$1,001 - $15,000",False,84,"https://extapps2.oge.gov/201/Presiden.nsf/PAS+Index/405E4EC4E27BE8D185258DF7002DD1C0/$FILE/Trump,%20Donald%20J.-05.08.2026-278T(2).pdf"
2026-01-26,sale,SIMPLY GOOD FOODS CO,"$1,001 - $15,000",True,84,"https://extapps2.oge.gov/201/Presiden.nsf/PAS+Index/405E4EC4E27BE8D185258DF7002DD1C0/$FILE/Trump,%20Donald%20J.-05.08.2026-278T(2).pdf"
2026-03-30,sale,BEACON FINL CORP,"$1,001 - $15,000",False,84,"https://extapps2.oge.gov/201/Presiden.nsf/PAS+Index/405E4EC4E27BE8D185258DF7002DD1C0/$FILE/Trump,%20Donald%20J.-05.08.2026-278T(2).pdf"
2026-03-30,sale,CACTUS INC CLASS A,"$1,001 - $15,000",False,84,"https://extapps2.oge.gov/201/Presiden.nsf/PAS+Index/405E4EC4E27BE8D185258DF7002DD1C0/$FILE/Trump,%20Donald%20J.-05.08.2026-278T(2).pdf"
2026-03-18,sale,CROWN CASTLE INC REIT REIT,"$1,001 - $15,000",True,84,"https://extapps2.oge.gov/201/Presiden.nsf/PAS+Index/405E4EC4E27BE8D185258DF7002DD1C0/$FILE/Trump,%20Donald%20J.-05.08.2026-278T(2).pdf"
2026-02-23,sale,BROWN & BROWN INC,"$1,001 - $15,000",False,84,"https://extapps2.oge.gov/201/Presiden.nsf/PAS+Index/405E4EC4E27BE8D185258DF7002DD1C0/$FILE/Trump,%20Donald%20J.-05.08.2026-278T(2).pdf"
2026-02-26,sale,RED ROCK RESORTS INC CLASS A,"$1,001 - $15,000",False,84,"https://extapps2.oge.gov/201/Presiden.nsf/PAS+Index/405E4EC4E27BE8D185258DF7002DD1C0/$FILE/Trump,%20Donald%20J.-05.08.2026-278T(2).pdf"
2026-01-12,sale,CHARTER COMMUNICATIONS I CLASS A,"$1,001 - $15,000",False,84,"https://extapps2.oge.gov/201/Presiden.nsf/PAS+Index/405E4EC4E27BE8D185258DF7002DD1C0/$FILE/Trump,%20Donald%20J.-05.08.2026-278T(2).pdf"
2026-03-30,sale,JACK IN THE BOX INC,"$1,001 - $15,000",True,84,"https://extapps2.oge.gov/201/Presiden.nsf/PAS+Index/405E4EC4E27BE8D185258DF7002DD1C0/$FILE/Trump,%20Donald%20J.-05.08.2026-278T(2).pdf"
2026-03-28,sale,BROADRIDGE FINL SOLUTION,"$1,001 - $15,000",False,84,"https://extapps2.oge.gov/201/Presiden.nsf/PAS+Index/405E4EC4E27BE8D185258DF7002DD1C0/$FILE/Trump,%20Donald%20J.-05.08.2026-278T(2).pdf"
2026-02-23,sale,PALANTIR TECHNOLOGIES IN CLASS A,"$1,001 - $15,000",True,84,"https://extapps2.oge.gov/201/Presiden.nsf/PAS+Index/405E4EC4E27BE8D185258DF7002DD1C0/$FILE/Trump,%20Donald%20J.-05.08.2026-278T(2).pdf"
2026-03-30,sale,HA SUSTAINABLE INFRA REI,"$1,001 - $15,000",True,84,"https://extapps2.oge.gov/201/Presiden.nsf/PAS+Index/405E4EC4E27BE8D185258DF7002DD1C0/$FILE/Trump,%20Donald%20J.-05.08.2026-278T(2).pdf"
2026-02-12,sale,PALANTIR TECHNOLOGIES IN CLASS A,"$1,001 - $15,000",False,84,"https://extapps2.oge.gov/201/Presiden.nsf/PAS+Index/405E4EC4E27BE8D185258DF7002DD1C0/$FILE/Trump,%20Donald%20J.-05.08.2026-278T(2).pdf"
2026-03-28,sale,AMERICAN TOWER CORP NEW REIT,"$1,001 - $15,000",True,84,"https://extapps2.oge.gov/201/Presiden.nsf/PAS+Index/405E4EC4E27BE8D185258DF7002DD1C0/$FILE/Trump,%20Donald%20J.-05.08.2026-278T(2).pdf"
2026-02-26,sale,MANPOWERGROUP INC WIS,"$1,001 - $15,000",True,84,"https://extapps2.oge.gov/201/Presiden.nsf/PAS+Index/405E4EC4E27BE8D185258DF7002DD1C0/$FILE/Trump,%20Donald%20J.-05.08.2026-278T(2).pdf"
2026-03-17,sale,SMURFITWESTROCK PLC,"$1,001 - $15,000",False,84,"https://extapps2.oge.gov/201/Presiden.nsf/PAS+Index/405E4EC4E27BE8D185258DF7002DD1C0/$FILE/Trump,%20Donald%20J.-05.08.2026-278T(2).pdf"
2026-03-17,sale,DOORDASH INC CL A,"$1,001 - $15,000",True,85,"https://extapps2.oge.gov/201/Presiden.nsf/PAS+Index/405E4EC4E27BE8D185258DF7002DD1C0/$FILE/Trump,%20Donald%20J.-05.08.2026-278T(2).pdf"
2026-01-12,sale,EVEREST REINSURANCE GR F,"$1,001 - $15,000",False,85,"https://extapps2.oge.gov/201/Presiden.nsf/PAS+Index/405E4EC4E27BE8D185258DF7002DD1C0/$FILE/Trump,%20Donald%20J.-05.08.2026-278T(2).pdf"
2026-01-13,sale,SCHWAB GOVERNMENT MONEY FUND,"$1,001 - $15,000",True,85,"https://extapps2.oge.gov/201/Presiden.nsf/PAS+Index/405E4EC4E27BE8D185258DF7002DD1C0/$FILE/Trump,%20Donald%20J.-05.08.2026-278T(2).pdf"
2026-02-19,sale,2n2 PALANTIR TECHNOLOGIES INC CL A,"$1,001 - $15,000",True,86,"https://extapps2.oge.gov/201/Presiden.nsf/PAS+Index/405E4EC4E27BE8D185258DF7002DD1C0/$FILE/Trump,%20Donald%20J.-05.08.2026-278T(2).pdf"
2026-01-26,sale,2n6 RADIAN GROUP INC,"$1,001 - $15,000",True,86,"https://extapps2.oge.gov/201/Presiden.nsf/PAS+Index/405E4EC4E27BE8D185258DF7002DD1C0/$FILE/Trump,%20Donald%20J.-05.08.2026-278T(2).pdf"
2026-01-21,sale,SALESFORCE INC,"$1,001 - $15,000",True,86,"https://extapps2.oge.gov/201/Presiden.nsf/PAS+Index/405E4EC4E27BE8D185258DF7002DD1C0/$FILE/Trump,%20Donald%20J.-05.08.2026-278T(2).pdf"
2026-03-17,sale,NATERA INC,"$1,001 - $15,000",False,86,"https://extapps2.oge.gov/201/Presiden.nsf/PAS+Index/405E4EC4E27BE8D185258DF7002DD1C0/$FILE/Trump,%20Donald%20J.-05.08.2026-278T(2).pdf"
2026-03-27,sale,Btock Inc Ct A Solldted Order Dlacrotlon Exord■ed,"$1,001 - $15,000",False,86,"https://extapps2.oge.gov/201/Presiden.nsf/PAS+Index/405E4EC4E27BE8D185258DF7002DD1C0/$FILE/Trump,%20Donald%20J.-05.08.2026-278T(2).pdf"
2026-01-12,sale,DOMINION ENERGY INC,"$1,001 - $15,000",False,86,"https://extapps2.oge.gov/201/Presiden.nsf/PAS+Index/405E4EC4E27BE8D185258DF7002DD1C0/$FILE/Trump,%20Donald%20J.-05.08.2026-278T(2).pdf"
2026-01-12,sale,FNF GROUP CLASS A,"$1,001 - $15,000",True,86,"https://extapps2.oge.gov/201/Presiden.nsf/PAS+Index/405E4EC4E27BE8D185258DF7002DD1C0/$FILE/Trump,%20Donald%20J.-05.08.2026-278T(2).pdf"
2026-03-30,sale,TENNANT CO,"$1,001 - $15,000",True,86,"https://extapps2.oge.gov/201/Presiden.nsf/PAS+Index/405E4EC4E27BE8D185258DF7002DD1C0/$FILE/Trump,%20Donald%20J.-05.08.2026-278T(2).pdf"
2026-03-17,sale,AMCOR PLC COM NEW,"$1,001 - $15,000",False,87,"https://extapps2.oge.gov/201/Presiden.nsf/PAS+Index/405E4EC4E27BE8D185258DF7002DD1C0/$FILE/Trump,%20Donald%20J.-05.08.2026-278T(2).pdf"
2026-01-23,sale,STELLANTIS N V,"$1,001 - $15,000",True,87,"https://extapps2.oge.gov/201/Presiden.nsf/PAS+Index/405E4EC4E27BE8D185258DF7002DD1C0/$FILE/Trump,%20Donald%20J.-05.08.2026-278T(2).pdf"
2026-02-19,sale,ROPER TECHNOLOGIES INC,"$1,001 - $15,000",False,87,"https://extapps2.oge.gov/201/Presiden.nsf/PAS+Index/405E4EC4E27BE8D185258DF7002DD1C0/$FILE/Trump,%20Donald%20J.-05.08.2026-278T(2).pdf"
2026-03-04,sale,PRUDENTIAL FINANCIAL INC,"$1,001 - $15,000",True,87,"https://extapps2.oge.gov/201/Presiden.nsf/PAS+Index/405E4EC4E27BE8D185258DF7002DD1C0/$FILE/Trump,%20Donald%20J.-05.08.2026-278T(2).pdf"
2026-03-17,sale,PRUDENTIAL FINANCIAL INC,"$1,001 - $15,000",False,87,"https://extapps2.oge.gov/201/Presiden.nsf/PAS+Index/405E4EC4E27BE8D185258DF7002DD1C0/$FILE/Trump,%20Donald%20J.-05.08.2026-278T(2).pdf"
2026-03-17,sale,INTUITIVE SURGICAL INC,"$1,001 - $15,000",False,87,"https://extapps2.oge.gov/201/Presiden.nsf/PAS+Index/405E4EC4E27BE8D185258DF7002DD1C0/$FILE/Trump,%20Donald%20J.-05.08.2026-278T(2).pdf"
2026-03-27,sale,"Aml)henol Ct,m Now Cl A A-Unit Prica Transaction Yoor Brclcor Acted As Aoont","$1,001 - $15,000",False,87,"https://extapps2.oge.gov/201/Presiden.nsf/PAS+Index/405E4EC4E27BE8D185258DF7002DD1C0/$FILE/Trump,%20Donald%20J.-05.08.2026-278T(2).pdf"
2026-01-21,sale,ADOBE INC,"$1,001 - $15,000",True,87,"https://extapps2.oge.gov/201/Presiden.nsf/PAS+Index/405E4EC4E27BE8D185258DF7002DD1C0/$FILE/Trump,%20Donald%20J.-05.08.2026-278T(2).pdf"
2026-03-30,sale,AXCELIS TECHNOLOGIES INC,"$1,001 - $15,000",True,87,"https://extapps2.oge.gov/201/Presiden.nsf/PAS+Index/405E4EC4E27BE8D185258DF7002DD1C0/$FILE/Trump,%20Donald%20J.-05.08.2026-278T(2).pdf"
2026-03-27,sale,Roblnhood Mlda Inc Com Cl A SOlldlod Order Dlscrotlon Exl!ldsod,"$1,001 - $15,000",False,87,"https://extapps2.oge.gov/201/Presiden.nsf/PAS+Index/405E4EC4E27BE8D185258DF7002DD1C0/$FILE/Trump,%20Donald%20J.-05.08.2026-278T(2).pdf"
2026-02-12,sale,AECOM,"$1,001 - $15,000",False,87,"https://extapps2.oge.gov/201/Presiden.nsf/PAS+Index/405E4EC4E27BE8D185258DF7002DD1C0/$FILE/Trump,%20Donald%20J.-05.08.2026-278T(2).pdf"
2026-03-27,sale,"Ss&c T""""""""""""""'les Hldas Inc Com E1774634275263-00569 Avo,_ Unit Prico Tranaactlon Your Elrokor Acted As Annnt","$1,001 - $15,000",False,87,"https://extapps2.oge.gov/201/Presiden.nsf/PAS+Index/405E4EC4E27BE8D185258DF7002DD1C0/$FILE/Trump,%20Donald%20J.-05.08.2026-278T(2).pdf"
2026-02-12,sale,ACCENTURE PLC IRELAND F CLASS A,"$1,001 - $15,000",False,87,"https://extapps2.oge.gov/201/Presiden.nsf/PAS+Index/405E4EC4E27BE8D185258DF7002DD1C0/$FILE/Trump,%20Donald%20J.-05.08.2026-278T(2).pdf"
2026-01-12,sale,MASIMOCORP,"$1,001 - $15,000",False,87,"https://extapps2.oge.gov/201/Presiden.nsf/PAS+Index/405E4EC4E27BE8D185258DF7002DD1C0/$FILE/Trump,%20Donald%20J.-05.08.2026-278T(2).pdf"
2028-03-18,sale,AMCORPLCF,"$1,001 - $15,000",True,88,"https://extapps2.oge.gov/201/Presiden.nsf/PAS+Index/405E4EC4E27BE8D185258DF7002DD1C0/$FILE/Trump,%20Donald%20J.-05.08.2026-278T(2).pdf"
2026-01-26,sale,28-'1 VITAL FARMS INC,"$1,001 - $15,000",False,88,"https://extapps2.oge.gov/201/Presiden.nsf/PAS+Index/405E4EC4E27BE8D185258DF7002DD1C0/$FILE/Trump,%20Donald%20J.-05.08.2026-278T(2).pdf"
2026-03-28,sale,ABBOTT LABS,"$1,001 - $15,000",True,88,"https://extapps2.oge.gov/201/Presiden.nsf/PAS+Index/405E4EC4E27BE8D185258DF7002DD1C0/$FILE/Trump,%20Donald%20J.-05.08.2026-278T(2).pdf"
2026-03-27,sale,Snowflake Inc Com Sollcltod Ordor Dlscrotton Exorcised,"$1,001 - $15,000",True,88,"https://extapps2.oge.gov/201/Presiden.nsf/PAS+Index/405E4EC4E27BE8D185258DF7002DD1C0/$FILE/Trump,%20Donald%20J.-05.08.2026-278T(2).pdf"
2026-01-12,sale,CREDIT ACCEP CORP MICH,"$1,001 - $15,000",False,88,"https://extapps2.oge.gov/201/Presiden.nsf/PAS+Index/405E4EC4E27BE8D185258DF7002DD1C0/$FILE/Trump,%20Donald%20J.-05.08.2026-278T(2).pdf"
2026-03-30,sale,LINCOLN NATL CORP IND,"$1,001 - $15,000",False,88,"https://extapps2.oge.gov/201/Presiden.nsf/PAS+Index/405E4EC4E27BE8D185258DF7002DD1C0/$FILE/Trump,%20Donald%20J.-05.08.2026-278T(2).pdf"
2026-02-23,sale,ACCENTURE PLC IRELAND F CLASS A,"$1,001 - $15,000",True,88,"https://extapps2.oge.gov/201/Presiden.nsf/PAS+Index/405E4EC4E27BE8D185258DF7002DD1C0/$FILE/Trump,%20Donald%20J.-05.08.2026-278T(2).pdf"
2026-02-12,sale,AVALONBAY CMNTYS INC REIT,"$1,001 - $15,000",False,88,"https://extapps2.oge.gov/201/Presiden.nsf/PAS+Index/405E4EC4E27BE8D185258DF7002DD1C0/$FILE/Trump,%20Donald%20J.-05.08.2026-278T(2).pdf"
2026-03-16,sale,"Newmont""-Com Sollcltod Order Dlscrotton Exordsod","$1,001 - $15,000",True,88,"https://extapps2.oge.gov/201/Presiden.nsf/PAS+Index/405E4EC4E27BE8D185258DF7002DD1C0/$FILE/Trump,%20Donald%20J.-05.08.2026-278T(2).pdf"
2026-03-27,sale,B<lstcn Sdonllfle Coro Com Sollclted Order Dlserotton Exordsod,"$1,001 - $15,000",True,88,"https://extapps2.oge.gov/201/Presiden.nsf/PAS+Index/405E4EC4E27BE8D185258DF7002DD1C0/$FILE/Trump,%20Donald%20J.-05.08.2026-278T(2).pdf"
2026-03-18,sale,ERIE INDTY CO CLASS A,"$1,001 - $15,000",False,88,"https://extapps2.oge.gov/201/Presiden.nsf/PAS+Index/405E4EC4E27BE8D185258DF7002DD1C0/$FILE/Trump,%20Donald%20J.-05.08.2026-278T(2).pdf"
2028-03-17,sale,CITIGROUP INC,"$1,001 - $15,000",False,89,"https://extapps2.oge.gov/201/Presiden.nsf/PAS+Index/405E4EC4E27BE8D185258DF7002DD1C0/$FILE/Trump,%20Donald%20J.-05.08.2026-278T(2).pdf"
2026-03-18,sale,METLIFEINC,"$1,001 - $15,000",False,89,"https://extapps2.oge.gov/201/Presiden.nsf/PAS+Index/405E4EC4E27BE8D185258DF7002DD1C0/$FILE/Trump,%20Donald%20J.-05.08.2026-278T(2).pdf"
2026-03-06,sale,"28TT Abbott Labs Com Solldted Ordor DlscroUon Exorcised Avoraao Unit Price Tmnsadlon Your Broker Adod As ..,,.,.,t","$1,001 - $15,000",False,89,"https://extapps2.oge.gov/201/Presiden.nsf/PAS+Index/405E4EC4E27BE8D185258DF7002DD1C0/$FILE/Trump,%20Donald%20J.-05.08.2026-278T(2).pdf"
2026-03-30,sale,REYNOLDS CONSUMER PRODS,"$1,001 - $15,000",False,89,"https://extapps2.oge.gov/201/Presiden.nsf/PAS+Index/405E4EC4E27BE8D185258DF7002DD1C0/$FILE/Trump,%20Donald%20J.-05.08.2026-278T(2).pdf"
2026-03-18,sale,PLANET FITNESS INC CLASS A,"$1,001 - $15,000",False,89,"https://extapps2.oge.gov/201/Presiden.nsf/PAS+Index/405E4EC4E27BE8D185258DF7002DD1C0/$FILE/Trump,%20Donald%20J.-05.08.2026-278T(2).pdf"
2026-03-06,sale,"Mcdonold• ,.._ Com Sollcltod Order DlscreUon Exorcised","$1,001 - $15,000",False,89,"https://extapps2.oge.gov/201/Presiden.nsf/PAS+Index/405E4EC4E27BE8D185258DF7002DD1C0/$FILE/Trump,%20Donald%20J.-05.08.2026-278T(2).pdf"
2028-01-21,sale,VERIZON COMMUNICATIONS,"$1,001 - $15,000",False,89,"https://extapps2.oge.gov/201/Presiden.nsf/PAS+Index/405E4EC4E27BE8D185258DF7002DD1C0/$FILE/Trump,%20Donald%20J.-05.08.2026-278T(2).pdf"
2028-03-30,sale,SHOE CARNIVAL INC,"$1,001 - $15,000",False,89,"https://extapps2.oge.gov/201/Presiden.nsf/PAS+Index/405E4EC4E27BE8D185258DF7002DD1C0/$FILE/Trump,%20Donald%20J.-05.08.2026-278T(2).pdf"
2028-02-26,sale,CARS COM INC,"$1,001 - $15,000",False,89,"https://extapps2.oge.gov/201/Presiden.nsf/PAS+Index/405E4EC4E27BE8D185258DF7002DD1C0/$FILE/Trump,%20Donald%20J.-05.08.2026-278T(2).pdf"
2028-02-12,sale,SAMSARA INC CLASS A,"$1,001 - $15,000",False,89,"https://extapps2.oge.gov/201/Presiden.nsf/PAS+Index/405E4EC4E27BE8D185258DF7002DD1C0/$FILE/Trump,%20Donald%20J.-05.08.2026-278T(2).pdf"
2026-02-26,sale,MARA HLDGS INC,"$1,001 - $15,000",False,90,"https://extapps2.oge.gov/201/Presiden.nsf/PAS+Index/405E4EC4E27BE8D185258DF7002DD1C0/$FILE/Trump,%20Donald%20J.-05.08.2026-278T(2).pdf"
2026-01-26,sale,MGE ENERGY INC,"$1,001 - $15,000",False,90,"https://extapps2.oge.gov/201/Presiden.nsf/PAS+Index/405E4EC4E27BE8D185258DF7002DD1C0/$FILE/Trump,%20Donald%20J.-05.08.2026-278T(2).pdf"
2028-02-26,sale,MGE ENERGY INC,"$1,001 - $15,000",False,90,"https://extapps2.oge.gov/201/Presiden.nsf/PAS+Index/405E4EC4E27BE8D185258DF7002DD1C0/$FILE/Trump,%20Donald%20J.-05.08.2026-278T(2).pdf"
2026-03-30,sale,SEZZI.E INC,"$1,001 - $15,000",False,90,"https://extapps2.oge.gov/201/Presiden.nsf/PAS+Index/405E4EC4E27BE8D185258DF7002DD1C0/$FILE/Trump,%20Donald%20J.-05.08.2026-278T(2).pdf"
2026-03-06,sale,ln11Jlt Com Sollcltod Ordor Dlsautlon Exordsod,"$1,001 - $15,000",False,90,"https://extapps2.oge.gov/201/Presiden.nsf/PAS+Index/405E4EC4E27BE8D185258DF7002DD1C0/$FILE/Trump,%20Donald%20J.-05.08.2026-278T(2).pdf"
2026-03-30,sale,0-1 GLASS INC,"$1,001 - $15,000",False,90,"https://extapps2.oge.gov/201/Presiden.nsf/PAS+Index/405E4EC4E27BE8D185258DF7002DD1C0/$FILE/Trump,%20Donald%20J.-05.08.2026-278T(2).pdf"
2026-02-12,sale,VARONIS SYS INC,"$1,001 - $15,000",False,90,"https://extapps2.oge.gov/201/Presiden.nsf/PAS+Index/405E4EC4E27BE8D185258DF7002DD1C0/$FILE/Trump,%20Donald%20J.-05.08.2026-278T(2).pdf"
2026-03-27,sale,Jacob• SoluUons Inc Com Solldtod Ordor DlscroUon Exorcilod,"$15,001 - $50,000",False,90,"https://extapps2.oge.gov/201/Presiden.nsf/PAS+Index/405E4EC4E27BE8D185258DF7002DD1C0/$FILE/Trump,%20Donald%20J.-05.08.2026-278T(2).pdf"
2026-02-26,sale,YELP INC,"$15,001 - $50,000",False,90,"https://extapps2.oge.gov/201/Presiden.nsf/PAS+Index/405E4EC4E27BE8D185258DF7002DD1C0/$FILE/Trump,%20Donald%20J.-05.08.2026-278T(2).pdf"
2026-03-30,sale,ELLINGTON FINL INC REIT,"$15,001 - $50,000",False,90,"https://extapps2.oge.gov/201/Presiden.nsf/PAS+Index/405E4EC4E27BE8D185258DF7002DD1C0/$FILE/Trump,%20Donald%20J.-05.08.2026-278T(2).pdf"
2026-02-26,sale,GIBRALTAR INDS INC,"$15,001 - $50,000",False,90,"https://extapps2.oge.gov/201/Presiden.nsf/PAS+Index/405E4EC4E27BE8D185258DF7002DD1C0/$FILE/Trump,%20Donald%20J.-05.08.2026-278T(2).pdf"
2026-02-26,sale,LCI INOS,"$15,001 - $50,000",False,90,"https://extapps2.oge.gov/201/Presiden.nsf/PAS+Index/405E4EC4E27BE8D185258DF7002DD1C0/$FILE/Trump,%20Donald%20J.-05.08.2026-278T(2).pdf"
2026-03-23,sale,DAVE & BUSTERS ENTMT INC,"$15,001 - $50,000",False,90,"https://extapps2.oge.gov/201/Presiden.nsf/PAS+Index/405E4EC4E27BE8D185258DF7002DD1C0/$FILE/Trump,%20Donald%20J.-05.08.2026-278T(2).pdf"
2026-02-26,sale,ACM RESH INC CLASS A,"$15,001 - $50,000",False,90,"https://extapps2.oge.gov/201/Presiden.nsf/PAS+Index/405E4EC4E27BE8D185258DF7002DD1C0/$FILE/Trump,%20Donald%20J.-05.08.2026-278T(2).pdf"
2026-01-26,sale,PENN ENTMT INC,"$15,001 - $50,000",False,90,"https://extapps2.oge.gov/201/Presiden.nsf/PAS+Index/405E4EC4E27BE8D185258DF7002DD1C0/$FILE/Trump,%20Donald%20J.-05.08.2026-278T(2).pdf"
2026-02-26,sale,ICU MED INC,"$15,001 - $50,000",False,90,"https://extapps2.oge.gov/201/Presiden.nsf/PAS+Index/405E4EC4E27BE8D185258DF7002DD1C0/$FILE/Trump,%20Donald%20J.-05.08.2026-278T(2).pdf"
2026-03-30,sale,CHAMPION HOMES INC,"$15,001 - $50,000",False,90,"https://extapps2.oge.gov/201/Presiden.nsf/PAS+Index/405E4EC4E27BE8D185258DF7002DD1C0/$FILE/Trump,%20Donald%20J.-05.08.2026-278T(2).pdf"
2026-03-30,sale,LINDSAY CORP,"$15,001 - $50,000",False,90,"https://extapps2.oge.gov/201/Presiden.nsf/PAS+Index/405E4EC4E27BE8D185258DF7002DD1C0/$FILE/Trump,%20Donald%20J.-05.08.2026-278T(2).pdf"
2026-02-26,sale,lWO HARBORS INVESTME,"$15,001 - $50,000",False,90,"https://extapps2.oge.gov/201/Presiden.nsf/PAS+Index/405E4EC4E27BE8D185258DF7002DD1C0/$FILE/Trump,%20Donald%20J.-05.08.2026-278T(2).pdf"
2026-02-12,sale,RLICORP,"$15,001 - $50,000",False,90,"https://extapps2.oge.gov/201/Presiden.nsf/PAS+Index/405E4EC4E27BE8D185258DF7002DD1C0/$FILE/Trump,%20Donald%20J.-05.08.2026-278T(2).pdf"
2026-02-26,sale,CARGURUS INC CLASS A,"$15,001 - $50,000",False,90,"https://extapps2.oge.gov/201/Presiden.nsf/PAS+Index/405E4EC4E27BE8D185258DF7002DD1C0/$FILE/Trump,%20Donald%20J.-05.08.2026-278T(2).pdf"
2026-03-06,sale,To Connodlvllv Pie Ord Shs lsln#le000Ivnc:z81 Solldlod Ordor Olscrotton Exordsod,"$15,001 - $50,000",False,90,"https://extapps2.oge.gov/201/Presiden.nsf/PAS+Index/405E4EC4E27BE8D185258DF7002DD1C0/$FILE/Trump,%20Donald%20J.-05.08.2026-278T(2).pdf"
2026-03-17,sale,NXP SEMICONDUCTORS NV,"$15,001 - $50,000",False,90,"https://extapps2.oge.gov/201/Presiden.nsf/PAS+Index/405E4EC4E27BE8D185258DF7002DD1C0/$FILE/Trump,%20Donald%20J.-05.08.2026-278T(2).pdf"
2026-02-26,sale,LEGAL200M COM INC,"$15,001 - $50,000",False,90,"https://extapps2.oge.gov/201/Presiden.nsf/PAS+Index/405E4EC4E27BE8D185258DF7002DD1C0/$FILE/Trump,%20Donald%20J.-05.08.2026-278T(2).pdf"
2026-03-30,sale,TANDEM DIABETES CARE INC,"$15,001 - $50,000",False,90,"https://extapps2.oge.gov/201/Presiden.nsf/PAS+Index/405E4EC4E27BE8D185258DF7002DD1C0/$FILE/Trump,%20Donald%20J.-05.08.2026-278T(2).pdf"
2026-03-30,sale,EXP WORLD HLDGS INC,"$15,001 - $50,000",False,90,"https://extapps2.oge.gov/201/Presiden.nsf/PAS+Index/405E4EC4E27BE8D185258DF7002DD1C0/$FILE/Trump,%20Donald%20J.-05.08.2026-278T(2).pdf"
2026-02-12,sale,MANHATTAN ASSOCS INC,"$15,001 - $50,000",False,90,"https://extapps2.oge.gov/201/Presiden.nsf/PAS+Index/405E4EC4E27BE8D185258DF7002DD1C0/$FILE/Trump,%20Donald%20J.-05.08.2026-278T(2).pdf"
2026-03-30,sale,SANMINA CORP,"$15,001 - $50,000",True,91,"https://extapps2.oge.gov/201/Presiden.nsf/PAS+Index/405E4EC4E27BE8D185258DF7002DD1C0/$FILE/Trump,%20Donald%20J.-05.08.2026-278T(2).pdf"
2026-03-30,sale,HCI GROUP INC,"$15,001 - $50,000",True,91,"https://extapps2.oge.gov/201/Presiden.nsf/PAS+Index/405E4EC4E27BE8D185258DF7002DD1C0/$FILE/Trump,%20Donald%20J.-05.08.2026-278T(2).pdf"
2026-03-30,sale,WINMARKCORP,"$15,001 - $50,000",True,91,"https://extapps2.oge.gov/201/Presiden.nsf/PAS+Index/405E4EC4E27BE8D185258DF7002DD1C0/$FILE/Trump,%20Donald%20J.-05.08.2026-278T(2).pdf"
2026-02-12,sale,CCC INTELLIGENT SOLUTION,"$15,001 - $50,000",True,91,"https://extapps2.oge.gov/201/Presiden.nsf/PAS+Index/405E4EC4E27BE8D185258DF7002DD1C0/$FILE/Trump,%20Donald%20J.-05.08.2026-278T(2).pdf"
2026-03-27,sale,Cllcltal Ono Finl Com Corn Sollcllod Order Dlscrotlon Exordsed,"$15,001 - $50,000",True,91,"https://extapps2.oge.gov/201/Presiden.nsf/PAS+Index/405E4EC4E27BE8D185258DF7002DD1C0/$FILE/Trump,%20Donald%20J.-05.08.2026-278T(2).pdf"
2026-03-30,sale,ARMOUR RESIDENTIAL REIT,"$15,001 - $50,000",True,91,"https://extapps2.oge.gov/201/Presiden.nsf/PAS+Index/405E4EC4E27BE8D185258DF7002DD1C0/$FILE/Trump,%20Donald%20J.-05.08.2026-278T(2).pdf"
2026-03-27,sale,G.....i MIiis Inc Corn Sollcltad Order Dlsaotlon Exon:lsod,"$15,001 - $50,000",True,91,"https://extapps2.oge.gov/201/Presiden.nsf/PAS+Index/405E4EC4E27BE8D185258DF7002DD1C0/$FILE/Trump,%20Donald%20J.-05.08.2026-278T(2).pdf"
2026-03-18,sale,COGNIZANT TECHNOLOGY SOL CLASS A,"$15,001 - $50,000",False,91,"https://extapps2.oge.gov/201/Presiden.nsf/PAS+Index/405E4EC4E27BE8D185258DF7002DD1C0/$FILE/Trump,%20Donald%20J.-05.08.2026-278T(2).pdf"
2026-03-27,sale,Oh Corn SoiJcllod Order Dlsaetlon Exordsod,"$15,001 - $50,000",True,91,"https://extapps2.oge.gov/201/Presiden.nsf/PAS+Index/405E4EC4E27BE8D185258DF7002DD1C0/$FILE/Trump,%20Donald%20J.-05.08.2026-278T(2).pdf"
2026-03-30,sale,BANC CALIF INC,"$15,001 - $50,000",True,91,"https://extapps2.oge.gov/201/Presiden.nsf/PAS+Index/405E4EC4E27BE8D185258DF7002DD1C0/$FILE/Trump,%20Donald%20J.-05.08.2026-278T(2).pdf"
2026-03-27,sale,"DI"""""""" Wa~ Co Dlanov Com AYO""""""' Unit Price Tn,noacllon Your Broker Aclod ,... Aaont","$15,001 - $50,000",False,92,"https://extapps2.oge.gov/201/Presiden.nsf/PAS+Index/405E4EC4E27BE8D185258DF7002DD1C0/$FILE/Trump,%20Donald%20J.-05.08.2026-278T(2).pdf"
2026-03-06,sale,ProctDr & Gambia Co Com Sollc:llod Order DlacreUon Exortlsed,"$15,001 - $50,000",False,92,"https://extapps2.oge.gov/201/Presiden.nsf/PAS+Index/405E4EC4E27BE8D185258DF7002DD1C0/$FILE/Trump,%20Donald%20J.-05.08.2026-278T(2).pdf"
2026-03-30,sale,CHEESECAKE FACTORY INC,"$15,001 - $50,000",False,92,"https://extapps2.oge.gov/201/Presiden.nsf/PAS+Index/405E4EC4E27BE8D185258DF7002DD1C0/$FILE/Trump,%20Donald%20J.-05.08.2026-278T(2).pdf"
2026-03-30,sale,ULTRA CLEAN HLDGS INC,"$15,001 - $50,000",False,92,"https://extapps2.oge.gov/201/Presiden.nsf/PAS+Index/405E4EC4E27BE8D185258DF7002DD1C0/$FILE/Trump,%20Donald%20J.-05.08.2026-278T(2).pdf"
2028-03-27,sale,Cloudllllro Inc Cl A Sollc:llod Ordor OlscroUon Exorclaod,"$15,001 - $50,000",False,92,"https://extapps2.oge.gov/201/Presiden.nsf/PAS+Index/405E4EC4E27BE8D185258DF7002DD1C0/$FILE/Trump,%20Donald%20J.-05.08.2026-278T(2).pdf"
2026-02-26,sale,MERCHANTS BANCORP IND,"$15,001 - $50,000",False,92,"https://extapps2.oge.gov/201/Presiden.nsf/PAS+Index/405E4EC4E27BE8D185258DF7002DD1C0/$FILE/Trump,%20Donald%20J.-05.08.2026-278T(2).pdf"
2026-03-30,sale,MARTEN TRANS LTD,"$15,001 - $50,000",False,92,"https://extapps2.oge.gov/201/Presiden.nsf/PAS+Index/405E4EC4E27BE8D185258DF7002DD1C0/$FILE/Trump,%20Donald%20J.-05.08.2026-278T(2).pdf"
2026-01-12,sale,29TT BERKLEY WR CORP,"$15,001 - $50,000",False,92,"https://extapps2.oge.gov/201/Presiden.nsf/PAS+Index/405E4EC4E27BE8D185258DF7002DD1C0/$FILE/Trump,%20Donald%20J.-05.08.2026-278T(2).pdf"
2026-03-30,sale,NTNL BK HLDGS CORP A CLASS A,"$15,001 - $50,000",False,92,"https://extapps2.oge.gov/201/Presiden.nsf/PAS+Index/405E4EC4E27BE8D185258DF7002DD1C0/$FILE/Trump,%20Donald%20J.-05.08.2026-278T(2).pdf"
2026-03-30,sale,UNITED CMNTY BK BLAIRSV1,"$15,001 - $50,000",False,92,"https://extapps2.oge.gov/201/Presiden.nsf/PAS+Index/405E4EC4E27BE8D185258DF7002DD1C0/$FILE/Trump,%20Donald%20J.-05.08.2026-278T(2).pdf"
2028-01-21,sale,VISA INC CLASS A,"$15,001 - $50,000",False,92,"https://extapps2.oge.gov/201/Presiden.nsf/PAS+Index/405E4EC4E27BE8D185258DF7002DD1C0/$FILE/Trump,%20Donald%20J.-05.08.2026-278T(2).pdf"
2026-03-30,sale,RADIAN GROUP INC,"$15,001 - $50,000",False,92,"https://extapps2.oge.gov/201/Presiden.nsf/PAS+Index/405E4EC4E27BE8D185258DF7002DD1C0/$FILE/Trump,%20Donald%20J.-05.08.2026-278T(2).pdf"
2028-03-30,sale,TELEFLEX INC,"$15,001 - $50,000",False,92,"https://extapps2.oge.gov/201/Presiden.nsf/PAS+Index/405E4EC4E27BE8D185258DF7002DD1C0/$FILE/Trump,%20Donald%20J.-05.08.2026-278T(2).pdf"
2026-03-30,sale,RXOINC,"$15,001 - $50,000",False,92,"https://extapps2.oge.gov/201/Presiden.nsf/PAS+Index/405E4EC4E27BE8D185258DF7002DD1C0/$FILE/Trump,%20Donald%20J.-05.08.2026-278T(2).pdf"
2026-03-30,sale,LIQUIDITY SVCS INC,"$15,001 - $50,000",False,92,"https://extapps2.oge.gov/201/Presiden.nsf/PAS+Index/405E4EC4E27BE8D185258DF7002DD1C0/$FILE/Trump,%20Donald%20J.-05.08.2026-278T(2).pdf"
2026-03-30,sale,CLEANSPARK INC,"$15,001 - $50,000",False,92,"https://extapps2.oge.gov/201/Presiden.nsf/PAS+Index/405E4EC4E27BE8D185258DF7002DD1C0/$FILE/Trump,%20Donald%20J.-05.08.2026-278T(2).pdf"
2026-03-30,sale,STRIDE INC,"$15,001 - $50,000",False,92,"https://extapps2.oge.gov/201/Presiden.nsf/PAS+Index/405E4EC4E27BE8D185258DF7002DD1C0/$FILE/Trump,%20Donald%20J.-05.08.2026-278T(2).pdf"
2026-02-26,sale,TRIPAOVISOR INC,"$15,001 - $50,000",False,92,"https://extapps2.oge.gov/201/Presiden.nsf/PAS+Index/405E4EC4E27BE8D185258DF7002DD1C0/$FILE/Trump,%20Donald%20J.-05.08.2026-278T(2).pdf"
2026-03-18,sale,0 REILLY AUTOMOTIVE INC,"$15,001 - $50,000",False,92,"https://extapps2.oge.gov/201/Presiden.nsf/PAS+Index/405E4EC4E27BE8D185258DF7002DD1C0/$FILE/Trump,%20Donald%20J.-05.08.2026-278T(2).pdf"
2026-03-26,sale,BERKSHIRE HATHAWAY CLASS B,"$15,001 - $50,000",False,92,"https://extapps2.oge.gov/201/Presiden.nsf/PAS+Index/405E4EC4E27BE8D185258DF7002DD1C0/$FILE/Trump,%20Donald%20J.-05.08.2026-278T(2).pdf"
2026-02-26,sale,COMSTOCK RES INC,"$15,001 - $50,000",False,92,"https://extapps2.oge.gov/201/Presiden.nsf/PAS+Index/405E4EC4E27BE8D185258DF7002DD1C0/$FILE/Trump,%20Donald%20J.-05.08.2026-278T(2).pdf"
2026-03-30,sale,EMPLOYERS HLDGS INC,"$15,001 - $50,000",False,92,"https://extapps2.oge.gov/201/Presiden.nsf/PAS+Index/405E4EC4E27BE8D185258DF7002DD1C0/$FILE/Trump,%20Donald%20J.-05.08.2026-278T(2).pdf"
2026-03-30,sale,BANNER CORP,"$15,001 - $50,000",False,92,"https://extapps2.oge.gov/201/Presiden.nsf/PAS+Index/405E4EC4E27BE8D185258DF7002DD1C0/$FILE/Trump,%20Donald%20J.-05.08.2026-278T(2).pdf"
2026-03-27,sale,"Coanl7anl Tochnoloav Solutions Cori, Cl A Solicited Ordor Olscrotlon Exorcised AYO""""""' Unit Price Transaction Your Brokor Aclod ,... """"""""t","$15,001 - $50,000",False,92,"https://extapps2.oge.gov/201/Presiden.nsf/PAS+Index/405E4EC4E27BE8D185258DF7002DD1C0/$FILE/Trump,%20Donald%20J.-05.08.2026-278T(2).pdf"
2026-03-30,sale,BREAD FINL HOLDINGS,"$15,001 - $50,000",False,92,"https://extapps2.oge.gov/201/Presiden.nsf/PAS+Index/405E4EC4E27BE8D185258DF7002DD1C0/$FILE/Trump,%20Donald%20J.-05.08.2026-278T(2).pdf"
2026-03-30,sale,UPBOUND GROUP INC,"$15,001 - $50,000",False,92,"https://extapps2.oge.gov/201/Presiden.nsf/PAS+Index/405E4EC4E27BE8D185258DF7002DD1C0/$FILE/Trump,%20Donald%20J.-05.08.2026-278T(2).pdf"
2026-02-23,sale,29Vll MASTERCARD INC CLASS A,"$15,001 - $50,000",False,92,"https://extapps2.oge.gov/201/Presiden.nsf/PAS+Index/405E4EC4E27BE8D185258DF7002DD1C0/$FILE/Trump,%20Donald%20J.-05.08.2026-278T(2).pdf"
2026-01-22,sale,JPMORGAN CHASE & CO,"$15,001 - $50,000",False,92,"https://extapps2.oge.gov/201/Presiden.nsf/PAS+Index/405E4EC4E27BE8D185258DF7002DD1C0/$FILE/Trump,%20Donald%20J.-05.08.2026-278T(2).pdf"
2026-01-12,sale,ZILLOW GROUP INC CLASS C,"$15,001 - $50,000",False,93,"https://extapps2.oge.gov/201/Presiden.nsf/PAS+Index/405E4EC4E27BE8D185258DF7002DD1C0/$FILE/Trump,%20Donald%20J.-05.08.2026-278T(2).pdf"
2026-01-26,sale,SPRINKLR INC CLASS A,"$15,001 - $50,000",False,93,"https://extapps2.oge.gov/201/Presiden.nsf/PAS+Index/405E4EC4E27BE8D185258DF7002DD1C0/$FILE/Trump,%20Donald%20J.-05.08.2026-278T(2).pdf"
2026-01-12,sale,CHENIERE ENERGY INC,"$15,001 - $50,000",False,93,"https://extapps2.oge.gov/201/Presiden.nsf/PAS+Index/405E4EC4E27BE8D185258DF7002DD1C0/$FILE/Trump,%20Donald%20J.-05.08.2026-278T(2).pdf"
2026-01-12,sale,LEIDOS HLDGS INC,"$15,001 - $50,000",False,93,"https://extapps2.oge.gov/201/Presiden.nsf/PAS+Index/405E4EC4E27BE8D185258DF7002DD1C0/$FILE/Trump,%20Donald%20J.-05.08.2026-278T(2).pdf"
2026-03-30,sale,PAYCOM SOFlWARE INC,"$15,001 - $50,000",False,93,"https://extapps2.oge.gov/201/Presiden.nsf/PAS+Index/405E4EC4E27BE8D185258DF7002DD1C0/$FILE/Trump,%20Donald%20J.-05.08.2026-278T(2).pdf"
2026-03-23,sale,SUMMIT HOTEL PPTYS INC REIT,"$15,001 - $50,000",False,93,"https://extapps2.oge.gov/201/Presiden.nsf/PAS+Index/405E4EC4E27BE8D185258DF7002DD1C0/$FILE/Trump,%20Donald%20J.-05.08.2026-278T(2).pdf"
2026-03-06,sale,CelDrnlllar Inc Com Solldted Ortler Dlscrellon ExO<dsod,"$15,001 - $50,000",True,93,"https://extapps2.oge.gov/201/Presiden.nsf/PAS+Index/405E4EC4E27BE8D185258DF7002DD1C0/$FILE/Trump,%20Donald%20J.-05.08.2026-278T(2).pdf"
2026-03-30,sale,XPELINC,"$15,001 - $50,000",False,93,"https://extapps2.oge.gov/201/Presiden.nsf/PAS+Index/405E4EC4E27BE8D185258DF7002DD1C0/$FILE/Trump,%20Donald%20J.-05.08.2026-278T(2).pdf"
2026-03-30,sale,RINGCENTRAL INC CLASS A,"$15,001 - $50,000",False,93,"https://extapps2.oge.gov/201/Presiden.nsf/PAS+Index/405E4EC4E27BE8D185258DF7002DD1C0/$FILE/Trump,%20Donald%20J.-05.08.2026-278T(2).pdf"
2026-03-30,sale,BANCFIRST CORP,"$15,001 - $50,000",False,93,"https://extapps2.oge.gov/201/Presiden.nsf/PAS+Index/405E4EC4E27BE8D185258DF7002DD1C0/$FILE/Trump,%20Donald%20J.-05.08.2026-278T(2).pdf"
2026-03-04,sale,ST STR SPDR S&P GLOBAL NAT RES ETF,"$15,001 - $50,000",True,93,"https://extapps2.oge.gov/201/Presiden.nsf/PAS+Index/405E4EC4E27BE8D185258DF7002DD1C0/$FILE/Trump,%20Donald%20J.-05.08.2026-278T(2).pdf"
2026-03-18,sale,STERISPLCF,"$15,001 - $50,000",True,93,"https://extapps2.oge.gov/201/Presiden.nsf/PAS+Index/405E4EC4E27BE8D185258DF7002DD1C0/$FILE/Trump,%20Donald%20J.-05.08.2026-278T(2).pdf"
2026-03-30,sale,SHUTTERSTOCK INC MERGER ELECTION EXP: 03/31/26,"$15,001 - $50,000",False,93,"https://extapps2.oge.gov/201/Presiden.nsf/PAS+Index/405E4EC4E27BE8D185258DF7002DD1C0/$FILE/Trump,%20Donald%20J.-05.08.2026-278T(2).pdf"
2026-02-26,sale,HARMONY BIOSCIENCES HLDG,"$15,001 - $50,000",False,93,"https://extapps2.oge.gov/201/Presiden.nsf/PAS+Index/405E4EC4E27BE8D185258DF7002DD1C0/$FILE/Trump,%20Donald%20J.-05.08.2026-278T(2).pdf"
2026-01-26,sale,ENOVISCORP,"$15,001 - $50,000",False,93,"https://extapps2.oge.gov/201/Presiden.nsf/PAS+Index/405E4EC4E27BE8D185258DF7002DD1C0/$FILE/Trump,%20Donald%20J.-05.08.2026-278T(2).pdf"
2026-03-18,sale,PAYCOM SOFlWARE INC,"$15,001 - $50,000",False,93,"https://extapps2.oge.gov/201/Presiden.nsf/PAS+Index/405E4EC4E27BE8D185258DF7002DD1C0/$FILE/Trump,%20Donald%20J.-05.08.2026-278T(2).pdf"
2026-03-27,sale,<ltJalcomm Inc Com Solldted Ortler DlscroUon Exerdsod,"$15,001 - $50,000",False,93,"https://extapps2.oge.gov/201/Presiden.nsf/PAS+Index/405E4EC4E27BE8D185258DF7002DD1C0/$FILE/Trump,%20Donald%20J.-05.08.2026-278T(2).pdf"
2026-02-12,sale,PROCORE TECHNOLOGIES INC,"$15,001 - $50,000",False,93,"https://extapps2.oge.gov/201/Presiden.nsf/PAS+Index/405E4EC4E27BE8D185258DF7002DD1C0/$FILE/Trump,%20Donald%20J.-05.08.2026-278T(2).pdf"
2026-03-18,sale,DICKS SPORTING GOODS INC,"$15,001 - $50,000",False,93,"https://extapps2.oge.gov/201/Presiden.nsf/PAS+Index/405E4EC4E27BE8D185258DF7002DD1C0/$FILE/Trump,%20Donald%20J.-05.08.2026-278T(2).pdf"
2026-02-12,sale,WILLIS TOWERS WATSON PF,"$15,001 - $50,000",False,93,"https://extapps2.oge.gov/201/Presiden.nsf/PAS+Index/405E4EC4E27BE8D185258DF7002DD1C0/$FILE/Trump,%20Donald%20J.-05.08.2026-278T(2).pdf"
2026-03-27,sale,Adobo Sys Inc Com Solldted Ortler Dlacrollon Exordsod,"$15,001 - $50,000",False,93,"https://extapps2.oge.gov/201/Presiden.nsf/PAS+Index/405E4EC4E27BE8D185258DF7002DD1C0/$FILE/Trump,%20Donald%20J.-05.08.2026-278T(2).pdf"
2026-03-30,sale,EVERTEC INC F,"$15,001 - $50,000",False,94,"https://extapps2.oge.gov/201/Presiden.nsf/PAS+Index/405E4EC4E27BE8D185258DF7002DD1C0/$FILE/Trump,%20Donald%20J.-05.08.2026-278T(2).pdf"
2026-02-26,sale,GOOSEHEAO INS INC CLASS A,"$15,001 - $50,000",False,94,"https://extapps2.oge.gov/201/Presiden.nsf/PAS+Index/405E4EC4E27BE8D185258DF7002DD1C0/$FILE/Trump,%20Donald%20J.-05.08.2026-278T(2).pdf"
2026-01-12,sale,INTERNTNL PAPER CO,"$15,001 - $50,000",False,94,"https://extapps2.oge.gov/201/Presiden.nsf/PAS+Index/405E4EC4E27BE8D185258DF7002DD1C0/$FILE/Trump,%20Donald%20J.-05.08.2026-278T(2).pdf"
2026-01-26,sale,ESSENTIAi. PPTYS RLT Y TR REIT,"$15,001 - $50,000",False,94,"https://extapps2.oge.gov/201/Presiden.nsf/PAS+Index/405E4EC4E27BE8D185258DF7002DD1C0/$FILE/Trump,%20Donald%20J.-05.08.2026-278T(2).pdf"
2026-03-23,sale,ANGI INC ClASS A,"$15,001 - $50,000",False,94,"https://extapps2.oge.gov/201/Presiden.nsf/PAS+Index/405E4EC4E27BE8D185258DF7002DD1C0/$FILE/Trump,%20Donald%20J.-05.08.2026-278T(2).pdf"
2026-01-12,sale,KROGER CO,"$15,001 - $50,000",False,94,"https://extapps2.oge.gov/201/Presiden.nsf/PAS+Index/405E4EC4E27BE8D185258DF7002DD1C0/$FILE/Trump,%20Donald%20J.-05.08.2026-278T(2).pdf"
2026-03-18,sale,BUILDERS FIRSTSOURCE INC,"$15,001 - $50,000",True,94,"https://extapps2.oge.gov/201/Presiden.nsf/PAS+Index/405E4EC4E27BE8D185258DF7002DD1C0/$FILE/Trump,%20Donald%20J.-05.08.2026-278T(2).pdf"
2026-03-18,sale,PINTEREST INC CLASS A,"$15,001 - $50,000",False,94,"https://extapps2.oge.gov/201/Presiden.nsf/PAS+Index/405E4EC4E27BE8D185258DF7002DD1C0/$FILE/Trump,%20Donald%20J.-05.08.2026-278T(2).pdf"
2026-02-26,sale,AMERISAFE INC,"$15,001 - $50,000",False,94,"https://extapps2.oge.gov/201/Presiden.nsf/PAS+Index/405E4EC4E27BE8D185258DF7002DD1C0/$FILE/Trump,%20Donald%20J.-05.08.2026-278T(2).pdf"
2026-03-30,sale,AMENTUM HLDGS INC EQUITY,"$15,001 - $50,000",False,95,"https://extapps2.oge.gov/201/Presiden.nsf/PAS+Index/405E4EC4E27BE8D185258DF7002DD1C0/$FILE/Trump,%20Donald%20J.-05.08.2026-278T(2).pdf"
2026-01-12,sale,MOTOROLA SOLUTIONS INC,"$15,001 - $50,000",True,95,"https://extapps2.oge.gov/201/Presiden.nsf/PAS+Index/405E4EC4E27BE8D185258DF7002DD1C0/$FILE/Trump,%20Donald%20J.-05.08.2026-278T(2).pdf"
2026-03-30,sale,MACERICH CO REIT,"$15,001 - $50,000",False,95,"https://extapps2.oge.gov/201/Presiden.nsf/PAS+Index/405E4EC4E27BE8D185258DF7002DD1C0/$FILE/Trump,%20Donald%20J.-05.08.2026-278T(2).pdf"
2026-02-26,sale,GRIO OYNAMICS HLDGS INC CLASS A,"$15,001 - $50,000",True,95,"https://extapps2.oge.gov/201/Presiden.nsf/PAS+Index/405E4EC4E27BE8D185258DF7002DD1C0/$FILE/Trump,%20Donald%20J.-05.08.2026-278T(2).pdf"
2026-03-30,sale,BOOT BARN HLDGS INC,"$15,001 - $50,000",False,95,"https://extapps2.oge.gov/201/Presiden.nsf/PAS+Index/405E4EC4E27BE8D185258DF7002DD1C0/$FILE/Trump,%20Donald%20J.-05.08.2026-278T(2).pdf"
2026-02-26,sale,COGENT COMMUNICATIONS HL,"$15,001 - $50,000",True,95,"https://extapps2.oge.gov/201/Presiden.nsf/PAS+Index/405E4EC4E27BE8D185258DF7002DD1C0/$FILE/Trump,%20Donald%20J.-05.08.2026-278T(2).pdf"
2026-03-30,sale,STEWART INFORMATION SVCS,"$15,001 - $50,000",False,95,"https://extapps2.oge.gov/201/Presiden.nsf/PAS+Index/405E4EC4E27BE8D185258DF7002DD1C0/$FILE/Trump,%20Donald%20J.-05.08.2026-278T(2).pdf"
2026-01-12,sale,PURE STORAGE INC CLASS A,"$15,001 - $50,000",False,95,"https://extapps2.oge.gov/201/Presiden.nsf/PAS+Index/405E4EC4E27BE8D185258DF7002DD1C0/$FILE/Trump,%20Donald%20J.-05.08.2026-278T(2).pdf"
2026-03-30,sale,DAUCHCORP,"$15,001 - $50,000",False,95,"https://extapps2.oge.gov/201/Presiden.nsf/PAS+Index/405E4EC4E27BE8D185258DF7002DD1C0/$FILE/Trump,%20Donald%20J.-05.08.2026-278T(2).pdf"
2026-03-30,sale,AZENTAINC,"$15,001 - $50,000",False,95,"https://extapps2.oge.gov/201/Presiden.nsf/PAS+Index/405E4EC4E27BE8D185258DF7002DD1C0/$FILE/Trump,%20Donald%20J.-05.08.2026-278T(2).pdf"
2026-03-30,sale,MILLERKNOLL INC,"$15,001 - $50,000",False,95,"https://extapps2.oge.gov/201/Presiden.nsf/PAS+Index/405E4EC4E27BE8D185258DF7002DD1C0/$FILE/Trump,%20Donald%20J.-05.08.2026-278T(2).pdf"
2026-01-22,sale,MORGAN STANLEY,"$15,001 - $50,000",False,95,"https://extapps2.oge.gov/201/Presiden.nsf/PAS+Index/405E4EC4E27BE8D185258DF7002DD1C0/$FILE/Trump,%20Donald%20J.-05.08.2026-278T(2).pdf"
2026-02-12,sale,HUBSPOTINC,"$15,001 - $50,000",True,95,"https://extapps2.oge.gov/201/Presiden.nsf/PAS+Index/405E4EC4E27BE8D185258DF7002DD1C0/$FILE/Trump,%20Donald%20J.-05.08.2026-278T(2).pdf"
2026-03-17,sale,STELLANTIS N V,"$15,001 - $50,000",True,95,"https://extapps2.oge.gov/201/Presiden.nsf/PAS+Index/405E4EC4E27BE8D185258DF7002DD1C0/$FILE/Trump,%20Donald%20J.-05.08.2026-278T(2).pdf"
2026-03-30,sale,SCANSOURCE INC,"$15,001 - $50,000",False,95,"https://extapps2.oge.gov/201/Presiden.nsf/PAS+Index/405E4EC4E27BE8D185258DF7002DD1C0/$FILE/Trump,%20Donald%20J.-05.08.2026-278T(2).pdf"
2026-03-30,sale,URBAN OUTFITTERS INC,"$15,001 - $50,000",False,95,"https://extapps2.oge.gov/201/Presiden.nsf/PAS+Index/405E4EC4E27BE8D185258DF7002DD1C0/$FILE/Trump,%20Donald%20J.-05.08.2026-278T(2).pdf"
2026-02-12,sale,VORNADO RLTY TR REIT,"$15,001 - $50,000",False,95,"https://extapps2.oge.gov/201/Presiden.nsf/PAS+Index/405E4EC4E27BE8D185258DF7002DD1C0/$FILE/Trump,%20Donald%20J.-05.08.2026-278T(2).pdf"
2026-03-30,sale,PERRIGO CO PLC F,"$15,001 - $50,000",False,95,"https://extapps2.oge.gov/201/Presiden.nsf/PAS+Index/405E4EC4E27BE8D185258DF7002DD1C0/$FILE/Trump,%20Donald%20J.-05.08.2026-278T(2).pdf"
2026-02-12,sale,METLIFE INC,"$15,001 - $50,000",False,96,"https://extapps2.oge.gov/201/Presiden.nsf/PAS+Index/405E4EC4E27BE8D185258DF7002DD1C0/$FILE/Trump,%20Donald%20J.-05.08.2026-278T(2).pdf"
2028-02-26,sale,ARBOR RLTY TR INC REIT,"$15,001 - $50,000",True,96,"https://extapps2.oge.gov/201/Presiden.nsf/PAS+Index/405E4EC4E27BE8D185258DF7002DD1C0/$FILE/Trump,%20Donald%20J.-05.08.2026-278T(2).pdf"
2026-02-26,sale,HEALTHSTREAM INC,"$15,001 - $50,000",True,96,"https://extapps2.oge.gov/201/Presiden.nsf/PAS+Index/405E4EC4E27BE8D185258DF7002DD1C0/$FILE/Trump,%20Donald%20J.-05.08.2026-278T(2).pdf"
2026-02-12,sale,GARTNER INC,"$15,001 - $50,000",True,96,"https://extapps2.oge.gov/201/Presiden.nsf/PAS+Index/405E4EC4E27BE8D185258DF7002DD1C0/$FILE/Trump,%20Donald%20J.-05.08.2026-278T(2).pdf"
2026-01-12,sale,EXELON CORP,"$15,001 - $50,000",False,96,"https://extapps2.oge.gov/201/Presiden.nsf/PAS+Index/405E4EC4E27BE8D185258DF7002DD1C0/$FILE/Trump,%20Donald%20J.-05.08.2026-278T(2).pdf"
2026-03-30,sale,AMERICAN WOODMARK CORP,"$15,001 - $50,000",False,96,"https://extapps2.oge.gov/201/Presiden.nsf/PAS+Index/405E4EC4E27BE8D185258DF7002DD1C0/$FILE/Trump,%20Donald%20J.-05.08.2026-278T(2).pdf"
2026-03-17,sale,EXPAND ENERGY CORP,"$15,001 - $50,000",False,96,"https://extapps2.oge.gov/201/Presiden.nsf/PAS+Index/405E4EC4E27BE8D185258DF7002DD1C0/$FILE/Trump,%20Donald%20J.-05.08.2026-278T(2).pdf"
2026-03-30,sale,KADANTINC,"$15,001 - $50,000",False,96,"https://extapps2.oge.gov/201/Presiden.nsf/PAS+Index/405E4EC4E27BE8D185258DF7002DD1C0/$FILE/Trump,%20Donald%20J.-05.08.2026-278T(2).pdf"
2026-03-27,sale,Amoflcon Exnross Co Com Solldlod Ordor DlscroUon Exordaod,"$15,001 - $50,000",False,96,"https://extapps2.oge.gov/201/Presiden.nsf/PAS+Index/405E4EC4E27BE8D185258DF7002DD1C0/$FILE/Trump,%20Donald%20J.-05.08.2026-278T(2).pdf"
2026-03-18,sale,JPMORGAN CHASE & CO,"$15,001 - $50,000",False,96,"https://extapps2.oge.gov/201/Presiden.nsf/PAS+Index/405E4EC4E27BE8D185258DF7002DD1C0/$FILE/Trump,%20Donald%20J.-05.08.2026-278T(2).pdf"
2026-03-27,sale,Codenco Coslan Svs Inc Com Solldlod Ordor Dlacrotlon Exerdlod,"$15,001 - $50,000",False,96,"https://extapps2.oge.gov/201/Presiden.nsf/PAS+Index/405E4EC4E27BE8D185258DF7002DD1C0/$FILE/Trump,%20Donald%20J.-05.08.2026-278T(2).pdf"
2028-03-27,sale,Modtronlc Pie Sha lsln#lo00bln1v115 Sotlclllld Ordor DlscreUon Exerdaod,"$15,001 - $50,000",False,96,"https://extapps2.oge.gov/201/Presiden.nsf/PAS+Index/405E4EC4E27BE8D185258DF7002DD1C0/$FILE/Trump,%20Donald%20J.-05.08.2026-278T(2).pdf"
2026-03-06,sale,Walmart Inc Com Solldled Order Dlaaotton Exercised,"$15,001 - $50,000",False,96,"https://extapps2.oge.gov/201/Presiden.nsf/PAS+Index/405E4EC4E27BE8D185258DF7002DD1C0/$FILE/Trump,%20Donald%20J.-05.08.2026-278T(2).pdf"
2028-02-26,sale,INSPERJTY INC,"$15,001 - $50,000",False,96,"https://extapps2.oge.gov/201/Presiden.nsf/PAS+Index/405E4EC4E27BE8D185258DF7002DD1C0/$FILE/Trump,%20Donald%20J.-05.08.2026-278T(2).pdf"
2026-01-12,sale,IRON MTN INC NEW REIT·,"$15,001 - $50,000",True,96,"https://extapps2.oge.gov/201/Presiden.nsf/PAS+Index/405E4EC4E27BE8D185258DF7002DD1C0/$FILE/Trump,%20Donald%20J.-05.08.2026-278T(2).pdf"
2026-02-12,sale,CARYANA CO CLASS A,"$15,001 - $50,000",False,97,"https://extapps2.oge.gov/201/Presiden.nsf/PAS+Index/405E4EC4E27BE8D185258DF7002DD1C0/$FILE/Trump,%20Donald%20J.-05.08.2026-278T(2).pdf"
2026-02-12,sale,TOAST INC CLASS A,"$15,001 - $50,000",False,97,"https://extapps2.oge.gov/201/Presiden.nsf/PAS+Index/405E4EC4E27BE8D185258DF7002DD1C0/$FILE/Trump,%20Donald%20J.-05.08.2026-278T(2).pdf"
2026-03-30,sale,QORVOINC,"$15,001 - $50,000",True,97,"https://extapps2.oge.gov/201/Presiden.nsf/PAS+Index/405E4EC4E27BE8D185258DF7002DD1C0/$FILE/Trump,%20Donald%20J.-05.08.2026-278T(2).pdf"
2026-02-12,sale,BLOCK H & R INC,"$15,001 - $50,000",False,97,"https://extapps2.oge.gov/201/Presiden.nsf/PAS+Index/405E4EC4E27BE8D185258DF7002DD1C0/$FILE/Trump,%20Donald%20J.-05.08.2026-278T(2).pdf"
2026-02-12,sale,UNITED HEALT H GROUP INC,"$15,001 - $50,000",True,97,"https://extapps2.oge.gov/201/Presiden.nsf/PAS+Index/405E4EC4E27BE8D185258DF7002DD1C0/$FILE/Trump,%20Donald%20J.-05.08.2026-278T(2).pdf"
2026-03-27,sale,"Unlledhoalth Group Inc Com Avmaon Unit Pr1oo Tn,naoctlon Your Brokor Actnd Al Aannt","$15,001 - $50,000",False,97,"https://extapps2.oge.gov/201/Presiden.nsf/PAS+Index/405E4EC4E27BE8D185258DF7002DD1C0/$FILE/Trump,%20Donald%20J.-05.08.2026-278T(2).pdf"
2026-02-12,sale,BLOCKINCACLASSA,"$15,001 - $50,000",False,97,"https://extapps2.oge.gov/201/Presiden.nsf/PAS+Index/405E4EC4E27BE8D185258DF7002DD1C0/$FILE/Trump,%20Donald%20J.-05.08.2026-278T(2).pdf"
2026-03-18,sale,CARNIVAL CORP F,"$15,001 - $50,000",False,98,"https://extapps2.oge.gov/201/Presiden.nsf/PAS+Index/405E4EC4E27BE8D185258DF7002DD1C0/$FILE/Trump,%20Donald%20J.-05.08.2026-278T(2).pdf"
2026-01-22,sale,CORNING INC,"$15,001 - $50,000",False,98,"https://extapps2.oge.gov/201/Presiden.nsf/PAS+Index/405E4EC4E27BE8D185258DF7002DD1C0/$FILE/Trump,%20Donald%20J.-05.08.2026-278T(2).pdf"
2026-03-18,sale,MEDTRONIC PLC F,"$15,001 - $50,000",False,98,"https://extapps2.oge.gov/201/Presiden.nsf/PAS+Index/405E4EC4E27BE8D185258DF7002DD1C0/$FILE/Trump,%20Donald%20J.-05.08.2026-278T(2).pdf"
2026-03-18,sale,RUBRIK INC CLASS A,"$15,001 - $50,000",False,98,"https://extapps2.oge.gov/201/Presiden.nsf/PAS+Index/405E4EC4E27BE8D185258DF7002DD1C0/$FILE/Trump,%20Donald%20J.-05.08.2026-278T(2).pdf"
2026-03-30,sale,VICTORY CAP HLDGS INC DE CLASS A,"$15,001 - $50,000",False,98,"https://extapps2.oge.gov/201/Presiden.nsf/PAS+Index/405E4EC4E27BE8D185258DF7002DD1C0/$FILE/Trump,%20Donald%20J.-05.08.2026-278T(2).pdf"
2026-03-18,sale,TYLER TECHNOLOGIES INC,"$15,001 - $50,000",False,98,"https://extapps2.oge.gov/201/Presiden.nsf/PAS+Index/405E4EC4E27BE8D185258DF7002DD1C0/$FILE/Trump,%20Donald%20J.-05.08.2026-278T(2).pdf"
2028-01-26,sale,ADMA BIOLOGICS INC,"$15,001 - $50,000",True,98,"https://extapps2.oge.gov/201/Presiden.nsf/PAS+Index/405E4EC4E27BE8D185258DF7002DD1C0/$FILE/Trump,%20Donald%20J.-05.08.2026-278T(2).pdf"
2026-03-30,sale,APELLIS PHARMACEUTICALS,"$15,001 - $50,000",False,98,"https://extapps2.oge.gov/201/Presiden.nsf/PAS+Index/405E4EC4E27BE8D185258DF7002DD1C0/$FILE/Trump,%20Donald%20J.-05.08.2026-278T(2).pdf"
2026-03-30,sale,NEOGENOMICS INC,"$15,001 - $50,000",False,98,"https://extapps2.oge.gov/201/Presiden.nsf/PAS+Index/405E4EC4E27BE8D185258DF7002DD1C0/$FILE/Trump,%20Donald%20J.-05.08.2026-278T(2).pdf"
2026-01-26,sale,ALARM COM HLDGS INC,"$15,001 - $50,000",False,98,"https://extapps2.oge.gov/201/Presiden.nsf/PAS+Index/405E4EC4E27BE8D185258DF7002DD1C0/$FILE/Trump,%20Donald%20J.-05.08.2026-278T(2).pdf"
2026-01-12,sale,AECOM,"$15,001 - $50,000",False,98,"https://extapps2.oge.gov/201/Presiden.nsf/PAS+Index/405E4EC4E27BE8D185258DF7002DD1C0/$FILE/Trump,%20Donald%20J.-05.08.2026-278T(2).pdf"
2026-03-18,sale,DATADOG INC CLASS A,"$15,001 - $50,000",False,98,"https://extapps2.oge.gov/201/Presiden.nsf/PAS+Index/405E4EC4E27BE8D185258DF7002DD1C0/$FILE/Trump,%20Donald%20J.-05.08.2026-278T(2).pdf"
2026-02-26,sale,ZIFF DAVIS INC,"$15,001 - $50,000",True,98,"https://extapps2.oge.gov/201/Presiden.nsf/PAS+Index/405E4EC4E27BE8D185258DF7002DD1C0/$FILE/Trump,%20Donald%20J.-05.08.2026-278T(2).pdf"
2028-02-12,sale,ROCKET LAB CORP CLASS A,"$15,001 - $50,000",True,98,"https://extapps2.oge.gov/201/Presiden.nsf/PAS+Index/405E4EC4E27BE8D185258DF7002DD1C0/$FILE/Trump,%20Donald%20J.-05.08.2026-278T(2).pdf"
2026-02-26,sale,HIGHWOODS PPTYS INC REIT,"$15,001 - $50,000",True,98,"https://extapps2.oge.gov/201/Presiden.nsf/PAS+Index/405E4EC4E27BE8D185258DF7002DD1C0/$FILE/Trump,%20Donald%20J.-05.08.2026-278T(2).pdf"
2028-02-12,sale,FACTSET RESH SYS INC,"$15,001 - $50,000",True,98,"https://extapps2.oge.gov/201/Presiden.nsf/PAS+Index/405E4EC4E27BE8D185258DF7002DD1C0/$FILE/Trump,%20Donald%20J.-05.08.2026-278T(2).pdf"
2026-03-18,sale,STRATEGY INC CLASS A,"$15,001 - $50,000",False,98,"https://extapps2.oge.gov/201/Presiden.nsf/PAS+Index/405E4EC4E27BE8D185258DF7002DD1C0/$FILE/Trump,%20Donald%20J.-05.08.2026-278T(2).pdf"
2026-03-30,sale,RUSH ENTERPRISES INC CLASS A,"$15,001 - $50,000",False,99,"https://extapps2.oge.gov/201/Presiden.nsf/PAS+Index/405E4EC4E27BE8D185258DF7002DD1C0/$FILE/Trump,%20Donald%20J.-05.08.2026-278T(2).pdf"
2026-01-12,sale,CME GROUP INC CLASS A,"$15,001 - $50,000",False,99,"https://extapps2.oge.gov/201/Presiden.nsf/PAS+Index/405E4EC4E27BE8D185258DF7002DD1C0/$FILE/Trump,%20Donald%20J.-05.08.2026-278T(2).pdf"
2026-02-12,sale,FAIR ISMC CORP,"$15,001 - $50,000",False,99,"https://extapps2.oge.gov/201/Presiden.nsf/PAS+Index/405E4EC4E27BE8D185258DF7002DD1C0/$FILE/Trump,%20Donald%20J.-05.08.2026-278T(2).pdf"
2026-02-12,sale,CBRE GROUP INC CLASS A,"$15,001 - $50,000",True,100,"https://extapps2.oge.gov/201/Presiden.nsf/PAS+Index/405E4EC4E27BE8D185258DF7002DD1C0/$FILE/Trump,%20Donald%20J.-05.08.2026-278T(2).pdf"
2026-03-27,sale,lntematlon■I Bual•-Machs Corp Com Sollc:Hod Oroor Dlsaellon Exorcised,"$15,001 - $50,000",True,100,"https://extapps2.oge.gov/201/Presiden.nsf/PAS+Index/405E4EC4E27BE8D185258DF7002DD1C0/$FILE/Trump,%20Donald%20J.-05.08.2026-278T(2).pdf"
2026-03-30,sale,STEPAN CO,"$15,001 - $50,000",False,100,"https://extapps2.oge.gov/201/Presiden.nsf/PAS+Index/405E4EC4E27BE8D185258DF7002DD1C0/$FILE/Trump,%20Donald%20J.-05.08.2026-278T(2).pdf"
2026-02-12,sale,CENTENE CORP DEL,"$15,001 - $50,000",False,100,"https://extapps2.oge.gov/201/Presiden.nsf/PAS+Index/405E4EC4E27BE8D185258DF7002DD1C0/$FILE/Trump,%20Donald%20J.-05.08.2026-278T(2).pdf"
2026-02-26,sale,BLACKLINE INC,"$15,001 - $50,000",False,100,"https://extapps2.oge.gov/201/Presiden.nsf/PAS+Index/405E4EC4E27BE8D185258DF7002DD1C0/$FILE/Trump,%20Donald%20J.-05.08.2026-278T(2).pdf"
2026-03-30,sale,CORCEPT THERAPEUTICS INC,"$15,001 - $50,000",False,100,"https://extapps2.oge.gov/201/Presiden.nsf/PAS+Index/405E4EC4E27BE8D185258DF7002DD1C0/$FILE/Trump,%20Donald%20J.-05.08.2026-278T(2).pdf"
2026-03-18,sale,GITLAB INC CLASS A,"$15,001 - $50,000",True,100,"https://extapps2.oge.gov/201/Presiden.nsf/PAS+Index/405E4EC4E27BE8D185258DF7002DD1C0/$FILE/Trump,%20Donald%20J.-05.08.2026-278T(2).pdf"
2026-01-12,sale,WORKDAY INC CLASS A,"$15,001 - $50,000",True,100,"https://extapps2.oge.gov/201/Presiden.nsf/PAS+Index/405E4EC4E27BE8D185258DF7002DD1C0/$FILE/Trump,%20Donald%20J.-05.08.2026-278T(2).pdf"
2026-01-12,sale,ATLASSIAN CORP CLASS A,"$15,001 - $50,000",False,100,"https://extapps2.oge.gov/201/Presiden.nsf/PAS+Index/405E4EC4E27BE8D185258DF7002DD1C0/$FILE/Trump,%20Donald%20J.-05.08.2026-278T(2).pdf"
2026-02-12,sale,VEEVA SYS INC CLASS A,"$15,001 - $50,000",False,100,"https://extapps2.oge.gov/201/Presiden.nsf/PAS+Index/405E4EC4E27BE8D185258DF7002DD1C0/$FILE/Trump,%20Donald%20J.-05.08.2026-278T(2).pdf"
2026-01-12,sale,STRATEGY INC CLASS A,"$15,001 - $50,000",False,100,"https://extapps2.oge.gov/201/Presiden.nsf/PAS+Index/405E4EC4E27BE8D185258DF7002DD1C0/$FILE/Trump,%20Donald%20J.-05.08.2026-278T(2).pdf"
2026-03-18,sale,UNION PAC CORP,"$15,001 - $50,000",True,100,"https://extapps2.oge.gov/201/Presiden.nsf/PAS+Index/405E4EC4E27BE8D185258DF7002DD1C0/$FILE/Trump,%20Donald%20J.-05.08.2026-278T(2).pdf"
2026-03-30,sale,MOELIS & CO CLASS A,"$15,001 - $50,000",False,100,"https://extapps2.oge.gov/201/Presiden.nsf/PAS+Index/405E4EC4E27BE8D185258DF7002DD1C0/$FILE/Trump,%20Donald%20J.-05.08.2026-278T(2).pdf"
2026-03-18,sale,COMMVAULT SYS INC,"$15,001 - $50,000",True,100,"https://extapps2.oge.gov/201/Presiden.nsf/PAS+Index/405E4EC4E27BE8D185258DF7002DD1C0/$FILE/Trump,%20Donald%20J.-05.08.2026-278T(2).pdf"
2026-03-18,sale,ROCKET COMPANIES CLA A CLASS A,"$15,001 - $50,000",True,100,"https://extapps2.oge.gov/201/Presiden.nsf/PAS+Index/405E4EC4E27BE8D185258DF7002DD1C0/$FILE/Trump,%20Donald%20J.-05.08.2026-278T(2).pdf"
2026-03-18,sale,ROBLOX CORP CLASS A,"$15,001 - $50,000",True,100,"https://extapps2.oge.gov/201/Presiden.nsf/PAS+Index/405E4EC4E27BE8D185258DF7002DD1C0/$FILE/Trump,%20Donald%20J.-05.08.2026-278T(2).pdf"
2028-03-18,sale,3MCO,"$15,001 - $50,000",True,100,"https://extapps2.oge.gov/201/Presiden.nsf/PAS+Index/405E4EC4E27BE8D185258DF7002DD1C0/$FILE/Trump,%20Donald%20J.-05.08.2026-278T(2).pdf"
2026-03-30,sale,SERVlSFIRST BANCSHARES,"$15,001 - $50,000",False,100,"https://extapps2.oge.gov/201/Presiden.nsf/PAS+Index/405E4EC4E27BE8D185258DF7002DD1C0/$FILE/Trump,%20Donald%20J.-05.08.2026-278T(2).pdf"
2026-01-12,sale,TARGA RES CORP,"$15,001 - $50,000",True,100,"https://extapps2.oge.gov/201/Presiden.nsf/PAS+Index/405E4EC4E27BE8D185258DF7002DD1C0/$FILE/Trump,%20Donald%20J.-05.08.2026-278T(2).pdf"
2026-03-30,sale,PROGRESS SOFTWARE CORP,"$15,001 - $50,000",False,100,"https://extapps2.oge.gov/201/Presiden.nsf/PAS+Index/405E4EC4E27BE8D185258DF7002DD1C0/$FILE/Trump,%20Donald%20J.-05.08.2026-278T(2).pdf"
2026-01-26,sale,AMERICAN STS WTR CO,"$15,001 - $50,000",False,100,"https://extapps2.oge.gov/201/Presiden.nsf/PAS+Index/405E4EC4E27BE8D185258DF7002DD1C0/$FILE/Trump,%20Donald%20J.-05.08.2026-278T(2).pdf"
2026-03-18,sale,COPARTINC,"$15,001 - $50,000",True,100,"https://extapps2.oge.gov/201/Presiden.nsf/PAS+Index/405E4EC4E27BE8D185258DF7002DD1C0/$FILE/Trump,%20Donald%20J.-05.08.2026-278T(2).pdf"
2026-03-18,sale,DUOLINGO INC Cl.ASS A,"$15,001 - $50,000",False,101,"https://extapps2.oge.gov/201/Presiden.nsf/PAS+Index/405E4EC4E27BE8D185258DF7002DD1C0/$FILE/Trump,%20Donald%20J.-05.08.2026-278T(2).pdf"
2026-03-30,sale,ARCOSAINC,"$15,001 - $50,000",False,101,"https://extapps2.oge.gov/201/Presiden.nsf/PAS+Index/405E4EC4E27BE8D185258DF7002DD1C0/$FILE/Trump,%20Donald%20J.-05.08.2026-278T(2).pdf"
2026-01-12,sale,BROADRIDGE FINL SOLUTION,"$15,001 - $50,000",True,101,"https://extapps2.oge.gov/201/Presiden.nsf/PAS+Index/405E4EC4E27BE8D185258DF7002DD1C0/$FILE/Trump,%20Donald%20J.-05.08.2026-278T(2).pdf"
2026-01-12,sale,EQUINIX INC REIT,"$15,001 - $50,000",True,101,"https://extapps2.oge.gov/201/Presiden.nsf/PAS+Index/405E4EC4E27BE8D185258DF7002DD1C0/$FILE/Trump,%20Donald%20J.-05.08.2026-278T(2).pdf"
2026-02-26,sale,SIMPLY GOOD FOODS CO,"$15,001 - $50,000",False,101,"https://extapps2.oge.gov/201/Presiden.nsf/PAS+Index/405E4EC4E27BE8D185258DF7002DD1C0/$FILE/Trump,%20Donald%20J.-05.08.2026-278T(2).pdf"
2026-03-18,sale,MONGODB INC CLASS A,"$15,001 - $50,000",False,101,"https://extapps2.oge.gov/201/Presiden.nsf/PAS+Index/405E4EC4E27BE8D185258DF7002DD1C0/$FILE/Trump,%20Donald%20J.-05.08.2026-278T(2).pdf"
2026-03-27,sale,"Ullv Ell & Co CO<n Ave""""""' Unit Price Tronsac:tlon Your Bmkor Ac1ed As Aaont","$15,001 - $50,000",False,101,"https://extapps2.oge.gov/201/Presiden.nsf/PAS+Index/405E4EC4E27BE8D185258DF7002DD1C0/$FILE/Trump,%20Donald%20J.-05.08.2026-278T(2).pdf"
2026-03-30,sale,BALCHEM CORP,"$15,001 - $50,000",False,101,"https://extapps2.oge.gov/201/Presiden.nsf/PAS+Index/405E4EC4E27BE8D185258DF7002DD1C0/$FILE/Trump,%20Donald%20J.-05.08.2026-278T(2).pdf"
2026-02-12,sale,COGNIZANT TECHNOLOGY SOL CLASS A,"$15,001 - $50,000",True,101,"https://extapps2.oge.gov/201/Presiden.nsf/PAS+Index/405E4EC4E27BE8D185258DF7002DD1C0/$FILE/Trump,%20Donald%20J.-05.08.2026-278T(2).pdf"
2026-02-26,sale,FRANKLIN BSP REALTY,"$15,001 - $50,000",True,101,"https://extapps2.oge.gov/201/Presiden.nsf/PAS+Index/405E4EC4E27BE8D185258DF7002DD1C0/$FILE/Trump,%20Donald%20J.-05.08.2026-278T(2).pdf"
2026-01-12,sale,DATADOG INC CLASS A,"$15,001 - $50,000",False,101,"https://extapps2.oge.gov/201/Presiden.nsf/PAS+Index/405E4EC4E27BE8D185258DF7002DD1C0/$FILE/Trump,%20Donald%20J.-05.08.2026-278T(2).pdf"
2026-03-18,sale,GALLAGHER ARTHUR J & CO,"$15,001 - $50,000",False,101,"https://extapps2.oge.gov/201/Presiden.nsf/PAS+Index/405E4EC4E27BE8D185258DF7002DD1C0/$FILE/Trump,%20Donald%20J.-05.08.2026-278T(2).pdf"
2026-03-30,sale,CSW INDUSTRIALS INC,"$15,001 - $50,000",False,101,"https://extapps2.oge.gov/201/Presiden.nsf/PAS+Index/405E4EC4E27BE8D185258DF7002DD1C0/$FILE/Trump,%20Donald%20J.-05.08.2026-278T(2).pdf"
2026-03-30,sale,FIRST INTST BANCSYSTEM I Cl.ASS A,"$15,001 - $50,000",False,101,"https://extapps2.oge.gov/201/Presiden.nsf/PAS+Index/405E4EC4E27BE8D185258DF7002DD1C0/$FILE/Trump,%20Donald%20J.-05.08.2026-278T(2).pdf"
2026-02-28,sale,GROUP 1 AUTOMOTIVE INC,"$15,001 - $50,000",False,101,"https://extapps2.oge.gov/201/Presiden.nsf/PAS+Index/405E4EC4E27BE8D185258DF7002DD1C0/$FILE/Trump,%20Donald%20J.-05.08.2026-278T(2).pdf"
2026-03-23,sale,"SALESFORCE, INC. UNSOLICITED","$15,001 - $50,000",False,101,"https://extapps2.oge.gov/201/Presiden.nsf/PAS+Index/405E4EC4E27BE8D185258DF7002DD1C0/$FILE/Trump,%20Donald%20J.-05.08.2026-278T(2).pdf"
2026-03-27,sale,Wells Fa1110 & Co Now Com Sollcltod Ordor Dlsaotlon Exercised,"$15,001 - $50,000",False,101,"https://extapps2.oge.gov/201/Presiden.nsf/PAS+Index/405E4EC4E27BE8D185258DF7002DD1C0/$FILE/Trump,%20Donald%20J.-05.08.2026-278T(2).pdf"
2028-03-30,sale,PENNYMAC MTG INVT TR REIT,"$15,001 - $50,000",False,102,"https://extapps2.oge.gov/201/Presiden.nsf/PAS+Index/405E4EC4E27BE8D185258DF7002DD1C0/$FILE/Trump,%20Donald%20J.-05.08.2026-278T(2).pdf"
2026-02-26,sale,ROBERT HALF INC,"$15,001 - $50,000",True,102,"https://extapps2.oge.gov/201/Presiden.nsf/PAS+Index/405E4EC4E27BE8D185258DF7002DD1C0/$FILE/Trump,%20Donald%20J.-05.08.2026-278T(2).pdf"
2028-02-12,sale,AIRBNB INC CLASS A,"$15,001 - $50,000",True,102,"https://extapps2.oge.gov/201/Presiden.nsf/PAS+Index/405E4EC4E27BE8D185258DF7002DD1C0/$FILE/Trump,%20Donald%20J.-05.08.2026-278T(2).pdf"
2028-02-12,sale,SNOWFLAKE INC CLASS A,"$15,001 - $50,000",False,102,"https://extapps2.oge.gov/201/Presiden.nsf/PAS+Index/405E4EC4E27BE8D185258DF7002DD1C0/$FILE/Trump,%20Donald%20J.-05.08.2026-278T(2).pdf"
2028-03-18,sale,SAILPOINT INC,"$50,001 - $100,000",False,102,"https://extapps2.oge.gov/201/Presiden.nsf/PAS+Index/405E4EC4E27BE8D185258DF7002DD1C0/$FILE/Trump,%20Donald%20J.-05.08.2026-278T(2).pdf"
2026-03-18,sale,AXON ENTERPRISE INC,"$50,001 - $100,000",False,102,"https://extapps2.oge.gov/201/Presiden.nsf/PAS+Index/405E4EC4E27BE8D185258DF7002DD1C0/$FILE/Trump,%20Donald%20J.-05.08.2026-278T(2).pdf"
2028-03-18,sale,ELASTIC NVF,"$50,001 - $100,000",False,102,"https://extapps2.oge.gov/201/Presiden.nsf/PAS+Index/405E4EC4E27BE8D185258DF7002DD1C0/$FILE/Trump,%20Donald%20J.-05.08.2026-278T(2).pdf"
2026-01-12,sale,AMERICAN INTL GROUP INC,"$50,001 - $100,000",True,102,"https://extapps2.oge.gov/201/Presiden.nsf/PAS+Index/405E4EC4E27BE8D185258DF7002DD1C0/$FILE/Trump,%20Donald%20J.-05.08.2026-278T(2).pdf"
2026-03-27,sale,Abbvlo Inc Com Sollcl!Dd Order Discretion Exordsod,"$50,001 - $100,000",False,102,"https://extapps2.oge.gov/201/Presiden.nsf/PAS+Index/405E4EC4E27BE8D185258DF7002DD1C0/$FILE/Trump,%20Donald%20J.-05.08.2026-278T(2).pdf"
2026-03-27,sale,Homo Oooot Inc Com Sollcltod Ordor Dlscn>llon Exerdsed Allocatod Order Your Brokor Acted As Aoftnt,"$50,001 - $100,000",False,102,"https://extapps2.oge.gov/201/Presiden.nsf/PAS+Index/405E4EC4E27BE8D185258DF7002DD1C0/$FILE/Trump,%20Donald%20J.-05.08.2026-278T(2).pdf"
2026-01-12,sale,FASTENAL CO,"$50,001 - $100,000",False,102,"https://extapps2.oge.gov/201/Presiden.nsf/PAS+Index/405E4EC4E27BE8D185258DF7002DD1C0/$FILE/Trump,%20Donald%20J.-05.08.2026-278T(2).pdf"
2026-03-18,sale,TPG INC CLASS A,"$50,001 - $100,000",False,102,"https://extapps2.oge.gov/201/Presiden.nsf/PAS+Index/405E4EC4E27BE8D185258DF7002DD1C0/$FILE/Trump,%20Donald%20J.-05.08.2026-278T(2).pdf"
2026-03-30,sale,DOUBLEVERIFY HLDGS INC,"$50,001 - $100,000",True,102,"https://extapps2.oge.gov/201/Presiden.nsf/PAS+Index/405E4EC4E27BE8D185258DF7002DD1C0/$FILE/Trump,%20Donald%20J.-05.08.2026-278T(2).pdf"
2028-03-27,sale,"General Elec Co Com Now Solldtod Ordor Dlsaetion Exerdsod AV1Jn1100 Unit Pr1a, Trnnaatllcn Your Brckor Acted As """"""""","$50,001 - $100,000",False,102,"https://extapps2.oge.gov/201/Presiden.nsf/PAS+Index/405E4EC4E27BE8D185258DF7002DD1C0/$FILE/Trump,%20Donald%20J.-05.08.2026-278T(2).pdf"
2026-01-26,sale,CORCEPT THERAPEUTICS INC,"$50,001 - $100,000",False,102,"https://extapps2.oge.gov/201/Presiden.nsf/PAS+Index/405E4EC4E27BE8D185258DF7002DD1C0/$FILE/Trump,%20Donald%20J.-05.08.2026-278T(2).pdf"
2028-03-06,sale,Bet1<ahlro Halhowav Inc Del Cl B New Solldtod Ordor Dlscrotlon Exorcised,"$50,001 - $100,000",False,102,"https://extapps2.oge.gov/201/Presiden.nsf/PAS+Index/405E4EC4E27BE8D185258DF7002DD1C0/$FILE/Trump,%20Donald%20J.-05.08.2026-278T(2).pdf"
2026-03-30,sale,VIRTUS INVT PARTNERS INC,"$50,001 - $100,000",False,102,"https://extapps2.oge.gov/201/Presiden.nsf/PAS+Index/405E4EC4E27BE8D185258DF7002DD1C0/$FILE/Trump,%20Donald%20J.-05.08.2026-278T(2).pdf"
2026-01-12,sale,LABCORP HLOGS INC,"$50,001 - $100,000",True,102,"https://extapps2.oge.gov/201/Presiden.nsf/PAS+Index/405E4EC4E27BE8D185258DF7002DD1C0/$FILE/Trump,%20Donald%20J.-05.08.2026-278T(2).pdf"
2026-01-12,sale,COUPANG INC CLASS A,"$50,001 - $100,000",False,102,"https://extapps2.oge.gov/201/Presiden.nsf/PAS+Index/405E4EC4E27BE8D185258DF7002DD1C0/$FILE/Trump,%20Donald%20J.-05.08.2026-278T(2).pdf"
2028-03-23,sale,DATADOG INC UNSOLICITED,"$50,001 - $100,000",False,102,"https://extapps2.oge.gov/201/Presiden.nsf/PAS+Index/405E4EC4E27BE8D185258DF7002DD1C0/$FILE/Trump,%20Donald%20J.-05.08.2026-278T(2).pdf"
2026-01-12,sale,PROCTER & GAMBLE CO,"$50,001 - $100,000",True,102,"https://extapps2.oge.gov/201/Presiden.nsf/PAS+Index/405E4EC4E27BE8D185258DF7002DD1C0/$FILE/Trump,%20Donald%20J.-05.08.2026-278T(2).pdf"
2026-01-12,sale,SYSCO CORP,"$50,001 - $100,000",False,103,"https://extapps2.oge.gov/201/Presiden.nsf/PAS+Index/405E4EC4E27BE8D185258DF7002DD1C0/$FILE/Trump,%20Donald%20J.-05.08.2026-278T(2).pdf"
2028-03-17,sale,BALL CORP,"$50,001 - $100,000",True,104,"https://extapps2.oge.gov/201/Presiden.nsf/PAS+Index/405E4EC4E27BE8D185258DF7002DD1C0/$FILE/Trump,%20Donald%20J.-05.08.2026-278T(2).pdf"
2028-02-12,sale,DOORDASH INC Ct.ASS A,"$50,001 - $100,000",True,104,"https://extapps2.oge.gov/201/Presiden.nsf/PAS+Index/405E4EC4E27BE8D185258DF7002DD1C0/$FILE/Trump,%20Donald%20J.-05.08.2026-278T(2).pdf"
2026-03-18,sale,OKTA INC ClASS A,"$50,001 - $100,000",False,105,"https://extapps2.oge.gov/201/Presiden.nsf/PAS+Index/405E4EC4E27BE8D185258DF7002DD1C0/$FILE/Trump,%20Donald%20J.-05.08.2026-278T(2).pdf"
2026-03-30,sale,ALARM COM HLDGS INC,"$50,001 - $100,000",False,105,"https://extapps2.oge.gov/201/Presiden.nsf/PAS+Index/405E4EC4E27BE8D185258DF7002DD1C0/$FILE/Trump,%20Donald%20J.-05.08.2026-278T(2).pdf"
2026-01-06,sale,OLD DOMINION FGHT LINE INC,"$50,001 - $100,000",False,105,"https://extapps2.oge.gov/201/Presiden.nsf/PAS+Index/405E4EC4E27BE8D185258DF7002DD1C0/$FILE/Trump,%20Donald%20J.-05.08.2026-278T(2).pdf"
2026-02-26,sale,MERIT MED SYS INC,"$50,001 - $100,000",True,105,"https://extapps2.oge.gov/201/Presiden.nsf/PAS+Index/405E4EC4E27BE8D185258DF7002DD1C0/$FILE/Trump,%20Donald%20J.-05.08.2026-278T(2).pdf"
2026-02-10,sale,HOME DEPOT INC COM,"$50,001 - $100,000",True,105,"https://extapps2.oge.gov/201/Presiden.nsf/PAS+Index/405E4EC4E27BE8D185258DF7002DD1C0/$FILE/Trump,%20Donald%20J.-05.08.2026-278T(2).pdf"
2026-02-26,sale,ACI WORLDWIDE INC,"$50,001 - $100,000",True,105,"https://extapps2.oge.gov/201/Presiden.nsf/PAS+Index/405E4EC4E27BE8D185258DF7002DD1C0/$FILE/Trump,%20Donald%20J.-05.08.2026-278T(2).pdf"
2026-03-17,sale,PULTE GROUP INC,"$50,001 - $100,000",False,105,"https://extapps2.oge.gov/201/Presiden.nsf/PAS+Index/405E4EC4E27BE8D185258DF7002DD1C0/$FILE/Trump,%20Donald%20J.-05.08.2026-278T(2).pdf"
2026-03-06,sale,I Ak>habot Inc CAD Stk Cl C With Due BIiis Sollcltod Ordor Discretion Exorcised,"$50,001 - $100,000",False,105,"https://extapps2.oge.gov/201/Presiden.nsf/PAS+Index/405E4EC4E27BE8D185258DF7002DD1C0/$FILE/Trump,%20Donald%20J.-05.08.2026-278T(2).pdf"
2026-03-18,sale,BERKSHIRE HATHAWAY ClASS B,"$50,001 - $100,000",False,105,"https://extapps2.oge.gov/201/Presiden.nsf/PAS+Index/405E4EC4E27BE8D185258DF7002DD1C0/$FILE/Trump,%20Donald%20J.-05.08.2026-278T(2).pdf"
2026-03-18,sale,NETFLIXINC,"$50,001 - $100,000",False,105,"https://extapps2.oge.gov/201/Presiden.nsf/PAS+Index/405E4EC4E27BE8D185258DF7002DD1C0/$FILE/Trump,%20Donald%20J.-05.08.2026-278T(2).pdf"
2026-01-12,sale,GENERAL MILLS INC,"$100,001 - $250,000",True,105,"https://extapps2.oge.gov/201/Presiden.nsf/PAS+Index/405E4EC4E27BE8D185258DF7002DD1C0/$FILE/Trump,%20Donald%20J.-05.08.2026-278T(2).pdf"
2026-03-30,sale,MOHAWK !NOS INC,"$100,001 - $250,000",False,105,"https://extapps2.oge.gov/201/Presiden.nsf/PAS+Index/405E4EC4E27BE8D185258DF7002DD1C0/$FILE/Trump,%20Donald%20J.-05.08.2026-278T(2).pdf"
2026-01-12,sale,T-MOBILE US INC,"$100,001 - $250,000",True,105,"https://extapps2.oge.gov/201/Presiden.nsf/PAS+Index/405E4EC4E27BE8D185258DF7002DD1C0/$FILE/Trump,%20Donald%20J.-05.08.2026-278T(2).pdf"
2026-03-18,sale,NXP SEMICONDUCTORS NVF,"$100,001 - $250,000",False,105,"https://extapps2.oge.gov/201/Presiden.nsf/PAS+Index/405E4EC4E27BE8D185258DF7002DD1C0/$FILE/Trump,%20Donald%20J.-05.08.2026-278T(2).pdf"
2026-02-26,sale,CASELLA WASTE SYS INC ClASS A,"$100,001 - $250,000",True,105,"https://extapps2.oge.gov/201/Presiden.nsf/PAS+Index/405E4EC4E27BE8D185258DF7002DD1C0/$FILE/Trump,%20Donald%20J.-05.08.2026-278T(2).pdf"
2026-03-18,sale,ZSCALERINC,"$100,001 - $250,000",False,105,"https://extapps2.oge.gov/201/Presiden.nsf/PAS+Index/405E4EC4E27BE8D185258DF7002DD1C0/$FILE/Trump,%20Donald%20J.-05.08.2026-278T(2).pdf"
2026-01-12,sale,AMERICAN TOWER CORP NEW REIT,"$100,001 - $250,000",True,105,"https://extapps2.oge.gov/201/Presiden.nsf/PAS+Index/405E4EC4E27BE8D185258DF7002DD1C0/$FILE/Trump,%20Donald%20J.-05.08.2026-278T(2).pdf"
2026-02-10,sale,IDEXX LABS INC,"$100,001 - $250,000",False,105,"https://extapps2.oge.gov/201/Presiden.nsf/PAS+Index/405E4EC4E27BE8D185258DF7002DD1C0/$FILE/Trump,%20Donald%20J.-05.08.2026-278T(2).pdf"
2026-03-27,sale,Borkshlro Hathawllv Inc Doi Cl B New Solk:lted On:!or Dlac:rotion ExordlOd,"$100,001 - $250,000",False,106,"https://extapps2.oge.gov/201/Presiden.nsf/PAS+Index/405E4EC4E27BE8D185258DF7002DD1C0/$FILE/Trump,%20Donald%20J.-05.08.2026-278T(2).pdf"
2026-03-18,sale,TRANSOIGM GROUP INC,"$100,001 - $250,000",True,106,"https://extapps2.oge.gov/201/Presiden.nsf/PAS+Index/405E4EC4E27BE8D185258DF7002DD1C0/$FILE/Trump,%20Donald%20J.-05.08.2026-278T(2).pdf"
2026-03-17,sale,"3,4,42 lntoroctlvo Brokera Grouo Inc Cla","$100,001 - $250,000",False,106,"https://extapps2.oge.gov/201/Presiden.nsf/PAS+Index/405E4EC4E27BE8D185258DF7002DD1C0/$FILE/Trump,%20Donald%20J.-05.08.2026-278T(2).pdf"
2026-03-18,sale,DANAHER CORP,"$100,001 - $250,000",True,106,"https://extapps2.oge.gov/201/Presiden.nsf/PAS+Index/405E4EC4E27BE8D185258DF7002DD1C0/$FILE/Trump,%20Donald%20J.-05.08.2026-278T(2).pdf"
2026-02-10,sale,UNITED RENTALS INC,"$100,001 - $250,000",False,106,"https://extapps2.oge.gov/201/Presiden.nsf/PAS+Index/405E4EC4E27BE8D185258DF7002DD1C0/$FILE/Trump,%20Donald%20J.-05.08.2026-278T(2).pdf"
2026-03-18,sale,STRYKER CORP,"$100,001 - $250,000",False,106,"https://extapps2.oge.gov/201/Presiden.nsf/PAS+Index/405E4EC4E27BE8D185258DF7002DD1C0/$FILE/Trump,%20Donald%20J.-05.08.2026-278T(2).pdf"
2026-02-12,sale,INTUIT,"$100,001 - $250,000",False,106,"https://extapps2.oge.gov/201/Presiden.nsf/PAS+Index/405E4EC4E27BE8D185258DF7002DD1C0/$FILE/Trump,%20Donald%20J.-05.08.2026-278T(2).pdf"
2026-02-10,sale,INSULET CORP,"$100,001 - $250,000",False,106,"https://extapps2.oge.gov/201/Presiden.nsf/PAS+Index/405E4EC4E27BE8D185258DF7002DD1C0/$FILE/Trump,%20Donald%20J.-05.08.2026-278T(2).pdf"
2026-03-27,sale,Tasia Inc Com A-Unit Prioo T111nsac:tion Your Brokor Acted As Annnt,"$100,001 - $250,000",False,106,"https://extapps2.oge.gov/201/Presiden.nsf/PAS+Index/405E4EC4E27BE8D185258DF7002DD1C0/$FILE/Trump,%20Donald%20J.-05.08.2026-278T(2).pdf"
2026-02-11,sale,WATERS CORP,"$100,001 - $250,000",False,106,"https://extapps2.oge.gov/201/Presiden.nsf/PAS+Index/405E4EC4E27BE8D185258DF7002DD1C0/$FILE/Trump,%20Donald%20J.-05.08.2026-278T(2).pdf"
2026-02-10,sale,FIRST SOLAR INC,"$100,001 - $250,000",True,107,"https://extapps2.oge.gov/201/Presiden.nsf/PAS+Index/405E4EC4E27BE8D185258DF7002DD1C0/$FILE/Trump,%20Donald%20J.-05.08.2026-278T(2).pdf"
2026-02-12,sale,DISNEY WALT CO,"$100,001 - $250,000",False,107,"https://extapps2.oge.gov/201/Presiden.nsf/PAS+Index/405E4EC4E27BE8D185258DF7002DD1C0/$FILE/Trump,%20Donald%20J.-05.08.2026-278T(2).pdf"
2026-02-10,sale,TRIMBLE NAV LTD,"$100,001 - $250,000",True,107,"https://extapps2.oge.gov/201/Presiden.nsf/PAS+Index/405E4EC4E27BE8D185258DF7002DD1C0/$FILE/Trump,%20Donald%20J.-05.08.2026-278T(2).pdf"
2026-03-17,sale,ROYAL CARIBBEAN GROUP,"$100,001 - $250,000",True,107,"https://extapps2.oge.gov/201/Presiden.nsf/PAS+Index/405E4EC4E27BE8D185258DF7002DD1C0/$FILE/Trump,%20Donald%20J.-05.08.2026-278T(2).pdf"
2026-03-18,sale,CAPITAL ONE FINL CORP,"$100,001 - $250,000",True,107,"https://extapps2.oge.gov/201/Presiden.nsf/PAS+Index/405E4EC4E27BE8D185258DF7002DD1C0/$FILE/Trump,%20Donald%20J.-05.08.2026-278T(2).pdf"
2026-02-12,sale,QUALCOMM INC,"$100,001 - $250,000",False,107,"https://extapps2.oge.gov/201/Presiden.nsf/PAS+Index/405E4EC4E27BE8D185258DF7002DD1C0/$FILE/Trump,%20Donald%20J.-05.08.2026-278T(2).pdf"
2026-03-18,sale,BANK OF AMERICA CORP,"$100,001 - $250,000",True,107,"https://extapps2.oge.gov/201/Presiden.nsf/PAS+Index/405E4EC4E27BE8D185258DF7002DD1C0/$FILE/Trump,%20Donald%20J.-05.08.2026-278T(2).pdf"
2026-01-12,sale,MICROSOFT CORP,"$100,001 - $250,000",False,107,"https://extapps2.oge.gov/201/Presiden.nsf/PAS+Index/405E4EC4E27BE8D185258DF7002DD1C0/$FILE/Trump,%20Donald%20J.-05.08.2026-278T(2).pdf"
2026-03-17,sale,WYNN RESORTS LTD,"$100,001 - $250,000",True,107,"https://extapps2.oge.gov/201/Presiden.nsf/PAS+Index/405E4EC4E27BE8D185258DF7002DD1C0/$FILE/Trump,%20Donald%20J.-05.08.2026-278T(2).pdf"
2026-03-18,sale,ADOBE INC,"$100,001 - $250,000",True,107,"https://extapps2.oge.gov/201/Presiden.nsf/PAS+Index/405E4EC4E27BE8D185258DF7002DD1C0/$FILE/Trump,%20Donald%20J.-05.08.2026-278T(2).pdf"
2026-02-12,sale,ROPER TECHNOLOGIES INC,"$100,001 - $250,000",False,107,"https://extapps2.oge.gov/201/Presiden.nsf/PAS+Index/405E4EC4E27BE8D185258DF7002DD1C0/$FILE/Trump,%20Donald%20J.-05.08.2026-278T(2).pdf"
2026-02-12,sale,S&P GLOBAL INC,"$100,001 - $250,000",False,107,"https://extapps2.oge.gov/201/Presiden.nsf/PAS+Index/405E4EC4E27BE8D185258DF7002DD1C0/$FILE/Trump,%20Donald%20J.-05.08.2026-278T(2).pdf"
2026-02-10,sale,NRG ENERGY INC,"$100,001 - $250,000",False,107,"https://extapps2.oge.gov/201/Presiden.nsf/PAS+Index/405E4EC4E27BE8D185258DF7002DD1C0/$FILE/Trump,%20Donald%20J.-05.08.2026-278T(2).pdf"
2026-03-17,sale,METTLER-TOLEDO INTL INC COM,"$100,001 - $250,000",True,107,"https://extapps2.oge.gov/201/Presiden.nsf/PAS+Index/405E4EC4E27BE8D185258DF7002DD1C0/$FILE/Trump,%20Donald%20J.-05.08.2026-278T(2).pdf"
2026-03-17,sale,SMURFIT WESTROCK PLC SHS,"$100,001 - $250,000",False,107,"https://extapps2.oge.gov/201/Presiden.nsf/PAS+Index/405E4EC4E27BE8D185258DF7002DD1C0/$FILE/Trump,%20Donald%20J.-05.08.2026-278T(2).pdf"
2026-02-24,sale,VERIZON COMMUNICATIONS,"$100,001 - $250,000",True,107,"https://extapps2.oge.gov/201/Presiden.nsf/PAS+Index/405E4EC4E27BE8D185258DF7002DD1C0/$FILE/Trump,%20Donald%20J.-05.08.2026-278T(2).pdf"
2026-02-12,sale,PALANTIR TECHNOLOGIES IN CLASS A,"$100,001 - $250,000",True,108,"https://extapps2.oge.gov/201/Presiden.nsf/PAS+Index/405E4EC4E27BE8D185258DF7002DD1C0/$FILE/Trump,%20Donald%20J.-05.08.2026-278T(2).pdf"
2026-02-10,sale,NASDAQ INC,"$100,001 - $250,000",False,108,"https://extapps2.oge.gov/201/Presiden.nsf/PAS+Index/405E4EC4E27BE8D185258DF7002DD1C0/$FILE/Trump,%20Donald%20J.-05.08.2026-278T(2).pdf"
2026-03-17,sale,NXP SEMICONDUCTORS NV,"$100,001 - $250,000",False,108,"https://extapps2.oge.gov/201/Presiden.nsf/PAS+Index/405E4EC4E27BE8D185258DF7002DD1C0/$FILE/Trump,%20Donald%20J.-05.08.2026-278T(2).pdf"
2026-03-17,sale,FAIR ISAAC CORP,"$100,001 - $250,000",False,108,"https://extapps2.oge.gov/201/Presiden.nsf/PAS+Index/405E4EC4E27BE8D185258DF7002DD1C0/$FILE/Trump,%20Donald%20J.-05.08.2026-278T(2).pdf"
2026-03-23,sale,MOOG INC CLASS A,"$100,001 - $250,000",False,108,"https://extapps2.oge.gov/201/Presiden.nsf/PAS+Index/405E4EC4E27BE8D185258DF7002DD1C0/$FILE/Trump,%20Donald%20J.-05.08.2026-278T(2).pdf"
2026-03-17,sale,CARVANA CO CL A,"$100,001 - $250,000",False,108,"https://extapps2.oge.gov/201/Presiden.nsf/PAS+Index/405E4EC4E27BE8D185258DF7002DD1C0/$FILE/Trump,%20Donald%20J.-05.08.2026-278T(2).pdf"
2026-01-06,sale,CROWN CASTLE INC,"$100,001 - $250,000",False,109,"https://extapps2.oge.gov/201/Presiden.nsf/PAS+Index/405E4EC4E27BE8D185258DF7002DD1C0/$FILE/Trump,%20Donald%20J.-05.08.2026-278T(2).pdf"
2026-02-23,sale,VERIZON COMMUNICATIONS,"$100,001 - $250,000",False,109,"https://extapps2.oge.gov/201/Presiden.nsf/PAS+Index/405E4EC4E27BE8D185258DF7002DD1C0/$FILE/Trump,%20Donald%20J.-05.08.2026-278T(2).pdf"
2026-02-10,sale,APOLLO GLOBAL MGMT INC COM,"$100,001 - $250,000",False,109,"https://extapps2.oge.gov/201/Presiden.nsf/PAS+Index/405E4EC4E27BE8D185258DF7002DD1C0/$FILE/Trump,%20Donald%20J.-05.08.2026-278T(2).pdf"
2026-01-14,sale,BROWN FORMAN CORP CLASS B,"$100,001 - $250,000",False,109,"https://extapps2.oge.gov/201/Presiden.nsf/PAS+Index/405E4EC4E27BE8D185258DF7002DD1C0/$FILE/Trump,%20Donald%20J.-05.08.2026-278T(2).pdf"
2026-02-10,sale,TAKE-TWO INTERACTIVE SOFTWARE INC,"$100,001 - $250,000",False,109,"https://extapps2.oge.gov/201/Presiden.nsf/PAS+Index/405E4EC4E27BE8D185258DF7002DD1C0/$FILE/Trump,%20Donald%20J.-05.08.2026-278T(2).pdf"
2026-02-10,sale,FISERV INC,"$100,001 - $250,000",False,109,"https://extapps2.oge.gov/201/Presiden.nsf/PAS+Index/405E4EC4E27BE8D185258DF7002DD1C0/$FILE/Trump,%20Donald%20J.-05.08.2026-278T(2).pdf"
2026-01-30,sale,TTM TECHNOLOGIES INC,"$100,001 - $250,000",False,109,"https://extapps2.oge.gov/201/Presiden.nsf/PAS+Index/405E4EC4E27BE8D185258DF7002DD1C0/$FILE/Trump,%20Donald%20J.-05.08.2026-278T(2).pdf"
2026-02-10,sale,ARES MANAGEMENT CORPORATION CL A COM,"$100,001 - $250,000",False,109,"https://extapps2.oge.gov/201/Presiden.nsf/PAS+Index/405E4EC4E27BE8D185258DF7002DD1C0/$FILE/Trump,%20Donald%20J.-05.08.2026-278T(2).pdf"
2026-01-12,sale,NETFLIX INC,"$250,001 - $500,000",False,109,"https://extapps2.oge.gov/201/Presiden.nsf/PAS+Index/405E4EC4E27BE8D185258DF7002DD1C0/$FILE/Trump,%20Donald%20J.-05.08.2026-278T(2).pdf"
2026-02-12,sale,ACCENTURE PLC IRELAND F CLASS A,"$250,001 - $500,000",False,109,"https://extapps2.oge.gov/201/Presiden.nsf/PAS+Index/405E4EC4E27BE8D185258DF7002DD1C0/$FILE/Trump,%20Donald%20J.-05.08.2026-278T(2).pdf"
2026-03-18,sale,META PLATFORMS INC CLASS A,"$250,001 - $500,000",False,109,"https://extapps2.oge.gov/201/Presiden.nsf/PAS+Index/405E4EC4E27BE8D185258DF7002DD1C0/$FILE/Trump,%20Donald%20J.-05.08.2026-278T(2).pdf"
2026-02-10,sale,PROGRESSIVE CORP OHIO,"$250,001 - $500,000",False,109,"https://extapps2.oge.gov/201/Presiden.nsf/PAS+Index/405E4EC4E27BE8D185258DF7002DD1C0/$FILE/Trump,%20Donald%20J.-05.08.2026-278T(2).pdf"
2026-03-17,sale,BECTON DICKINSON & CO,"$250,001 - $500,000",False,109,"https://extapps2.oge.gov/201/Presiden.nsf/PAS+Index/405E4EC4E27BE8D185258DF7002DD1C0/$FILE/Trump,%20Donald%20J.-05.08.2026-278T(2).pdf"
2026-03-06,sale,Nvidia Corp Com Solicited Ordor DIICl'Otlon e-ctsod,"$250,001 - $500,000",True,109,"https://extapps2.oge.gov/201/Presiden.nsf/PAS+Index/405E4EC4E27BE8D185258DF7002DD1C0/$FILE/Trump,%20Donald%20J.-05.08.2026-278T(2).pdf"
2026-01-06,sale,"ROPER TECHNOLOGIES, INC","$250,001 - $500,000",False,109,"https://extapps2.oge.gov/201/Presiden.nsf/PAS+Index/405E4EC4E27BE8D185258DF7002DD1C0/$FILE/Trump,%20Donald%20J.-05.08.2026-278T(2).pdf"
2026-03-02,sale,BROADCOM INC UNSOLICITEO,"$250,001 - $500,000",False,110,"https://extapps2.oge.gov/201/Presiden.nsf/PAS+Index/405E4EC4E27BE8D185258DF7002DD1C0/$FILE/Trump,%20Donald%20J.-05.08.2026-278T(2).pdf"
2026-01-08,sale,AUTOZONE INC,"$250,001 - $500,000",True,110,"https://extapps2.oge.gov/201/Presiden.nsf/PAS+Index/405E4EC4E27BE8D185258DF7002DD1C0/$FILE/Trump,%20Donald%20J.-05.08.2026-278T(2).pdf"
2026-02-12,sale,AMAZON.COM INC,"$250,001 - $500,000",False,110,"https://extapps2.oge.gov/201/Presiden.nsf/PAS+Index/405E4EC4E27BE8D185258DF7002DD1C0/$FILE/Trump,%20Donald%20J.-05.08.2026-278T(2).pdf"
2026-02-10,sale,METLIFEINC,"$250,001 - $500,000",False,110,"https://extapps2.oge.gov/201/Presiden.nsf/PAS+Index/405E4EC4E27BE8D185258DF7002DD1C0/$FILE/Trump,%20Donald%20J.-05.08.2026-278T(2).pdf"
2026-02-10,sale,35TT PRUDENTIAL FINANCIAL INC,"$250,001 - $500,000",False,110,"https://extapps2.oge.gov/201/Presiden.nsf/PAS+Index/405E4EC4E27BE8D185258DF7002DD1C0/$FILE/Trump,%20Donald%20J.-05.08.2026-278T(2).pdf"
2026-03-18,sale,MASTERCARD INC CLASS A,"$250,001 - $500,000",False,110,"https://extapps2.oge.gov/201/Presiden.nsf/PAS+Index/405E4EC4E27BE8D185258DF7002DD1C0/$FILE/Trump,%20Donald%20J.-05.08.2026-278T(2).pdf"
2026-01-08,sale,TRANE TECHNOLOGIES .P LC SHS,"$250,001 - $500,000",True,110,"https://extapps2.oge.gov/201/Presiden.nsf/PAS+Index/405E4EC4E27BE8D185258DF7002DD1C0/$FILE/Trump,%20Donald%20J.-05.08.2026-278T(2).pdf"
2026-01-06,sale,ECOLAB INC,"$250,001 - $500,000",False,110,"https://extapps2.oge.gov/201/Presiden.nsf/PAS+Index/405E4EC4E27BE8D185258DF7002DD1C0/$FILE/Trump,%20Donald%20J.-05.08.2026-278T(2).pdf"
2026-03-17,sale,DANAHER CORP,"$500,001 - $1,000,000",False,110,"https://extapps2.oge.gov/201/Presiden.nsf/PAS+Index/405E4EC4E27BE8D185258DF7002DD1C0/$FILE/Trump,%20Donald%20J.-05.08.2026-278T(2).pdf"
2026-02-10,sale,MOODYS CORP COM,"$500,001 - $1,000,000",False,111,"https://extapps2.oge.gov/201/Presiden.nsf/PAS+Index/405E4EC4E27BE8D185258DF7002DD1C0/$FILE/Trump,%20Donald%20J.-05.08.2026-278T(2).pdf"
2026-02-10,sale,PALO ALTO NElWORKS INC,"$500,001 - $1,000,000",False,111,"https://extapps2.oge.gov/201/Presiden.nsf/PAS+Index/405E4EC4E27BE8D185258DF7002DD1C0/$FILE/Trump,%20Donald%20J.-05.08.2026-278T(2).pdf"
2026-02-10,sale,S&P GLOBAL INC,"$500,001 - $1,000,000",False,111,"https://extapps2.oge.gov/201/Presiden.nsf/PAS+Index/405E4EC4E27BE8D185258DF7002DD1C0/$FILE/Trump,%20Donald%20J.-05.08.2026-278T(2).pdf"
2026-02-13,sale,MICROSOFT CORP UNSOLICITED,"$500,001 - $1,000,000",False,111,"https://extapps2.oge.gov/201/Presiden.nsf/PAS+Index/405E4EC4E27BE8D185258DF7002DD1C0/$FILE/Trump,%20Donald%20J.-05.08.2026-278T(2).pdf"
2026-03-17,sale,NVIDIA CORP,"$500,001 - $1,000,000",False,111,"https://extapps2.oge.gov/201/Presiden.nsf/PAS+Index/405E4EC4E27BE8D185258DF7002DD1C0/$FILE/Trump,%20Donald%20J.-05.08.2026-278T(2).pdf"
2026-03-17,sale,NVR INC,"$500,001 - $1,000,000",False,111,"https://extapps2.oge.gov/201/Presiden.nsf/PAS+Index/405E4EC4E27BE8D185258DF7002DD1C0/$FILE/Trump,%20Donald%20J.-05.08.2026-278T(2).pdf"
2026-03-17,sale,BOEING COMPANY COM,"$500,001 - $1,000,000",False,111,"https://extapps2.oge.gov/201/Presiden.nsf/PAS+Index/405E4EC4E27BE8D185258DF7002DD1C0/$FILE/Trump,%20Donald%20J.-05.08.2026-278T(2).pdf"
2026-02-10,sale,PALANTIR TECHNOLOGIES INC CL A,"$1,000,001 - $5,000,000",False,112,"https://extapps2.oge.gov/201/Presiden.nsf/PAS+Index/405E4EC4E27BE8D185258DF7002DD1C0/$FILE/Trump,%20Donald%20J.-05.08.2026-278T(2).pdf"
2026-03-05,sale,STATE STREET COMMUNICATION SERVICES SELECT SECTOR SPDR ETF,"$1,000,001 - $5,000,000",False,112,"https://extapps2.oge.gov/201/Presiden.nsf/PAS+Index/405E4EC4E27BE8D185258DF7002DD1C0/$FILE/Trump,%20Donald%20J.-05.08.2026-278T(2).pdf"
2026-03-17,sale,ACCENTURE PLC,"$1,000,001 - $5,000,000",False,112,"https://extapps2.oge.gov/201/Presiden.nsf/PAS+Index/405E4EC4E27BE8D185258DF7002DD1C0/$FILE/Trump,%20Donald%20J.-05.08.2026-278T(2).pdf"
2026-01-23,sale,!SHARES CORE S&P 500 ETF,"$1,000,001 - $5,000,000",False,112,"https://extapps2.oge.gov/201/Presiden.nsf/PAS+Index/405E4EC4E27BE8D185258DF7002DD1C0/$FILE/Trump,%20Donald%20J.-05.08.2026-278T(2).pdf"
2026-03-15,sale,STATE STREET SPDR S&P 500 ETF TRUST,"$1,000,001 - $5,000,000",True,112,"https://extapps2.oge.gov/201/Presiden.nsf/PAS+Index/405E4EC4E27BE8D185258DF7002DD1C0/$FILE/Trump,%20Donald%20J.-05.08.2026-278T(2).pdf"
2026-03-19,sale,VANGUARD S&P 500 ETF UNSOLICITED,"$1,000,001 - $5,000,000",False,112,"https://extapps2.oge.gov/201/Presiden.nsf/PAS+Index/405E4EC4E27BE8D185258DF7002DD1C0/$FILE/Trump,%20Donald%20J.-05.08.2026-278T(2).pdf"
2026-01-12,sale,VANGUARD DIVIDEND APPRECIATION ETF,"$5,000,001 - $25,000,000",False,112,"https://extapps2.oge.gov/201/Presiden.nsf/PAS+Index/405E4EC4E27BE8D185258DF7002DD1C0/$FILE/Trump,%20Donald%20J.-05.08.2026-278T(2).pdf"
2026-02-10,sale,"Mota Plalfonns, Inc","$5,000,001 - $25,000,000",False,112,"https://extapps2.oge.gov/201/Presiden.nsf/PAS+Index/405E4EC4E27BE8D185258DF7002DD1C0/$FILE/Trump,%20Donald%20J.-05.08.2026-278T(2).pdf"
2026-02-10,sale,MICROSOFT CORP COM,"$5,000,001 - $25,000,000",False,112,"https://extapps2.oge.gov/201/Presiden.nsf/PAS+Index/405E4EC4E27BE8D185258DF7002DD1C0/$FILE/Trump,%20Donald%20J.-05.08.2026-278T(2).pdf"
